{
	"credit": "Made with Blockbench, Modeler: DMTHGM",
	"texture_size": [64, 32],
	"textures": {
		"0": "item/carrot_on_a_stick/4",
		"particle": "item/carrot_on_a_stick/4"
	},
	"elements": [
		{
			"name": "inner",
			"from": [4, 18, 4],
			"to": [12, 26, 12],
			"rotation": {"angle": 0, "axis": "y", "origin": [8, 22, 8]},
			"faces": {
				"north": {"uv": [2, 4, 4, 8], "texture": "#0"},
				"east": {"uv": [0, 4, 2, 8], "texture": "#0"},
				"south": {"uv": [6, 4, 8, 8], "texture": "#0"},
				"west": {"uv": [4, 4, 6, 8], "texture": "#0"},
				"up": {"uv": [2, 0, 4, 4], "texture": "#0"},
				"down": {"uv": [4, 0, 6, 4], "texture": "#0"}
			}
		},
		{
			"name": "outer",
			"from": [3.5, 17.5, 3.5],
			"to": [12.5, 26.5, 12.5],
			"rotation": {"angle": 0, "axis": "y", "origin": [8, 22, 8]},
			"faces": {
				"north": {"uv": [10, 4, 12, 8], "texture": "#0"},
				"east": {"uv": [8, 4, 10, 8], "texture": "#0"},
				"south": {"uv": [14, 4, 16, 8], "texture": "#0"},
				"west": {"uv": [12, 4, 14, 8], "texture": "#0"},
				"up": {"uv": [10, 0, 12, 4], "texture": "#0"},
				"down": {"uv": [12, 0, 14, 4], "texture": "#0"}
			}
		},
		{
			"name": "ring",
			"from": [6, 16, 6],
			"to": [10, 18, 10],
			"rotation": {"angle": 0, "axis": "y", "origin": [8, 17, 8]},
			"faces": {
				"north": {"uv": [1, 8, 2, 9], "texture": "#0"},
				"east": {"uv": [1, 8, 2, 9], "texture": "#0"},
				"south": {"uv": [1, 8, 2, 9], "texture": "#0"},
				"west": {"uv": [1, 8, 2, 9], "texture": "#0"},
				"down": {"uv": [0, 8, 1, 10], "texture": "#0"}
			}
		},
		{
			"name": "wand",
			"from": [7, 4, 7],
			"to": [9, 16, 9],
			"rotation": {"angle": 0, "axis": "y", "origin": [8, 10, 8]},
			"faces": {
				"north": {"uv": [0, 10, 0.5, 16], "texture": "#0"},
				"east": {"uv": [0, 10, 0.5, 16], "texture": "#0"},
				"south": {"uv": [0, 10, 0.5, 16], "texture": "#0"},
				"west": {"uv": [0, 10, 0.5, 16], "texture": "#0"}
			}
		},
		{
			"name": "pommel",
			"from": [6, 0, 6],
			"to": [10, 4, 10],
			"rotation": {"angle": 0, "axis": "y", "origin": [8, 2, 8]},
			"faces": {
				"north": {"uv": [1, 9, 2, 11], "texture": "#0"},
				"east": {"uv": [1, 9, 2, 11], "texture": "#0"},
				"south": {"uv": [1, 9, 2, 11], "texture": "#0"},
				"west": {"uv": [1, 9, 2, 11], "texture": "#0"},
				"up": {"uv": [1, 9, 2, 11], "texture": "#0"},
				"down": {"uv": [1, 9, 2, 11], "texture": "#0"}
			}
		}
	],
	"display": {
		"thirdperson_righthand": {
			"rotation": [25, 0, 0],
			"translation": [0, -1.5, -0.25],
			"scale": [0.65, 0.65, 0.65]
		},
		"thirdperson_lefthand": {
			"rotation": [25, 0, 0],
			"translation": [0, -1.5, -0.25],
			"scale": [0.65, 0.65, 0.65]
		},
		"firstperson_righthand": {
			"rotation": [-25, 0, 0],
			"translation": [0.5, 0.25, 2.25],
			"scale": [0.65, 0.65, 0.65]
		},
		"firstperson_lefthand": {
			"rotation": [-25, 0, 0],
			"translation": [0.5, 0.25, 2.25],
			"scale": [0.65, 0.65, 0.65]
		},
		"ground": {
			"rotation": [0, 0, -45],
			"scale": [0.4, 0.4, 0.4]
		},
		"gui": {
			"rotation": [0, -136.75, 30],
			"translation": [-1.75, -2.5, 0],
			"scale": [0.525, 0.525, 0.525]
		},
		"head": {
			"translation": [0, -2.25, 0]
		},
		"fixed": {
			"translation": [0, -8.5, -4]
		}
	},
	"groups": [
		{
			"name": "skull",
			"origin": [4, 4, 4],
			"children": [0, 1]
		}, 2, 3, 4]
}