{
	"credit": "Made with Blockbench",
	"textures": {
		"1": "entity/illager/z_oi_demon_idol_on_texture"
	},
	"elements": [
		{
			"from": [11, 7.17995, 2.3368],
			"to": [12, 11.17995, 4.3368],
			"rotation": {"angle": -22.5, "axis": "x", "origin": [8.5, 8.23367, 3.05719]},
			"faces": {
				"north": {"uv": [11, 0, 12, 4], "texture": "#1"},
				"east": {"uv": [10, 0, 12, 4], "texture": "#1"},
				"south": {"uv": [10, 0, 11, 4], "texture": "#1"},
				"west": {"uv": [10, 0, 12, 4], "texture": "#1"},
				"up": {"uv": [10, 0, 11, 2], "texture": "#1"},
				"down": {"uv": [0, 0, 1, 2], "texture": "#1"}
			}
		},
		{
			"from": [5, 7.17995, 2.3368],
			"to": [6, 11.17995, 4.3368],
			"rotation": {"angle": -22.5, "axis": "x", "origin": [8.5, 8.23367, 3.05719]},
			"faces": {
				"north": {"uv": [11, 0, 12, 4], "texture": "#1"},
				"east": {"uv": [10, 0, 12, 4], "texture": "#1"},
				"south": {"uv": [10, 0, 11, 4], "texture": "#1"},
				"west": {"uv": [10, 0, 12, 4], "texture": "#1"},
				"up": {"uv": [10, 0, 11, 2], "texture": "#1"},
				"down": {"uv": [0, 0, 1, 2], "texture": "#1"}
			}
		},
		{
			"from": [6, 3.5, 2],
			"to": [11, 9.5, 6],
			"rotation": {"angle": 22.5, "axis": "x", "origin": [8.5, 8.23367, 3.05719]},
			"faces": {
				"north": {"uv": [0, 0, 5, 6], "texture": "#1"},
				"east": {"uv": [5, 0, 10, 6], "texture": "#1"},
				"south": {"uv": [5, 0, 10, 6], "texture": "#1"},
				"west": {"uv": [5, 0, 10, 6], "texture": "#1"},
				"up": {"uv": [5, 0, 10, 4], "texture": "#1"},
				"down": {"uv": [5, 0, 10, 4], "texture": "#1"}
			}
		},
		{
			"from": [6, 2.5, 5],
			"to": [11, 7.5, 13],
			"rotation": {"angle": 0, "axis": "y", "origin": [16, 11, 13]},
			"faces": {
				"north": {"uv": [3, 11, 8, 16], "texture": "#1"},
				"east": {"uv": [0, 11, 8, 16], "texture": "#1"},
				"south": {"uv": [3, 11, 8, 16], "texture": "#1"},
				"west": {"uv": [0, 11, 8, 16], "texture": "#1"},
				"up": {"uv": [0, 11, 8, 16], "rotation": 90, "texture": "#1"},
				"down": {"uv": [0, 11, 8, 16], "rotation": 90, "texture": "#1"}
			}
		},
		{
			"from": [9.5, 0, 4.5],
			"to": [12.5, 8, 7.5],
			"rotation": {"angle": 0, "axis": "y", "origin": [19, 7, 14]},
			"faces": {
				"north": {"uv": [13, 0, 16, 8], "texture": "#1"},
				"east": {"uv": [13, 0, 16, 8], "texture": "#1"},
				"south": {"uv": [13, 0, 16, 8], "texture": "#1"},
				"west": {"uv": [13, 0, 16, 8], "texture": "#1"},
				"up": {"uv": [13, 0, 16, 3], "rotation": 90, "texture": "#1"},
				"down": {"uv": [13, 0, 16, 3], "texture": "#1"}
			}
		},
		{
			"from": [9.5, 0, 10.5],
			"to": [12.5, 8, 13.5],
			"rotation": {"angle": 0, "axis": "y", "origin": [19, 7, 20]},
			"faces": {
				"north": {"uv": [13, 0, 16, 8], "texture": "#1"},
				"east": {"uv": [13, 0, 16, 8], "texture": "#1"},
				"south": {"uv": [13, 0, 16, 8], "texture": "#1"},
				"west": {"uv": [13, 0, 16, 8], "texture": "#1"},
				"up": {"uv": [13, 0, 16, 3], "rotation": 90, "texture": "#1"},
				"down": {"uv": [13, 0, 16, 3], "texture": "#1"}
			}
		},
		{
			"from": [4.5, 0, 4.5],
			"to": [7.5, 8, 7.5],
			"rotation": {"angle": 0, "axis": "y", "origin": [14, 7, 14]},
			"faces": {
				"north": {"uv": [13, 0, 16, 8], "texture": "#1"},
				"east": {"uv": [13, 0, 16, 8], "texture": "#1"},
				"south": {"uv": [13, 0, 16, 8], "texture": "#1"},
				"west": {"uv": [13, 0, 16, 8], "texture": "#1"},
				"up": {"uv": [13, 0, 16, 3], "rotation": 270, "texture": "#1"},
				"down": {"uv": [13, 0, 16, 3], "texture": "#1"}
			}
		},
		{
			"from": [4.5, 0, 10.5],
			"to": [7.5, 8, 13.5],
			"rotation": {"angle": 0, "axis": "y", "origin": [14, 7, 20]},
			"faces": {
				"north": {"uv": [13, 0, 16, 8], "texture": "#1"},
				"east": {"uv": [13, 0, 16, 8], "texture": "#1"},
				"south": {"uv": [13, 0, 16, 8], "texture": "#1"},
				"west": {"uv": [13, 0, 16, 8], "texture": "#1"},
				"up": {"uv": [13, 0, 16, 3], "rotation": 270, "texture": "#1"},
				"down": {"uv": [13, 0, 16, 3], "texture": "#1"}
			}
		}
	],
	"display": {
		"thirdperson_righthand": {
			"rotation": [90, 0, 0],
			"translation": [0, 0, 0.5],
			"scale": [0.8, 0.8, 0.8]
		},
		"thirdperson_lefthand": {
			"rotation": [90, 0, 0],
			"translation": [0, 0, 0.5],
			"scale": [0.8, 0.8, 0.8]
		},
		"firstperson_righthand": {
			"rotation": [20, 45, 0],
			"translation": [0, 3, 0]
		},
		"firstperson_lefthand": {
			"rotation": [30.5, 25, 0],
			"translation": [4.5, 3, 0]
		},
		"ground": {
			"scale": [0.5, 0.5, 0.5]
		},
		"gui": {
			"rotation": [40, 145, 0],
			"translation": [0.25, 2, 0]
		},
		"head": {
			"translation": [0, -24.5, -3.5],
			"scale": [3, 3, 3]
		}
	},
	"groups": [
		{
			"name": "idol",
			"origin": [16, 11, 11],
			"children": [0, 1, 2, 3, 4, 5, 6, 7]
		}
	]
}