{
	"credit": "Made with Blockbench, Modeler: DMTHGM",
	"texture_size": [61, 16],
	"textures": {
		"head": "entity/illager/vindicator_head",
		"crown": "entity/illager/piglin_crown",
		"particle": "entity/illager/vindicator_head"
	},
	"elements": [
		{
			"name": "head",
			"from": [3, 0, 4],
			"to": [13, 8, 12],
			"rotation": {"angle": 0, "axis": "y", "origin": [8, 4, 8]},
			"faces": {
				"north": {"uv": [2.0981, 7.999, 4.72079, 15.997], "texture": "#head"},
				"east": {"uv": [0, 7.999, 2.0981, 15.996], "texture": "#head"},
				"south": {"uv": [6.81967, 7.999, 9.4421, 15.997], "texture": "#head"},
				"west": {"uv": [4.72105, 7.999, 6.81915, 15.997], "texture": "#head"},
				"up": {"uv": [2.0981, 0, 4.72079, 7.999], "texture": "#head"},
				"down": {"uv": [4.72105, 0, 7.34374, 7.999], "texture": "#head"}
			}
		},
		{
			"name": "snout",
			"from": [6, 0, 3],
			"to": [10, 4, 4],
			"rotation": {"angle": 0, "axis": "y", "origin": [8, 2, 3.5]},
			"faces": {
				"north": {"uv": [8.39318, 1.999, 9.4421, 5.998], "texture": "#head"},
				"east": {"uv": [8.13115, 1.999, 8.39318, 5.998], "texture": "#head"},
				"south": {"uv": [9.70466, 1.999, 10.75384, 5.998], "texture": "#head"},
				"west": {"uv": [9.44262, 1.999, 9.70466, 5.998], "texture": "#head"},
				"up": {"uv": [8.39318, 1, 9.4421, 1.999], "texture": "#head"},
				"down": {"uv": [9.44262, 1, 10.49154, 1.999], "texture": "#head"}
			}
		},
		{
			"name": "right_tusk",
			"from": [10, 0, 3],
			"to": [11, 2, 4],
			"rotation": {"angle": 0, "axis": "y", "origin": [10.5, 1, 3.5]},
			"faces": {
				"north": {"uv": [0.78689, 1, 1.04918, 2.999], "texture": "#head"},
				"east": {"uv": [1.31148, 1, 1.57377, 3], "texture": "#head"},
				"south": {"uv": [1.04918, 1, 1.31121, 2.999], "texture": "#head"},
				"west": {"uv": [0.52459, 1, 0.78689, 3], "texture": "#head"},
				"up": {"uv": [0.78689, 0, 1.04918, 1], "texture": "#head"},
				"down": {"uv": [0.78689, 4, 1.04918, 5], "texture": "#head"}
			}
		},
		{
			"name": "left_tusk",
			"from": [5, 0, 3],
			"to": [6, 2, 4],
			"rotation": {"angle": 0, "axis": "y", "origin": [5.5, 1, 3.5]},
			"faces": {
				"north": {"uv": [0.78689, 5, 1.04918, 6.999], "texture": "#head"},
				"east": {"uv": [1.31148, 5, 1.57377, 7], "texture": "#head"},
				"south": {"uv": [1.04918, 5, 1.31121, 6.999], "texture": "#head"},
				"west": {"uv": [0.52459, 5, 0.78689, 7], "texture": "#head"},
				"up": {"uv": [0.78689, 4, 1.04918, 5], "texture": "#head"},
				"down": {"uv": [1.04918, 4, 1.31148, 5], "texture": "#head"}
			}
		},
		{
			"name": "right_ear",
			"from": [12.5, 1.5, 6],
			"to": [13.5, 6.5, 10],
			"rotation": {"angle": 22.5, "axis": "z", "origin": [12.5, 6.5, 8]},
			"faces": {
				"north": {"uv": [14.42597, 10, 14.688, 14.999], "texture": "#head"},
				"east": {"uv": [13.37679, 10, 14.4257, 14.999], "texture": "#head"},
				"south": {"uv": [14.68852, 10, 14.95003, 14.998], "texture": "#head"},
				"west": {"uv": [14.95082, 10, 15.99974, 14.999], "texture": "#head"},
				"up": {"uv": [14.42597, 6, 14.688, 9.999], "texture": "#head"},
				"down": {"uv": [14.68852, 6, 14.9503, 9.999], "texture": "#head"}
			}
		},
		{
			"name": "left_ear",
			"from": [2.5, 1.5, 6],
			"to": [3.5, 6.5, 10],
			"rotation": {"angle": -22.5, "axis": "z", "origin": [2.5, 6.5, 8]},
			"faces": {
				"north": {"uv": [11.54072, 10, 11.80275, 14.998], "texture": "#head"},
				"east": {"uv": [11.80302, 10, 12.85193, 14.999], "texture": "#head"},
				"south": {"uv": [11.27843, 10, 11.54046, 14.999], "texture": "#head"},
				"west": {"uv": [10.22951, 10, 11.27843, 14.999], "texture": "#head"},
				"up": {"uv": [11.27843, 6, 11.53993, 9.999], "texture": "#head"},
				"down": {"uv": [11.54072, 6, 11.80275, 9.999], "texture": "#head"}
			}
		},
		{
			"from": [0.4, 1, 7.5],
			"to": [2.4, 3, 8.5],
			"rotation": {"angle": -22.5, "axis": "z", "origin": [1.5, 2.5, 7.5]},
			"faces": {
				"north": {"uv": [15.47541, 0, 15.99974, 2], "rotation": 90, "texture": "#head"},
				"east": {"uv": [15.47541, 1, 15.99974, 1.998], "rotation": 90, "texture": "#head"},
				"south": {"uv": [15.47541, 0, 15.99974, 2], "texture": "#head"},
				"west": {"uv": [15.47541, 0, 15.99974, 1], "rotation": 90, "texture": "#head"},
				"up": {"uv": [15.47541, 0, 15.73744, 2], "rotation": 270, "texture": "#head"},
				"down": {"uv": [15.73744, 0, 15.99974, 2], "rotation": 270, "texture": "#head"}
			}
		},
		{
			"name": "crown_south",
			"from": [2.5, 5.5, 12.5],
			"to": [13.5, 9.5, 12.5],
			"rotation": {"angle": 0, "axis": "y", "origin": [8, 7.5, 12.5]},
			"faces": {
				"north": {"uv": [6.81967, 0.999, 9.44184, 4.999], "texture": "#crown"},
				"east": {"uv": [0, 0, 0, 0], "texture": "#crown"},
				"south": {"uv": [6.81941, 1, 9.4421, 5], "texture": "#crown"},
				"west": {"uv": [0, 0, 0, 0], "texture": "#crown"},
				"up": {"uv": [0, 0, 0, 0], "texture": "#crown"},
				"down": {"uv": [0, 0, 0, 0], "texture": "#crown"}
			}
		},
		{
			"name": "crown_north",
			"from": [2.5, 5.5, 3.5],
			"to": [13.5, 9.5, 3.5],
			"rotation": {"angle": 0, "axis": "y", "origin": [8, 7.5, 3.5]},
			"faces": {
				"north": {"uv": [2.09836, 1, 4.72079, 5], "texture": "#crown"},
				"east": {"uv": [0, 1, 2.0981, 5], "texture": "#crown"},
				"south": {"uv": [2.0981, 0.999, 4.72026, 4.999], "texture": "#crown"},
				"west": {"uv": [4.72131, 1, 6.81915, 5], "texture": "#crown"},
				"up": {"uv": [0, 7, 2.88498, 15.998], "texture": "#crown"},
				"down": {"uv": [2.88498, 7, 5.77023, 15.998], "texture": "#crown"}
			}
		},
		{
			"name": "crown_east",
			"from": [13.5, 5.5, 3.5],
			"to": [13.5, 9.5, 12.5],
			"rotation": {"angle": 0, "axis": "y", "origin": [14, 7.5, 9.5]},
			"faces": {
				"north": {"uv": [0, 1, 2.0981, 5], "texture": "#crown"},
				"east": {"uv": [0, 0.999, 2.09731, 4.996], "texture": "#crown"},
				"south": {"uv": [4.72131, 1, 6.81915, 5], "texture": "#crown"},
				"west": {"uv": [0, 0.999, 2.09731, 4.999], "texture": "#crown"},
				"up": {"uv": [0, 7, 2.88498, 15.998], "rotation": 270, "texture": "#crown"},
				"down": {"uv": [2.88498, 7, 5.77023, 15.998], "rotation": 90, "texture": "#crown"}
			}
		},
		{
			"name": "crown_west",
			"from": [2.5, 5.5, 3.5],
			"to": [2.5, 9.5, 12.5],
			"rotation": {"angle": 0, "axis": "y", "origin": [3, 7.5, 9.5]},
			"faces": {
				"north": {"uv": [0, 1, 2.0981, 5], "texture": "#crown"},
				"east": {"uv": [4.72105, 0.999, 6.81836, 4.996], "texture": "#crown"},
				"south": {"uv": [4.72131, 1, 6.81915, 5], "texture": "#crown"},
				"west": {"uv": [4.72105, 0.999, 6.81836, 4.999], "texture": "#crown"},
				"up": {"uv": [0, 7, 2.88498, 15.998], "rotation": 270, "texture": "#crown"},
				"down": {"uv": [2.88498, 7, 5.77023, 15.998], "rotation": 90, "texture": "#crown"}
			}
		}
	],
	"display": {
		"thirdperson_righthand": {
			"rotation": [45, 45, 0],
			"translation": [0, 2, -0.5],
			"scale": [0.7, 0.7, 0.7]
		},
		"thirdperson_lefthand": {
			"rotation": [80, 0, 0],
			"translation": [0, -4.5, 0],
			"scale": [0.7, 0.7, 0.7]
		},
		"firstperson_righthand": {
			"rotation": [0, -180, 0],
			"translation": [-9, 13, -0.75],
			"scale": [1.3, 1.3, 1.3]
		},
		"firstperson_lefthand": {
			"rotation": [0, -180, 0],
			"translation": [-9, 13, -0.17],
			"scale": [1.3, 1.3, 1.3]
		},
		"ground": {
			"translation": [0, 5, 0]
		},
		"gui": {
			"rotation": [40, -135, 0],
			"translation": [0, 3, 0]
		},
		"head": {
			"translation": [0, 7, 0],
			"scale": [1.7, 1.7, 1.7]
		},
		"fixed": {
			"translation": [0, 7.5, -6],
			"scale": [1.7, 1.7, 1.7]
		}
	},
	"groups": [
		{
			"name": "piglin_king_head",
			"origin": [8, 4, 8],
			"children": [0,
				{
					"name": "snout",
					"origin": [8, 2, 3.5],
					"children": [1, 2, 3]
				},
				{
					"name": "ears",
					"origin": [8, 8, 8],
					"children": [4, 5, 6]
				},
				{
					"name": "crown",
					"origin": [8, 7.5, 3.5],
					"children": [7, 8, 9, 10]
				}
			]
		}
	]
}