{
	"credit": "Made with Blockbench",
	"texture_size": [48, 40],
	"textures": {
		"0": "entity/orda-ns-soul/wandering_soul",
		"particle": "entity/orda-ns-soul/wandering_soul"
	},
	"elements": [
		{
			"name": "Head",
			"from": [2, 0, 2],
			"to": [14, 12, 14],
			"rotation": {"angle": 0, "axis": "y", "origin": [8, 6, 8]},
			"faces": {
				"north": {"uv": [2.66667, 12.8, 5.33333, 16], "texture": "#0"},
				"east": {"uv": [0, 12.8, 2.66667, 16], "texture": "#0"},
				"south": {"uv": [8, 12.8, 10.66667, 16], "texture": "#0"},
				"west": {"uv": [5.33333, 12.8, 8, 16], "texture": "#0"},
				"up": {"uv": [2.66667, 9.6, 5.33333, 12.8], "texture": "#0"},
				"down": {"uv": [5.33333, 9.6, 8, 12.8], "texture": "#0"}
			}
		},
		{
			"name": "Cloth North",
			"from": [3, -14.5, 6.5],
			"to": [13, 1.5, 6.5],
			"rotation": {"angle": -22.5, "axis": "x", "origin": [8, -6.52505, 6.43136]},
			"faces": {
				"north": {"uv": [13.33333, 9.6, 16, 16], "texture": "#0"},
				"south": {"uv": [16, 9.6, 13.33333, 16], "texture": "#0"}
			}
		},
		{
			"name": "Cloth_south",
			"from": [3, -10.8, 15.6],
			"to": [13, 5.2, 15.6],
			"rotation": {"angle": -22.5, "axis": "x", "origin": [8, -2.52505, 15.43136]},
			"faces": {
				"north": {"uv": [16, 9.6, 13.33333, 16], "texture": "#0"},
				"south": {"uv": [13.33333, 9.6, 16, 16], "texture": "#0"}
			}
		},
		{
			"name": "Cloth_east",
			"from": [13, -12.4, 6.15],
			"to": [13, 3.6, 16.15],
			"rotation": {"angle": -22.5, "axis": "x", "origin": [13, -4.68506, 11.52865]},
			"faces": {
				"east": {"uv": [13.33333, 9.6, 16, 16], "texture": "#0"},
				"west": {"uv": [16, 9.6, 13.33333, 16], "texture": "#0"}
			}
		},
		{
			"name": "Cloth_west",
			"from": [3, -12.4, 6.5],
			"to": [3, 3.6, 16.5],
			"rotation": {"angle": -22.5, "axis": "x", "origin": [3, -5.68506, 11.52865]},
			"faces": {
				"east": {"uv": [16, 9.6, 13.33333, 16], "texture": "#0"},
				"west": {"uv": [15.99933, 9.6, 13.33333, 16], "texture": "#0"}
			}
		}
	],
	"display": {
		"thirdperson_righthand": {
			"rotation": [75, 45, 0],
			"translation": [0, 2.5, 0],
			"scale": [0.375, 0.375, 0.375]
		},
		"thirdperson_lefthand": {
			"rotation": [75, 45, 0],
			"translation": [0, 2.5, 0],
			"scale": [0.375, 0.375, 0.375]
		},
		"firstperson_righthand": {
			"rotation": [-45, 120, 0],
			"translation": [0, 3, 0],
			"scale": [0.4, 0.4, 0.4]
		},
		"firstperson_lefthand": {
			"rotation": [-45, 120, 0],
			"translation": [0, 3, 0],
			"scale": [0.4, 0.4, 0.4]
		},
		"ground": {
			"scale": [0.25, 0.25, 0.25]
		},
		"gui": {
			"rotation": [30, 225, 0],
			"translation": [0, 1.5, 0],
			"scale": [0.625, 0.625, 0.625]
		},
		"head": {
			"scale": [2, 2, 2]
		},
		"fixed": {
			"scale": [0.5, 0.5, 0.5]
		}
	},
	"groups": [0,
		{
			"name": "cloth",
			"origin": [8, 6, 8],
			"children": [1, 2, 3, 4]
		}
	]
}