{
  "config": {
    "feature": {
      "config": {
        "feature": {
          "config": {
            "feature": {
              "config": {
                "chance_of_dripstone_column_at_max_distance_from_center": 0.1,
                "max_distance_from_edge_affecting_chance_of_dripstone_column": 3,
                "max_distance_from_center_affecting_height_bias": 8,
                "dripstone_block_layer_thickness": {
                  "base": 2,
                  "spread": 2
                },
                "density": {
                  "type": "minecraft:uniform",
                  "value": {
                    "base": 0.3,
                    "spread": 0.4
                  }
                },
                "wetness": {
                  "type": "minecraft:clamped_normal",
                  "value": {
                    "mean": 0,
                    "deviation": 0,
                    "min": 0,
                    "max": 0
                  }
                },
                "radius": {
                  "base": 8,
                  "spread": 2
                },
                "max_stalagmite_stalactite_height_diff": 1,
                "height_deviation": 8,
                "floor_to_ceiling_search_range": 16,
                "height": {
                  "base": 8,
                  "spread": 2
                }
              },
              "type": "minecraft:dripstone_cluster"
            },
            "decorator": {
              "config": {
                "bottom_inclusive": {
                  "above_bottom": 1
                },
                "top_inclusive": {
                  "below_top": 1
                }
              },
              "type": "minecraft:range"
            }
          },
          "type": "minecraft:decorated"
        },
        "decorator": {
          "config": {},
          "type": "minecraft:square"
        }
      },
      "type": "minecraft:decorated"
    },
    "decorator": {
      "config": {
        "count": {
          "base": 4,
          "spread": 2
        }
      },
      "type": "minecraft:count"
    }
  },
  "type": "minecraft:decorated"
}