{
  "type": "minecraft:decorated",
  "config": {
    "decorator": {
      "type": "minecraft:count",
      "config": {
        "count": {
          "base": 1,
          "spread": 2
        }
      }
    },
    "feature": {
      "type": "minecraft:decorated",
      "config": {
        "decorator": {
          "type": "minecraft:square",
          "config": {}
        },
        "feature": {
          "type": "minecraft:decorated",
          "config": {
            "decorator": {
              "type": "minecraft:range",
              "config": {
                "bottom_inclusive": {
                  "above_bottom": 1
                },
                "top_inclusive": {
                  "below_top": 1
                }
              }
            },
            "feature": {
              "type": "minecraft:large_dripstone",
              "config": {
                "floor_to_ceiling_search_range": 64,
                "column_radius": {
                  "base": 4,
                  "spread": 5
                },
                "height_scale": {
                  "type": "minecraft:uniform",
                  "value": {
                    "base": 8,
                    "spread": 1
                  }
                },
                "max_column_radius_to_cave_height_ratio": 0.33,
                "stalactite_bluntness": {
                  "type": "minecraft:uniform",
                  "value": {
                    "base": 5,
                    "spread": 1
                  }
                },
                "stalagmite_bluntness": {
                  "type": "minecraft:uniform",
                  "value": {
                    "base": 5,
                    "spread": 1
                  }
                },
                "wind_speed": {
                  "type": "minecraft:uniform",
                  "value": {
                    "base": 0,
                    "spread": 0
                  }
                },
                "min_radius_for_wind": 4,
                "min_bluntness_for_wind": 0.6
              }
            }
          }
        }
      }
    }
  }
}