{
    "type": "minecraft:decorated",
    "config": {
      "decorator": {
        "type": "minecraft:decorated",
        "config": {
          "outer": {
            "type": "minecraft:count",
            "config": {
              "count": {
                "type": "minecraft:uniform",
                "value": {
                  "min_inclusive": 8,
                  "max_inclusive": 16
                }
              }
            }
          },
          "inner": {
            "type": "minecraft:decorated",
            "config": {
              "outer": {
                "type": "minecraft:square",
                "config": {}
              },
              "inner": {
                "type": "minecraft:range",
                "config": {
                  "height": {
                    "type": "minecraft:trapezoid",
                    "min_inclusive": {
                      "absolute": 0
                    },
                    "max_inclusive": {
                      "absolute": 128
                    }
                  }
                }
              }
            }
          }
        }
      },
      "feature": {
        "type": "minecraft:ore",
        "config": {
          "size": 16,
          "discard_chance_on_air_exposure": 0,
          "targets": [
            {
              "target": {
                "predicate_type": "minecraft:block_match",
                "block": "minecraft:terracotta"
              },
              "state": {
                "Name": "minecraft:clay"
              }
            },
            {
              "target": {
                "predicate_type": "minecraft:block_match",
                "block": "minecraft:soul_soil"
              },
              "state": {
                "Name": "minecraft:clay"
              }
            },
            {
              "target": {
                "predicate_type": "minecraft:block_match",
                "block": "minecraft:soul_sand"
              },
              "state": {
                "Name": "minecraft:clay"
              }
            }
          ]
        }
      }
    }
  }