{
  "surface_builder": "inferno:soul_sand_valley",
  "depth": 0.1,
  "scale": 0.2,
  "temperature": 2,
  "downfall": 0,
  "precipitation": "none",
  "category": "nether",
  "effects": {
    "sky_color": 7254527,
    "fog_color": 1787717,
    "water_color": 4159204,
    "water_fog_color": 329011,
    "ambient_sound": "minecraft:ambient.soul_sand_valley.loop",
    "mood_sound": {
      "sound": "minecraft:ambient.soul_sand_valley.mood",
      "tick_delay": 6000,
      "block_search_extent": 8,
      "offset": 2
    },
    "additions_sound": {
      "sound": "minecraft:ambient.soul_sand_valley.additions",
      "tick_chance": 0.0111
    },
    "music": {
      "sound": "minecraft:music.nether.soul_sand_valley",
      "min_delay": 12000,
      "max_delay": 24000,
      "replace_current_music": false
    },
    "particle": {
      "options": {
        "type": "minecraft:ash"
      },
      "probability": 0.00625
    }
  },
  "starts": [
    "minecraft:nether_fossil",
    "inferno:soul_island",
    "inferno:soul_ziggurat"
  ],
  "spawners": {
    "monster": [
      {
        "type": "minecraft:skeleton",
        "weight": 15,
        "minCount": 5,
        "maxCount": 5
      },
      {
        "type": "minecraft:ghast",
        "weight": 50,
        "minCount": 4,
        "maxCount": 4
      },
      {
        "type": "minecraft:enderman",
        "weight": 7,
        "minCount": 4,
        "maxCount": 4
      }
    ],
    "creature": [
      {
        "type": "minecraft:strider",
        "weight": 60,
        "minCount": 1,
        "maxCount": 2
      }
    ],
    "ambient": [],
    "water_creature": [],
    "water_ambient": [],
    "misc": []
  },
  "spawn_costs": {
    "minecraft:skeleton": {
      "energy_budget": 0.15,
      "charge": 0.7
    },
    "minecraft:ghast": {
      "energy_budget": 0.15,
      "charge": 0.7
    },
    "minecraft:enderman": {
      "energy_budget": 0.15,
      "charge": 0.7
    },
    "minecraft:strider": {
      "energy_budget": 0.15,
      "charge": 0.7
    }
  },
  "carvers": {},
  "features": [
    [
      "inferno:base/rachte_terrain_0",
      "inferno:base/rachte_terrain_1",
      "inferno:base/rachte_terrain_2",
      "inferno:base/rachite_spikes",
      "inferno:base/rachite_spikes",
      "inferno:base/rachite_spikes",
      "inferno:base/rachite_spikes_large_base",
      "inferno:base/rachite_spikes_large",
      "inferno:base/ore_orichalcum",
      "inferno:base/orichalcum_cluster"
    ],
    [
      "minecraft:basalt_pillar",
      "minecraft:basalt_pillar",
      "minecraft:basalt_pillar",
      "inferno:base/scoria",
      "inferno:base/rachite"
    ],
    [
      "minecraft:spring_open",
      "minecraft:patch_fire",
      "minecraft:patch_soul_fire",
      "inferno:soul_sand_valley/patch_gourds",
      "minecraft:ore_magma",
      "minecraft:spring_closed",
      "minecraft:ore_soul_sand",
      "minecraft:ore_gravel_nether",
      "minecraft:ore_blackstone",
      "inferno:soul_sand_valley/netherrack_to_soulstone",
      "inferno:soul_sand_valley/moonstone_stalactites_small"
    ],
    [
      "inferno:soul_sand_valley/ore_anirrum",
      "minecraft:spring_lava"
    ]
  ]
}
