{
    "pools": [
      {
        "rolls": 1,
        "entries": [
          {
            "type": "minecraft:item",
            "weight": 1,
            "name": "minecraft:pumpkin_pie"
          },
          {
            "type": "minecraft:item",
            "weight": 20,
            "name": "minecraft:crimson_roots"
          },
          {
            "type": "minecraft:item",
            "weight": 20,
            "name": "minecraft:crimson_fungus"
          },
          {
            "type": "minecraft:item",
            "weight": 15,
            "name": "minecraft:weeping_vines"
          },
          {
            "type": "minecraft:item",
            "weight": 10,
            "name": "minecraft:potato"
          },
          {
            "type": "minecraft:item",
            "weight": 5,
            "name": "minecraft:spider_eye"
          },
          {
            "type": "minecraft:item",
            "weight": 5,
            "name": "minecraft:gold_nugget"
          },
          {
            "type": "minecraft:item",
            "weight": 10,
            "name": "minecraft:netherrack"
          },
          {
            "type": "minecraft:item",
            "weight": 7,
            "name": "minecraft:nether_wart"
          }
        ]
      }
    ]
  }
  