{
    "pools": [
      {
        "rolls": 1,
        "entries": [
          {
            "type": "minecraft:item",
            "weight": 5,
            "name": "minecraft:blue_orchid"
          },
          {
            "type": "minecraft:item",
            "weight": 5,
            "name": "minecraft:honeycomb"
          },
          {
            "type": "minecraft:item",
            "weight": 7,
            "name": "minecraft:fermented_spider_eye"
          },
          {
            "type": "minecraft:item",
            "weight": 20,
            "name": "minecraft:dirt"
          },
          {
            "type": "minecraft:item",
            "weight": 10,
            "name": "minecraft:red_mushroom"
          },
          {
            "type": "minecraft:item",
            "weight": 10,
            "name": "minecraft:brown_mushroom"
          }
        ]
      }
    ]
  }
  