{
  "type": "minecraft:decorated",
  "config": {
    "decorator": {
      "type": "minecraft:count",
      "config": {
        "count": 16
      }
    },
    "feature": {
      "type": "minecraft:decorated",
      "config": {
        "decorator": {
          "type": "minecraft:square",
          "config": {}
        },
        "feature": {
          "type": "minecraft:decorated",
          "config": {
            "decorator": {
              "type": "minecraft:range",
              "config": {
                "height": {
                  "type": "minecraft:uniform",
                  "min_inclusive": {
                    "absolute": 1
                  },
                  "max_inclusive": {
                    "below_top": 1
                  }
                }
              }
            },
            "feature": {
              "type": "minecraft:decorated",
              "config": {
                "decorator": {
                  "type": "minecraft:decorated",
                  "config": {
                    "outer": {
                      "type": "minecraft:cave_surface",
                      "config": {
                        "surface": "ceiling",
                        "floor_to_ceiling_search_range": 128
                      }
                    },
                    "inner": {
                      "type": "minecraft:count_noise_biased",
                      "config": {
                        "noise_to_count_ratio": 1,
                        "noise_factor": 6,
                        "noise_offset": -0.4
                      }
                    }
                  }
                },
                "feature": {
                  "type": "minecraft:growing_plant",
                  "config": {
                    "direction": "down",
                    "allow_water": false,
                    "height_distribution": [
                      {
                        "weight": 1,
                        "data": {
                          "type": "minecraft:uniform",
                          "value": {
                            "min_inclusive": 16,
                            "max_inclusive": 20
                          }
                        }
                      },
                      {
                        "weight": 20,
                        "data": {
                          "type": "minecraft:uniform",
                          "value": {
                            "min_inclusive": 4,
                            "max_inclusive": 8
                          }
                        }
                      },
                      {
                        "weight": 10,
                        "data": {
                          "type": "minecraft:uniform",
                          "value": {
                            "min_inclusive": 1,
                            "max_inclusive": 6
                          }
                        }
                      }
                    ],
                    "body_provider": {
                      "type": "minecraft:simple_state_provider",
                      "state": {
                        "Name": "minecraft:sea_lantern"
                      }
                    },
                    "head_provider": {
                      "type": "minecraft:simple_state_provider",
                      "state": {
                        "Name": "minecraft:sea_lantern",
                        "Properties": {
                          "waterlogged": "false"
                        }
                      }
                    }
                  }
                }
              }
            }
          }
        }
      }
    }
  }
}