{
    "type": "minecraft:decorated",
    "config": {
      "decorator": {
        "type": "minecraft:count",
        "config": {
          "count": 2
        }
      },
      "feature": {
        "type": "minecraft:decorated",
        "config": {
          "decorator": {
            "type": "minecraft:square",
            "config": {}
          },
          "feature": {
            "type": "minecraft:decorated",
            "config": {
              "decorator": {
                "type": "minecraft:range",
                "config": {
                  "height": {
                    "type": "minecraft:uniform",
                    "min_inclusive": {
                      "above_bottom": 30
                    },
                    "max_inclusive": {
                      "below_top": 20
                    }
                  }
                }
              },
              "feature": {
                "type": "minecraft:decorated",
                "config": {
                  "decorator": {
                    "type": "minecraft:decorated",
                    "config": {
                      "outer": {
                        "type": "minecraft:cave_surface",
                        "config": {
                          "surface": "floor",
                          "floor_to_ceiling_search_range": 32
                        }
                      },
                      "inner": {
                        "type": "minecraft:count_noise_biased",
                        "config": {
                          "noise_to_count_ratio": 1,
                          "noise_factor": 70,
                          "noise_offset": -0.1
                        }
                      }
                    }
                  },
                  "feature": {
                    "type": "minecraft:vegetation_patch",
                    "config": {
                      "surface": "floor",
                      "depth": 1,
                      "vertical_range": 3,
                      "extra_bottom_block_chance": 0,
                      "extra_edge_column_chance": 0.5,
                      "vegetation_chance": 0.125,
                      "xz_radius": {
                        "type": "minecraft:uniform",
                        "value": {
                          "min_inclusive": 1,
                          "max_inclusive": 4
                        }
                      },
                      "replaceable": "minecraft:base_stone_nether",
                      "ground_state": {
                        "type": "minecraft:weighted_state_provider",
                        "entries": [
                          {
                            "weight": 10,
                            "data": {
                              "Name": "minecraft:soul_soil"
                            }
                          },
                          {
                            "weight": 5,
                            "data": {
                              "Name": "minecraft:soul_sand"
                            }
                          },
                          {
                            "weight": 1,
                            "data": {
                              "Name": "minecraft:coarse_dirt"
                            }
                          }
                        ]
                      },
                      "vegetation_feature": {
                        "type": "minecraft:growing_plant",
                        "config": {
                          "direction": "up",
                          "allow_water": false,
                          "height_distribution": [
                            {
                              "weight": 1,
                              "data": 2
                            }
                          ],
                          "body_provider": {
                            "type": "minecraft:weighted_state_provider",
                            "entries": [
                              {
                                "weight": 5,
                                "data": {
                                  "Name": "minecraft:pumpkin"
                                }
                              },
                              {
                                "weight": 1,
                                "data": {
                                  "Name": "minecraft:pumpkin_stem",
                                  "Properties": {
                                    "age": "0"
                                  }
                                }
                              },
                              {
                                "weight": 1,
                                "data": {
                                  "Name": "minecraft:pumpkin_stem",
                                  "Properties": {
                                    "age": "1"
                                  }
                                }
                              },
                              {
                                "weight": 1,
                                "data": {
                                  "Name": "minecraft:pumpkin_stem",
                                  "Properties": {
                                    "age": "2"
                                  }
                                }
                              },
                              {
                                "weight": 1,
                                "data": {
                                  "Name": "minecraft:pumpkin_stem",
                                  "Properties": {
                                    "age": "3"
                                  }
                                }
                              },
                              {
                                "weight": 1,
                                "data": {
                                  "Name": "minecraft:pumpkin_stem",
                                  "Properties": {
                                    "age": "4"
                                  }
                                }
                              },
                              {
                                "weight": 1,
                                "data": {
                                  "Name": "minecraft:pumpkin_stem",
                                  "Properties": {
                                    "age": "5"
                                  }
                                }
                              },
                              {
                                "weight": 1,
                                "data": {
                                  "Name": "minecraft:pumpkin_stem",
                                  "Properties": {
                                    "age": "6"
                                  }
                                }
                              },
                              {
                                "weight": 1,
                                "data": {
                                  "Name": "minecraft:pumpkin_stem",
                                  "Properties": {
                                    "age": "7"
                                  }
                                }
                              }
                            ]
                          },
                          "head_provider": {
                            "type": "minecraft:simple_state_provider",
                            "state": {
                              "Name": "minecraft:air"
                            }
                          }
                        }
                      }
                    }
                  }
                }
              }
            }
          }
        }
      }
    }
  }
  