{
  "type": "minecraft:simple_block",
  "config": {
    "to_place": {
      "type": "minecraft:weighted_state_provider",
      "entries": [
        {
          "weight": 1,
          "data": {
            "Name": "minecraft:sweet_berry_bush",
            "Properties": {
              "age": "1"
            }
          }
        },
        {
          "weight": 5,
          "data": {
            "Name": "minecraft:fern"
          }
        },
        {
          "weight": 1,
          "data": {
            "Name": "minecraft:large_fern",
            "Properties": {
              "half": "lower"
            }
          }
        }
      ]
    },
    "place_on": [],
    "place_in": [],
    "place_under": []
  }
}
