{
  "type": "minecraft:decorated",
  "config": {
    "decorator": {
      "type": "minecraft:count",
      "config": {
        "count": {
          "type": "minecraft:constant",
          "value": 16
        }
      }
    },
    "feature": {
      "type": "minecraft:decorated",
      "config": {
        "decorator": {
          "type": "minecraft:count_noise_biased",
          "config": {
            "noise_to_count_ratio": 1,
            "noise_factor": 80,
            "noise_offset": 0
          }
        },
        "feature": {
          "type": "minecraft:decorated",
          "config": {
            "decorator": {
              "type": "minecraft:decorated",
              "config": {
                "outer": {
                  "type": "minecraft:decorated",
                  "config": {
                    "outer": {
                      "type": "minecraft:square",
                      "config": {}
                    },
                    "inner": {
                      "type": "minecraft:cave_surface",
                      "config": {
                        "surface": "floor",
                        "floor_to_ceiling_search_range": 128
                      }
                    }
                  }
                },
                "inner": {
                  "type": "minecraft:range",
                  "config": {
                    "height": {
                      "type": "minecraft:uniform",
                      "min_inclusive": {
                        "above_bottom": 0
                      },
                      "max_inclusive": {
                        "absolute": 30
                      }
                    }
                  }
                }
              }
            },
            "feature": {
              "type": "minecraft:decorated",
              "config": {
                "decorator": {
                  "type": "minecraft:square",
                  "config": {}
                },
                "feature": {
                  "type": "minecraft:growing_plant",
                  "config": {
                    "direction": "up",
                    "allow_water": true,
                    "height_distribution": [
                      {
                        "weight": 10,
                        "data": {
                          "type": "minecraft:uniform",
                          "value": {
                            "min_inclusive": 5,
                            "max_inclusive": 7
                          }
                        }
                      },
                      {
                        "weight": 5,
                        "data": {
                          "type": "minecraft:uniform",
                          "value": {
                            "min_inclusive": 3,
                            "max_inclusive": 5
                          }
                        }
                      },
                      {
                        "weight": 5,
                        "data": {
                          "type": "minecraft:uniform",
                          "value": {
                            "min_inclusive": 6,
                            "max_inclusive": 7
                          }
                        }
                      }
                    ],
                    "body_provider": {
                      "type": "minecraft:simple_state_provider",
                      "state": {
                        "Name": "minecraft:kelp_plant"
                      }
                    },
                    "head_provider": {
                      "type": "minecraft:randomized_int_state_provider",
                      "property": "age",
                      "values": {
                        "type": "minecraft:uniform",
                        "value": {
                          "min_inclusive": 0,
                          "max_inclusive": 25
                        }
                      },
                      "source": {
                        "type": "minecraft:simple_state_provider",
                        "state": {
                          "Name": "minecraft:kelp",
                          "Properties": {
                            "age": "0"
                          }
                        }
                      }
                    }
                  }
                }
              }
            }
          }
        }
      }
    }
  }
}
