{
  "type": "minecraft:decorated",
  "config": {
    "decorator": {
      "type": "minecraft:decorated",
      "config": {
        "outer": {
          "type": "minecraft:count_multilayer",
          "config": {
            "count": 64
          }
        },
        "inner": {
          "type": "minecraft:range",
          "config": {
            "bottom_inclusive": {
              "above_bottom": 0
            },
            "top_inclusive": {
              "below_top": 5
            }
          }
        }
      }
    },
    "feature": {
      "type": "minecraft:decorated",
      "config": {
        "decorator": {
          "type": "minecraft:count_noise_biased",
          "config": {
            "noise_to_count_ratio": 1,
            "noise_factor": 150,
            "noise_offset": -0.3
          }
        },
        "feature": {
          "type": "minecraft:block_pile",
          "config": {
            "state_provider": {
              "type": "minecraft:simple_state_provider",
              "state": {
                "Name": "minecraft:sand"
              }
            }
          }
        }
      }
    }
  }
}