{
  "type": "minecraft:decorated",
  "config": {
    "decorator": {
      "type": "minecraft:count",
      "config": {
        "count": {
          "type": "minecraft:constant",
          "value": 8
        }
      }
    },
    "feature": {
      "type": "minecraft:decorated",
      "config": {
        "decorator": {
          "type": "minecraft:square",
          "config": {}
        },
        "feature": {
          "type": "minecraft:decorated",
          "config": {
            "decorator": {
              "type": "minecraft:range",
              "config": {
                "height": {
                  "type": "minecraft:uniform",
                  "min_inclusive": {
                    "absolute": 1
                  },
                  "max_inclusive": {
                    "below_top": 1
                  }
                }
              }
            },
            "feature": {
              "type": "minecraft:decorated",
              "config": {
                "decorator": {
                  "type": "minecraft:cave_surface",
                  "config": {
                    "surface": "floor",
                    "floor_to_ceiling_search_range": 12
                  }
                },
                "feature": {
                  "type": "minecraft:block_pile",
                  "config": {
                    "state_provider": {
                      "type": "minecraft:weighted_state_provider",
                      "entries": [
                        {
                          "weight": 1,
                          "data": {
                            "Name": "minecraft:spruce_wood",
                            "Properties": {
                              "axis": "z"
                            }
                          }
                        },
                        {
                          "weight": 1,
                          "data": {
                            "Name": "minecraft:spruce_wood",
                            "Properties": {
                              "axis": "y"
                            }
                          }
                        },
                        {
                          "weight": 1,
                          "data": {
                            "Name": "minecraft:spruce_wood",
                            "Properties": {
                              "axis": "x"
                            }
                          }
                        },
                        {
                          "weight": 2,
                          "data": {
                            "Name": "minecraft:spruce_leaves",
                            "Properties": {
                              "distance": "1",
                              "persistent": "true"
                            }
                          }
                        }
                      ]
                    }
                  }
                }
              }
            }
          }
        }
      }
    }
  }
}
