{
    "config": {
      "feature": {
    "config": {
      "state_provider": {
        "entries": [
          {
            "weight": 2,
            "data": {
              "Name": "minecraft:granite"
            }
          },
          {
            "weight": 2,
            "data": {
              "Name": "minecraft:calcite"
            }
          },
          {
            "weight": 16,
            "data": {
              "Name": "minecraft:red_sand"
            }
          }
        ],
        "type": "minecraft:weighted_state_provider"
      }
    },
    "type": "minecraft:block_pile"
  },
      "decorator": {
        "config": {
          "count": 16
        },
        "type": "minecraft:count_multilayer"
      }
    },
    "type": "minecraft:decorated"
  }