{
  "type": "minecraft:decorated",
  "config": {
    "decorator": {
      "type": "minecraft:decorated",
      "config": {
        "outer": {
          "type": "minecraft:count_extra",
          "config": {
            "count": 0,
            "extra_count": 1000,
            "extra_chance": 1
          }
        },
        "inner": {
          "type": "minecraft:decorated",
          "config": {
            "outer": {
              "type": "minecraft:square",
              "config": {}
            },
            "inner": {
              "type": "minecraft:range",
              "config": {
                "bottom_inclusive": {
                  "above_bottom": 1
                },
                "top_inclusive": {
                  "below_top": 1
                }
              }
            }
          }
        }
      }
    },
    "feature": {
      "type": "minecraft:netherrack_replace_blobs",
      "config": {
        "state": {
          "Name": "minecraft:blackstone"
        },
        "target": {
          "Name": "minecraft:netherrack"
        },
        "radius": 16
      }
    }
  }
}