{
  "type": "minecraft:decorated",
  "config": {
    "decorator": {
      "type": "minecraft:count_extra",
      "config": {
        "count": 0,
        "extra_count": 1000,
        "extra_chance": 1
      }
    },
    "feature": {
      "type": "minecraft:decorated",
      "config": {
        "decorator": {
          "type": "minecraft:decorated",
          "config": {
            "outer": {
              "type": "minecraft:square",
              "config": {}
            },
            "inner": {
              "type": "minecraft:range",
              "config": {
                "maximum": 128,
                "bottom_offset": 0,
                "top_offset": 0
              }
            }
          }
        },
        "feature": {
          "type": "minecraft:ore",
          "config": {
            "state": {
              "Name": "minecraft:amethyst_block"
            },
            "size": 64,
            "target": {
              "predicate_type": "minecraft:tag_match",
              "tag": "inferno:dripstone"
            }
          }
        }
      }
    }
  }
}