{
    "type": "minecraft:decorated",
    "config": {
      "decorator": {
        "type": "minecraft:decorated",
        "config": {
          "outer": {
            "type": "minecraft:count_multilayer",
            "config": {
              "count": {
                "base": 8,
                "spread": 4
              }
            }
          },
          "inner": {
            "type": "minecraft:square",
            "config": {}
          }
        }
      },
      "feature": {
        "type": "minecraft:ore",
        "config": {
          "state": {
            "Name": "minecraft:amethyst_block"
          },
          "size": 32,
          "target": {
            "predicate_type": "minecraft:block_match",
            "block": "minecraft:terracotta"
          }
        }
      }
    }
  }