{
  "variants": {
    "": [
      {
        "model": "minecraft:block/calcite"
      },
	  {
        "model": "minecraft:block/calcite",
        "y": 90,
		"x": 90,
		"z": 90
      },
	  {
        "model": "minecraft:block/calcite",
        "y": 180,
		"x": 180,
		"z": 180
      },
      {
        "model": "minecraft:block/calcite",
        "y": 270,
		"x": 270,
		"z": 270
      },
	  {
        "model": "minecraft:block/calcite_mirrored"
      },
	  {
        "model": "minecraft:block/calcite_mirrored",
        "y": 90,
		"x": 90,
		"z": 90
      },
	  {
        "model": "minecraft:block/calcite_mirrored",
        "y": 180,
		"x": 180,
		"z": 180
      },
      {
        "model": "minecraft:block/calcite_mirrored",
        "y": 270,
		"x": 270,
		"z": 270
      },
	  {
        "model": "minecraft:block/calcite_1"
      },
	  {
        "model": "minecraft:block/calcite_1",
        "y": 90,
		"x": 90,
		"z": 90
      },
	  {
        "model": "minecraft:block/calcite_1",
        "y": 180,
		"x": 180,
		"z": 180
      },
      {
        "model": "minecraft:block/calcite_1",
        "y": 270,
		"x": 270,
		"z": 270
      },
	  {
        "model": "minecraft:block/calcite_mirrored_1"
      },
	  {
        "model": "minecraft:block/calcite_mirrored_1",
        "y": 90,
		"x": 90,
		"z": 90
      },
	  {
        "model": "minecraft:block/calcite_mirrored_1",
        "y": 180,
		"x": 180,
		"z": 180
      },
      {
        "model": "minecraft:block/calcite_mirrored_1",
        "y": 270,
		"x": 270,
		"z": 270
      }
    ]
  }
}