{
  "multipart": [
    {
      "when": {
        "power": "0"
      },
      "apply": {
        "model": "minecraft:block/wires/connector"
      }
    },
	{
      "when": {
        "power": "1"
      },
      "apply": {
        "model": "minecraft:block/wires/connector_1"
      }
    },
	{
      "when": {
        "power": "2"
      },
      "apply": {
        "model": "minecraft:block/wires/connector_2"
      }
    },
	{
      "when": {
        "power": "3"
      },
      "apply": {
        "model": "minecraft:block/wires/connector_3"
      }
    },
	{
      "when": {
        "power": "4"
      },
      "apply": {
        "model": "minecraft:block/wires/connector_4"
      }
    },
	{
      "when": {
        "power": "5"
      },
      "apply": {
        "model": "minecraft:block/wires/connector_5"
      }
    },
	{
      "when": {
        "power": "6"
      },
      "apply": {
        "model": "minecraft:block/wires/connector_6"
      }
    },
	{
      "when": {
        "power": "7"
      },
      "apply": {
        "model": "minecraft:block/wires/connector_7"
      }
    },
	{
      "when": {
        "power": "8"
      },
      "apply": {
        "model": "minecraft:block/wires/connector_8"
      }
    },
	{
      "when": {
        "power": "9"
      },
      "apply": {
        "model": "minecraft:block/wires/connector_9"
      }
    },
	{
      "when": {
        "power": "10"
      },
      "apply": {
        "model": "minecraft:block/wires/connector_10"
      }
    },
	{
      "when": {
        "power": "11"
      },
      "apply": {
        "model": "minecraft:block/wires/connector_11"
      }
    },
	{
      "when": {
        "power": "12"
      },
      "apply": {
        "model": "minecraft:block/wires/connector_12"
      }
    },
	{
      "when": {
        "power": "13"
      },
      "apply": {
        "model": "minecraft:block/wires/connector_13"
      }
    },
	{
      "when": {
        "power": "14"
      },
      "apply": {
        "model": "minecraft:block/wires/connector_14"
      }
    },
	{
      "when": {
        "power": "15"
      },
      "apply": {
        "model": "minecraft:block/wires/connector_15"
      }
    },
	{
      "when": {
        "north": "side"
      },
      "apply": {
        "model": "minecraft:block/wires/wire"
      }
    },
	{
      "when": {
        "north": "up"
      },
      "apply": {
        "model": "minecraft:block/wires/wall_wire"
      }
    },
	{
      "when": {
        "east": "side"
      },
      "apply": {
        "model": "minecraft:block/wires/wire",
		"y": 90
      }
    },
	{
      "when": {
        "east": "up"
      },
      "apply": {
        "model": "minecraft:block/wires/wall_wire",
		"y": 90
      }
    },
	{
      "when": {
        "south": "side"
      },
      "apply": {
        "model": "minecraft:block/wires/wire",
		"y": 180
      }
    },
	{
      "when": {
        "south": "up"
      },
      "apply": {
        "model": "minecraft:block/wires/wall_wire",
		"y": 180
      }
    },
	{
      "when": {
        "west": "side"
      },
      "apply": {
        "model": "minecraft:block/wires/wire",
		"y": 270
      }
    },
	{
      "when": {
        "west": "up"
      },
      "apply": {
        "model": "minecraft:block/wires/wall_wire",
		"y": 270
      }
    }
  ]
}