{
    "type": "minecraft:decorated",
    "config": {
      "decorator": {
        "type": "minecraft:count",
        "config": {
          "count": 128
        }
      },
      "feature": {
        "type": "minecraft:decorated",
        "config": {
          "decorator": {
            "type": "minecraft:decorated",
            "config": {
              "outer": {
                "type": "minecraft:range",
                "config": {
                  "height": {
                    "type": "minecraft:uniform",
                    "min_inclusive": {
                      "above_bottom": 30
                    },
                    "max_inclusive": {
                      "below_top": 10
                    }
                  }
                }
              },
              "inner": {
                "type": "minecraft:decorated",
                "config": {
                  "outer": {
                    "type": "minecraft:square",
                    "config": {}
                  },
                  "inner": {
                    "type": "minecraft:count_noise_biased",
                    "config": {
                      "noise_to_count_ratio": 1,
                      "noise_factor": 50,
                      "noise_offset": -0.2
                    }
                  }
                }
              }
            }
          },
          "feature": {
            "type": "minecraft:delta_feature",
            "config": {
              "contents": {
                "Name": "minecraft:honey_block"
              },
              "rim": {
                "Name": "minecraft:stone"
              },
              "size": {
                "type": "minecraft:uniform",
                "value": {
                  "min_inclusive": 3,
                  "max_inclusive": 6
                }
              },
              "rim_size": {
                "type": "minecraft:uniform",
                "value": {
                  "min_inclusive": 1,
                  "max_inclusive": 3
                }
              }
            }
          }
        }
      }
    }
  }