{
	"credit": "Made with Blockbench",
	"textures": {
		"all": "entity/zombie/zombie_eye",
		"particle": "entity/zombie/zombie_eye"
	},
	"elements": [
		{
			"name": "left",
			"from": [3, 0, 6],
			"to": [7, 4, 10],
			"rotation": {"angle": 0, "axis": "y", "origin": [8, 2, 8]},
			"faces": {
				"north": {"uv": [8, 4, 4, 8], "texture": "#all"},
				"east": {"uv": [12, 4, 8, 8], "texture": "#all"},
				"south": {"uv": [16, 4, 12, 8], "texture": "#all"},
				"west": {"uv": [4, 4, 0, 8], "texture": "#all"},
				"up": {"uv": [8, 0, 4, 4], "texture": "#all"},
				"down": {"uv": [12, 0, 8, 4], "texture": "#all"}
			}
		},
		{
			"name": "right",
			"from": [9, 0, 6],
			"to": [13, 4, 10],
			"rotation": {"angle": 0, "axis": "y", "origin": [8, 2, 8]},
			"faces": {
				"north": {"uv": [4, 4, 8, 8], "texture": "#all"},
				"east": {"uv": [0, 4, 4, 8], "texture": "#all"},
				"south": {"uv": [12, 4, 16, 8], "texture": "#all"},
				"west": {"uv": [8, 4, 12, 8], "texture": "#all"},
				"up": {"uv": [4, 0, 8, 4], "texture": "#all"},
				"down": {"uv": [8, 0, 12, 4], "texture": "#all"}
			}
		}
	],
	"display": {
		"thirdperson_righthand": {
			"translation": [0, 3, 1],
			"scale": [0.55, 0.55, 0.55]
		},
		"thirdperson_lefthand": {
			"translation": [0, 3, 1],
			"scale": [0.55, 0.55, 0.55]
		},
		"firstperson_righthand": {
			"rotation": [0, 132, 25],
			"translation": [0, 6.5, 3],
			"scale": [0.4, 0.4, 0.4]
		},
		"firstperson_lefthand": {
			"rotation": [0, 132, 25],
			"translation": [0, 6.5, 3],
			"scale": [0.4, 0.4, 0.4]
		},
		"ground": {
			"translation": [0, 1.25, 0],
			"scale": [0.5, 0.5, 0.5]
		},
		"gui": {
			"rotation": [18.5, 135, 0],
			"translation": [0, 2, 0],
			"scale": [0.625, 0.625, 0.625]
		},
		"head": {
			"translation": [0, 8.5, -4.75],
			"scale": [1.6, 1.6, 1.6]
		},
		"fixed": {
			"translation": [0, 6, 0]
		}
	}
}