{
	"credit": "Made with Blockbench",
	"texture_size": [56, 48],
	"textures": {
		"0": "entity/orda-ns-soul/wandering_ghost",
		"particle": "entity/orda-ns-soul/wandering_ghost"
	},
	"elements": [
		{
			"name": "head",
			"from": [3, 0, 3],
			"to": [13, 10, 13],
			"rotation": {"angle": 0, "axis": "y", "origin": [8, 5, 8]},
			"faces": {
				"north": {"uv": [2.85714, 12.66666, 5.71429, 16], "texture": "#0"},
				"east": {"uv": [0, 12.66666, 2.85714, 16], "texture": "#0"},
				"south": {"uv": [8.57143, 12.66666, 11.42857, 16], "texture": "#0"},
				"west": {"uv": [5.71429, 12.66666, 8.57143, 16], "texture": "#0"},
				"up": {"uv": [2.85714, 9.33333, 5.71429, 12.66666], "texture": "#0"},
				"down": {"uv": [5.71429, 9.33333, 8.57143, 12.66666], "texture": "#0"}
			}
		},
		{
			"name": "tentacle",
			"from": [10, -5, 5],
			"to": [12, 5, 7],
			"rotation": {"angle": -22.5, "axis": "x", "origin": [11, 5, 6]},
			"faces": {
				"north": {"uv": [14.28571, 10, 14.85714, 13.33333], "texture": "#0"},
				"east": {"uv": [13.71429, 10, 14.28571, 13.33333], "texture": "#0"},
				"south": {"uv": [15.42857, 10, 16, 13.33333], "texture": "#0"},
				"west": {"uv": [14.85714, 10, 15.42857, 13.33333], "texture": "#0"},
				"up": {"uv": [14.28571, 9.33333, 14.85714, 10], "texture": "#0"},
				"down": {"uv": [14.85714, 9.33333, 15.42857, 10], "texture": "#0"}
			}
		},
		{
			"name": "tentacle",
			"from": [7, -6, 3],
			"to": [9, 4, 5],
			"rotation": {"angle": -22.5, "axis": "x", "origin": [8, 4, 4]},
			"faces": {
				"north": {"uv": [14.28571, 10, 14.85714, 13.33333], "texture": "#0"},
				"east": {"uv": [13.71429, 10, 14.28571, 13.33333], "texture": "#0"},
				"south": {"uv": [15.42857, 10, 16, 13.33333], "texture": "#0"},
				"west": {"uv": [14.85714, 10, 15.42857, 13.33333], "texture": "#0"},
				"up": {"uv": [14.28571, 9.33333, 14.85714, 10], "texture": "#0"},
				"down": {"uv": [14.85714, 9.33333, 15.42857, 10], "texture": "#0"}
			}
		},
		{
			"name": "tentacle",
			"from": [4, -5, 5],
			"to": [6, 5, 7],
			"rotation": {"angle": -22.5, "axis": "x", "origin": [5, 5, 6]},
			"faces": {
				"north": {"uv": [14.28571, 10, 14.85714, 13.33333], "texture": "#0"},
				"east": {"uv": [13.71429, 10, 14.28571, 13.33333], "texture": "#0"},
				"south": {"uv": [15.42857, 10, 16, 13.33333], "texture": "#0"},
				"west": {"uv": [14.85714, 10, 15.42857, 13.33333], "texture": "#0"},
				"up": {"uv": [14.28571, 9.33333, 14.85714, 10], "texture": "#0"},
				"down": {"uv": [14.85714, 9.33333, 15.42857, 10], "texture": "#0"}
			}
		},
		{
			"name": "tentacle",
			"from": [9, -4, 8],
			"to": [11, 6, 10],
			"rotation": {"angle": -22.5, "axis": "x", "origin": [10, 6, 9]},
			"faces": {
				"north": {"uv": [14.28571, 10, 14.85714, 13.33333], "texture": "#0"},
				"east": {"uv": [13.71429, 10, 14.28571, 13.33333], "texture": "#0"},
				"south": {"uv": [15.42857, 10, 16, 13.33333], "texture": "#0"},
				"west": {"uv": [14.85714, 10, 15.42857, 13.33333], "texture": "#0"},
				"up": {"uv": [14.28571, 9.33333, 14.85714, 10], "texture": "#0"},
				"down": {"uv": [14.85714, 9.33333, 15.42857, 10], "texture": "#0"}
			}
		},
		{
			"name": "tentacle",
			"from": [5, -4, 8],
			"to": [7, 6, 10],
			"rotation": {"angle": -22.5, "axis": "x", "origin": [6, 6, 9]},
			"faces": {
				"north": {"uv": [14.28571, 10, 14.85714, 13.33333], "texture": "#0"},
				"east": {"uv": [13.71429, 10, 14.28571, 13.33333], "texture": "#0"},
				"south": {"uv": [15.42857, 10, 16, 13.33333], "texture": "#0"},
				"west": {"uv": [14.85714, 10, 15.42857, 13.33333], "texture": "#0"},
				"up": {"uv": [14.28571, 9.33333, 14.85714, 10], "texture": "#0"},
				"down": {"uv": [14.85714, 9.33333, 15.42857, 10], "texture": "#0"}
			}
		}
	],
	"display": {
		"thirdperson_righthand": {
			"rotation": [75, 45, 0],
			"translation": [0, 2.5, 0],
			"scale": [0.375, 0.375, 0.375]
		},
		"thirdperson_lefthand": {
			"rotation": [75, 45, 0],
			"translation": [0, 2.5, 0],
			"scale": [0.375, 0.375, 0.375]
		},
		"firstperson_righthand": {
			"rotation": [-45, 120, 0],
			"translation": [0, 5, 0],
			"scale": [0.6, 0.6, 0.6]
		},
		"firstperson_lefthand": {
			"rotation": [-45, 120, 0],
			"translation": [0, 5, 0],
			"scale": [0.6, 0.6, 0.6]
		},
		"ground": {
			"scale": [0.25, 0.25, 0.25]
		},
		"gui": {
			"rotation": [30, 225, 0],
			"translation": [0, 2, 0],
			"scale": [0.625, 0.625, 0.625]
		},
		"head": {
			"translation": [0, 6.4, 0],
			"scale": [3.2, 3.2, 3.2]
		},
		"fixed": {
			"translation": [0, 4, -1]
		}
	}
}