{
	"credit": "Made with Blockbench",
	"textures": {
		"0": "item/z_oi_vex_demon_eye",
		"1": "item/z_oi_vex_demon_eye_face",
		"2": "item/z_oi_vex_demon_eye_back",
		"particle": "item/z_oi_vex_demon_eye"
	},
	"elements": [
		{
			"from": [4, 0, 4],
			"to": [12, 8, 12],
			"rotation": {"angle": 0, "axis": "y", "origin": [12, 8, 12]},
			"faces": {
				"north": {"uv": [0, 0, 8, 8], "texture": "#1"},
				"east": {"uv": [0, 0, 8, 8], "texture": "#0"},
				"south": {"uv": [0, 0, 8, 8], "texture": "#2"},
				"west": {"uv": [0, 0, 8, 8], "rotation": 180, "texture": "#0"},
				"up": {"uv": [0, 0, 8, 8], "rotation": 270, "texture": "#0"},
				"down": {"uv": [0, 0, 8, 8], "rotation": 90, "texture": "#0"}
			}
		}
	],
	"display": {
		"head": {
			"scale": [2, 2, 2]
		}
	},
	"groups": [
		{
			"name": "z_oi_vex_soul",
			"origin": [8, 8, 8],
			"children": [0]
		}
	]
}