{
            "config": {
              "cap_provider": {
                "state": {
                  "Properties": {
                    "west": "true",
                    "up": "true",
                    "south": "true",
                    "north": "true",
                    "east": "true",
                    "down": "false"
                  },
                  "Name": "minecraft:brown_mushroom_block"
                },
                "type": "minecraft:simple_state_provider"
              },
              "stem_provider": {
                "state": {
                  "Name": "minecraft:emerald_ore"
                },
                "type": "minecraft:simple_state_provider"
                  },
                  "foliage_radius": 2
                },
                "type": "minecraft:huge_brown_mushroom"
}