{
  "type": "minecraft:decorated",
  "config": {
    "decorator": {
      "type": "minecraft:decorated",
      "config": {
        "outer": {
          "type": "minecraft:count",
          "config": {
            "count": {
              "type": "minecraft:constant",
              "value": 64
            }
          }
        },
        "inner": {
          "type": "minecraft:decorated",
          "config": {
            "outer": {
              "type": "minecraft:square",
              "config": {}
            },
            "inner": {
              "type": "minecraft:range",
              "config": {
                "height": {
                  "type": "minecraft:uniform",
                  "min_inclusive": {
                    "absolute": 1
                  },
                  "max_inclusive": {
                    "absolute": 35
                  }
                }
              }
            }
          }
        }
      }
    },
    "feature": {
      "type": "minecraft:ore",
      "config": {
        "size": 64,
        "discard_chance_on_air_exposure": 0,
        "targets": [
          {
            "target": {
              "predicate_type": "minecraft:block_match",
              "block": "minecraft:soul_sand"
            },
            "state": {
              "Name": "minecraft:cobblestone"
            }
          }
        ]
      }
    }
  }
}