{
    "type": "minecraft:crafting_shapeless",
    "ingredients": [
        {
            "item": "minecraft:honeycomb"
        },
        {
            "item": "minecraft:honeycomb"
        },
        {
            "item": "minecraft:honeycomb"
        },
        {
            "item": "minecraft:honeycomb"
        },
        {
            "item": "minecraft:iron_ingot"
        },
        {
            "item": "minecraft:iron_ingot"
        },
        {
            "item": "minecraft:iron_ingot"
        },
        {
            "item": "minecraft:iron_ingot"
        }
    ],
    "result": {
        "item": "minecraft:diamond",
        "count": 1
    }
}