{
    "parent": "minecraft:recipes/root",
    "rewards": {
      "recipes": [
        "minecraft:red_stained_glass_pane",
        "minecraft:orange_stained_glass_pane",
        "minecraft:yellow_stained_glass_pane",
        "minecraft:lime_stained_glass_pane",
        "minecraft:green_stained_glass_pane",
        "minecraft:cyan_stained_glass_pane",
        "minecraft:light_blue_stained_glass_pane",
        "minecraft:blue_stained_glass_pane",
        "minecraft:purple_stained_glass_pane",
        "minecraft:magenta_stained_glass_pane",
        "minecraft:pink_stained_glass_pane",
        "minecraft:brown_stained_glass_pane",
        "minecraft:gray_stained_glass_pane",
        "minecraft:light_gray_stained_glass_pane",
        "minecraft:black_stained_glass_pane",
        "minecraft:white_stained_glass_pane",
        "minecraft:red_stained_glass_pane_from_glass_pane",
        "minecraft:orange_stained_glass_pane_from_glass_pane",
        "minecraft:yellow_stained_glass_pane_from_glass_pane",
        "minecraft:lime_stained_glass_pane_from_glass_pane",
        "minecraft:green_stained_glass_pane_from_glass_pane",
        "minecraft:cyan_stained_glass_pane_from_glass_pane",
        "minecraft:light_blue_stained_glass_pane_from_glass_pane",
        "minecraft:blue_stained_glass_pane_from_glass_pane",
        "minecraft:purple_stained_glass_pane_from_glass_pane",
        "minecraft:magenta_stained_glass_pane_from_glass_pane",
        "minecraft:pink_stained_glass_pane_from_glass_pane",
        "minecraft:brown_stained_glass_pane_from_glass_pane",
        "minecraft:gray_stained_glass_pane_from_glass_pane",
        "minecraft:light_gray_stained_glass_pane_from_glass_pane",
        "minecraft:black_stained_glass_pane_from_glass_pane",
        "minecraft:white_stained_glass_pane_from_glass_pane"
      ]
    },
    "criteria": {
      "has_blaze_rod": {
        "trigger": "minecraft:inventory_changed",
        "conditions": {
          "items": [
            {
              "items": ["minecraft:glass_pane"]
            }
          ]
        }
      },
      "has_the_recipe": {
        "trigger": "minecraft:recipe_unlocked",
        "conditions": {
          "recipe": "minecraft:red_stained_glass_pane"
        }
      }
    },
    "requirements": [
      [
        "has_blaze_rod",
        "has_the_recipe"
      ]
    ]
  }