{
    "parent": "minecraft:recipes/root",
    "rewards": {
      "recipes": [
        "minecraft:netherite_block",
        "minecraft:netherite_sword",
        "minecraft:netherite_axe",
        "minecraft:netherite_shovel",
        "minecraft:netherite_hoe",
        "minecraft:netherite_pickaxe",
        "minecraft:netherite_helmet",
        "minecraft:netherite_chestplate",
        "minecraft:netherite_leggings",
        "minecraft:netherite_boots",
        "minecraft:lightning_rod"
      ]
    },
    "criteria": {
      "has_blaze_rod": {
        "trigger": "minecraft:inventory_changed",
        "conditions": {
          "items": [
            {
              "items": ["minecraft:diamond"]
            }
          ]
        }
      },
      "has_the_recipe": {
        "trigger": "minecraft:recipe_unlocked",
        "conditions": {
          "recipe": "minecraft:diamond_block"
        }
      }
    },
    "requirements": [
      [
        "has_blaze_rod",
        "has_the_recipe"
      ]
    ]
  }