{
    "type": "inferno:mossy_grotto",
    "generator": {
      "type": "minecraft:noise",
      "seed": 2,
      "biome_source": {
        "type": "minecraft:multi_noise",
        "seed": 0,
        "altitude_noise": {
          "firstOctave": -8,
          "amplitudes": [
            1,
            1,
            1,
            1
          ]
        },
        "temperature_noise": {
          "firstOctave": -8,
          "amplitudes": [
            1,
            1,
            1,
            1
          ]
        },
        "humidity_noise": {
          "firstOctave": -8,
          "amplitudes": [
            1,
            1,
            1,
            1
          ]
        },
        "weirdness_noise": {
          "firstOctave": -8,
          "amplitudes": [
            1,
            1,
            1,
            1
          ]
        },
        "biomes": [
          {
            "biome": "inferno:moss_caverns",
            "parameters": {
              "altitude": 0,
              "temperature": 0,
              "humidity": 0,
              "weirdness": 0,
              "offset": 0
            }
          }
        ]
      },
      "settings": "inferno:mossy_grotto"
    }
  }