{
  "type": "minecraft:decorated",
  "config": {
    "decorator": {
      "type": "minecraft:chance",
      "config": {
        "chance": 8
      }
    },
    "feature": {
      "type": "minecraft:decorated",
      "config": {
        "decorator": {
          "type": "minecraft:square",
          "config": {}
        },
        "feature": {
          "type": "minecraft:decorated",
          "config": {
            "decorator": {
              "type": "minecraft:range",
              "config": {
                "height": {
                  "type": "minecraft:trapezoid",
                  "min_inclusive": {
                    "absolute": 32
                  },
                  "max_inclusive": {
                    "absolute": 96
                  }
                }
              }
            },
            "feature": {
              "type": "minecraft:geode",
              "config": {
                "blocks": {
                  "cannot_replace": "minecraft:features_cannot_replace",
                  "invalid_blocks": "minecraft:geode_invalid_blocks",
                  "filling_provider": {
                    "type": "minecraft:simple_state_provider",
                    "state": {
                      "Name": "minecraft:air"
                    }
                  },
                  "inner_layer_provider": {
                    "type": "minecraft:simple_state_provider",
                    "state": {
                      "Name": "minecraft:deepslate_lapis_ore"
                    }
                  },
                  "alternate_inner_layer_provider": {
                    "type": "minecraft:simple_state_provider",
                    "state": {
                      "Name": "minecraft:andesite"
                    }
                  },
                  "middle_layer_provider": {
                    "type": "minecraft:weighted_state_provider",
                    "entries": [
                      {
                        "weight": 2,
                        "data": {
                          "Name": "minecraft:andesite"
                        }
                      },
                      {
                        "weight": 1,
                        "data": {
                          "Name": "minecraft:netherrack"
                        }
                      }
                    ]
                  },
                  "outer_layer_provider": {
                    "type": "minecraft:weighted_state_provider",
                    "entries": [
                      {
                        "weight": 1,
                        "data": {
                          "Name": "minecraft:andesite"
                        }
                      },
                      {
                        "weight": 6,
                        "data": {
                          "Name": "minecraft:netherrack"
                        }
                      },
                      {
                        "weight": 2,
                        "data": {
                          "Name": "minecraft:nether_quartz_ore"
                        }
                      },
                      {
                        "weight": 2,
                        "data": {
                          "Name": "minecraft:lapis_ore"
                        }
                      }
                    ]
                  },
                  "inner_placements": [
                    {
                      "Name": "minecraft:deepslate_lapis_ore"
                    }
                  ]
                },
                "layers": {
                  "filling": 1.2,
                  "inner_layer": 2.9,
                  "middle_layer": 3.2,
                  "outer_layer": 4.2
                },
                "crack": {
                  "generate_crack_chance": 0.95,
                  "base_crack_size": 2,
                  "crack_point_offset": 2
                },
                "noise_multiplier": 0.05,
                "use_potential_placements_chance": 0.35,
                "use_alternate_layer0_chance": 0.083,
                "placements_require_layer0_alternate": true,
                "outer_wall_distance": {
                  "type": "minecraft:uniform",
                  "value": {
                    "min_inclusive": 4,
                    "max_inclusive": 7
                  }
                },
                "distribution_points": {
                  "type": "minecraft:uniform",
                  "value": {
                    "min_inclusive": 3,
                    "max_inclusive": 5
                  }
                },
                "point_offset": {
                  "type": "minecraft:uniform",
                  "value": {
                    "min_inclusive": 1,
                    "max_inclusive": 3
                  }
                },
                "min_gen_offset": -16,
                "max_gen_offset": 16,
                "invalid_blocks_threshold": 1
              }
            }
          }
        }
      }
    }
  }
}