{
	"credit": "Made with Blockbench",
	"textures": {
		"particle": "#all"
	},
	"elements": [
		{
			"from": [6, 1, 7.5],
			"to": [10, 2, 8.5],
			"rotation": {"angle": 0, "axis": "y", "origin": [8, 7.5, 8]},
			"faces": {
				"north": {"uv": [10, 14, 6, 15], "texture": "#all"},
				"east": {"uv": [9, 14, 10, 15], "texture": "#all"},
				"south": {"uv": [6, 14, 10, 15], "texture": "#all"},
				"west": {"uv": [6, 14, 7, 15], "texture": "#all"},
				"down": {"uv": [6, 14, 10, 15], "rotation": 180, "texture": "#all"}
			}
		},
		{
			"from": [4, 2, 7.5],
			"to": [12, 3, 8.5],
			"rotation": {"angle": 0, "axis": "y", "origin": [8, 7.5, 8]},
			"faces": {
				"north": {"uv": [12, 13, 4, 14], "texture": "#all"},
				"east": {"uv": [11, 13, 12, 14], "texture": "#all"},
				"south": {"uv": [4, 13, 12, 14], "texture": "#all"},
				"west": {"uv": [4, 13, 5, 14], "texture": "#all"},
				"down": {"uv": [4, 13, 12, 14], "rotation": 180, "texture": "#all"}
			}
		},
		{
			"from": [3, 3, 7.5],
			"to": [13, 5, 8.5],
			"rotation": {"angle": 0, "axis": "y", "origin": [8, 7.5, 8]},
			"faces": {
				"north": {"uv": [13, 11, 3, 13], "texture": "#all"},
				"east": {"uv": [12, 11, 13, 13], "texture": "#all"},
				"south": {"uv": [3, 11, 13, 13], "texture": "#all"},
				"west": {"uv": [3, 11, 4, 13], "texture": "#all"},
				"down": {"uv": [3, 12, 13, 13], "rotation": 180, "texture": "#all"}
			}
		},
		{
			"from": [2, 5, 7.5],
			"to": [14, 8, 8.5],
			"rotation": {"angle": 0, "axis": "y", "origin": [8, 7.5, 8]},
			"faces": {
				"north": {"uv": [14, 8, 2, 11], "texture": "#all"},
				"east": {"uv": [13, 8, 14, 11], "texture": "#all"},
				"south": {"uv": [2, 8, 14, 11], "texture": "#all"},
				"west": {"uv": [2, 8, 3, 11], "texture": "#all"},
				"up": {"uv": [14, 8, 2, 9], "rotation": 180, "texture": "#all"},
				"down": {"uv": [2, 10, 14, 11], "rotation": 180, "texture": "#all"}
			}
		},
		{
			"from": [3, 8, 7.5],
			"to": [13, 10, 8.5],
			"rotation": {"angle": 0, "axis": "y", "origin": [8, 7.5, 8]},
			"faces": {
				"north": {"uv": [13, 6, 3, 8], "texture": "#all"},
				"east": {"uv": [12, 6, 13, 8], "texture": "#all"},
				"south": {"uv": [3, 6, 13, 8], "texture": "#all"},
				"west": {"uv": [3, 6, 4, 8], "texture": "#all"},
				"up": {"uv": [13, 6, 3, 7], "rotation": 180, "texture": "#all"}
			}
		},
		{
			"from": [4, 10, 7.5],
			"to": [12, 12, 8.5],
			"rotation": {"angle": 0, "axis": "y", "origin": [8, 7.5, 8]},
			"faces": {
				"north": {"uv": [12, 4, 4, 6], "texture": "#all"},
				"east": {"uv": [11, 4, 12, 6], "texture": "#all"},
				"south": {"uv": [4, 4, 12, 6], "texture": "#all"},
				"west": {"uv": [4, 4, 5, 6], "texture": "#all"},
				"up": {"uv": [12, 4, 4, 5], "rotation": 180, "texture": "#all"}
			}
		},
		{
			"from": [5, 12, 7.5],
			"to": [11, 13, 8.5],
			"rotation": {"angle": 0, "axis": "y", "origin": [8, 7.5, 8]},
			"faces": {
				"north": {"uv": [11, 3, 5, 4], "texture": "#all"},
				"east": {"uv": [10, 3, 11, 4], "texture": "#all"},
				"south": {"uv": [5, 3, 11, 4], "texture": "#all"},
				"west": {"uv": [5, 3, 6, 4], "texture": "#all"},
				"up": {"uv": [11, 3, 5, 4], "rotation": 180, "texture": "#all"}
			}
		},
		{
			"from": [7, 13, 7.5],
			"to": [9, 14, 8.5],
			"rotation": {"angle": 0, "axis": "y", "origin": [8, 7.5, 8]},
			"faces": {
				"north": {"uv": [9, 2, 7, 3], "texture": "#all"},
				"east": {"uv": [8, 2, 9, 3], "texture": "#all"},
				"south": {"uv": [7, 2, 9, 3], "texture": "#all"},
				"west": {"uv": [7, 2, 8, 3], "texture": "#all"},
				"up": {"uv": [7, 2, 9, 3], "rotation": 180, "texture": "#all"}
			}
		}
	],
	"gui_light": "front",
	"display": {
		"thirdperson_righthand": {
			"translation": [0, 3, 1],
			"scale": [0.55, 0.55, 0.55]
		},
		"thirdperson_lefthand": {
			"translation": [0, 3, 1],
			"scale": [0.55, 0.55, 0.55]
		},
		"firstperson_righthand": {
			"rotation": [0, -90, 25],
			"translation": [1.13, 3.2, 1.13],
			"scale": [0.68, 0.68, 0.68]
		},
		"firstperson_lefthand": {
			"rotation": [0, -90, 25],
			"translation": [1.13, 3.2, 1.13],
			"scale": [0.68, 0.68, 0.68]
		},
		"ground": {
			"translation": [0, 2, 0],
			"scale": [0.5, 0.5, 0.5]
		},
		"head": {
			"rotation": [0, 180, 0],
			"translation": [0, 13, 7]
		},
		"fixed": {
			"rotation": [0, 180, 0]
		}
	}
}