{
    "type": "minecraft:decorated",
    "config": {
      "decorator": {
        "type": "minecraft:count_extra",
        "config": {
          "count": 0,
          "extra_count": 1000,
          "extra_chance": 1
        }
      },
      "feature": {
        "type": "minecraft:decorated",
        "config": {
          "decorator": {
            "type": "minecraft:decorated",
            "config": {
              "outer": {
                "type": "minecraft:square",
                "config": {}
              },
              "inner": {
                "type": "minecraft:range",
                "config": {
                  "height": {
                    "type": "minecraft:uniform",
                    "min_inclusive": {
                      "absolute": 1
                    },
                    "max_inclusive": {
                      "below_top": 1
                    }
                  }
                }
              }
            }
          },
          "feature": {
            "type": "minecraft:ore",
            "config": {
              "size": 32,
              "discard_chance_on_air_exposure": 0,
              "targets": [
                {
                  "target": {
                    "predicate_type": "minecraft:block_match",
                    "block": "minecraft:basalt"
                  },
                  "state": {
                    "Name": "minecraft:oxidized_copper"
                  }
                },
                {
                  "target": {
                    "predicate_type": "minecraft:block_match",
                    "block": "minecraft:blackstone"
                  },
                  "state": {
                    "Name": "minecraft:calcite"
                  }
                }
              ]
            }
          }
        }
      }
    }
  }