{
  "type": "minecraft:decorated",
  "config": {
    "decorator": {
      "type": "minecraft:decorated",
      "config": {
        "outer": {
          "type": "minecraft:count",
          "config": {
            "count": 64
          }
        },
        "inner": {
          "type": "minecraft:decorated",
          "config": {
            "outer": {
              "type": "minecraft:range",
              "config": {
                "height": {
                  "type": "minecraft:uniform",
                  "min_inclusive": {
                    "absolute": 1
                  },
                  "max_inclusive": {
                    "below_top": 12
                  }
                }
              }
            },
            "inner": {
              "type": "minecraft:decorated",
              "config": {
                "outer": {
                  "type": "minecraft:square",
                  "config": {}
                },
                "inner": {
                  "type": "minecraft:count_noise_biased",
                  "config": {
                    "noise_to_count_ratio": 1,
                    "noise_factor": 10,
                    "noise_offset": 0
                  }
                }
              }
            }
          }
        }
      }
    },
    "feature": {
      "type": "minecraft:basalt_columns",
      "config": {
        "reach": 1,
        "height": {
          "type": "minecraft:uniform",
          "value": {
            "min_inclusive": 1,
            "max_inclusive": 4
          }
        }
      }
    }
  }
}