
  {
    "bedrock_roof_position": 0,
    "bedrock_floor_position": 0,
    "aquifers_enabled": false,
    "noise_caves_enabled": true,
    "sea_level": 32,
    "disable_mob_generation": false,
    "default_block": {
      "Name": "minecraft:netherrack"
    },
    "default_fluid": {
      "Name": "minecraft:lava",
      "Properties": {
        "level": "0"
      }
    },
    "noise": {
      "min_y": 0,
      "height": 128,
      "density_factor": 0,
      "density_offset": 0.019921875,
      "size_horizontal": 1,
      "size_vertical": 2,
      "simplex_surface_noise": true,
      "random_density_offset": false,
      "island_noise_override": false,
      "amplified": false,
      "sampling": {
        "xz_scale": 1,
        "y_scale": 3,
        "xz_factor": 80,
        "y_factor": 60
      },
      "bottom_slide": {
        "target": 320,
        "size": 4,
        "offset": -1
      },
      "top_slide": {
        "target": 120,
        "size": 3,
        "offset": 0
      }
    },
    "structures": {
      "structures": {
        "minecraft:nether_fossil": {
          "spacing": 2,
          "separation": 1,
          "salt": 0
        },
        "minecraft:bastion_remnant": {
          "spacing": 10,
          "separation": 5,
          "salt": 0
        },
        "minecraft:pillager_outpost": {
          "spacing": 10,
          "separation": 5,
          "salt": 0
        }
      }
    }
  }