{
    "bedrock_roof_position": 144,
    "bedrock_floor_position": 0,
    "aquifers_enabled": true,
    "noise_caves_enabled": true,
    "sea_level": 30,
    "disable_mob_generation": false,
    "default_block": {
      "Name": "minecraft:diorite"
    },
    "default_fluid": {
      "Name": "minecraft:water",
      "Properties": {
        "level": "0"
      }
    },
    "noise": {
      "min_y": 0,
      "height": 144,
      "density_factor": 0,
      "density_offset": 0.001,
      "size_horizontal": 2,
      "size_vertical": 2,
      "simplex_surface_noise": false,
      "random_density_offset": false,
      "island_noise_override": false,
      "amplified": false,
      "sampling": {
        "xz_scale": 2,
        "y_scale": 3,
        "xz_factor": 150,
        "y_factor": 50
      },
      "bottom_slide": {
        "target": 300,
        "size": 1,
        "offset": 0
      },
      "top_slide": {
        "target": -120,
        "size": 1,
        "offset": 0
      }
    },
    "structures": {
      "structures": {}
    }
  }