{
  "type": "minecraft:decorated",
  "config": {
    "decorator": {
      "type": "minecraft:count",
      "config": {
        "count": {
          "type": "minecraft:uniform",
          "value": {
            "min_inclusive": 8,
            "max_inclusive": 16
          }
        }
      }
    },
    "feature": {
      "type": "minecraft:decorated",
      "config": {
        "decorator": {
          "type": "minecraft:square",
          "config": {}
        },
        "feature": {
          "type": "minecraft:decorated",
          "config": {
            "decorator": {
              "type": "minecraft:range",
              "config": {
                "height": {
                  "type": "minecraft:uniform",
                  "min_inclusive": {
                    "absolute": 1
                  },
                  "max_inclusive": {
                    "below_top": 1
                  }
                }
              }
            },
            "feature": {
              "type": "minecraft:dripstone_cluster",
              "config": {
                "floor_to_ceiling_search_range": 16,
                "height": {
                  "type": "minecraft:uniform",
                  "value": {
                    "min_inclusive": 2,
                    "max_inclusive": 8
                  }
                },
                "radius": {
                  "type": "minecraft:uniform",
                  "value": {
                    "min_inclusive": 2,
                    "max_inclusive": 8
                  }
                },
                "max_stalagmite_stalactite_height_diff": 1,
                "height_deviation": 8,
                "dripstone_block_layer_thickness": {
                  "type": "minecraft:uniform",
                  "value": {
                    "min_inclusive": 2,
                    "max_inclusive": 2
                  }
                },
                "density": {
                  "type": "minecraft:uniform",
                  "value": {
                    "min_inclusive": 0.3,
                    "max_exclusive": 0.7
                  }
                },
                "wetness": 0,
                "wetness_mean": 0,
                "wetness_deviation": 0,
                "chance_of_dripstone_column_at_max_distance_from_center": 0.1,
                "max_distance_from_edge_affecting_chance_of_dripstone_column": 3,
                "max_distance_from_center_affecting_height_bias": 8
              }
            }
          }
        }
      }
    }
  }
}