{
  "config": {
    "feature": {
      "name": "ore_carnelium",
      "config": {
        "feature": {
          "config": {
            "feature": {
              "config": {
                "target": {
                  "block": "minecraft:basalt",
                    "Properties": {
                      "axis": "y"
                    },
                  "predicate_type": "minecraft:block_match"
                },
                "state": {
                  "Name": "minecraft:coal_ore"
                },
                "size": 32
              },
              "type": "minecraft:ore"
            },
            "decorator": {
              "config": {
                "bottom_offset": 10,
                "top_offset": 20,
                "maximum": 192
              },
              "type": "minecraft:range"
            }
          },
          "type": "minecraft:decorated"
        },
        "decorator": {
          "config": {},
          "type": "minecraft:square"
        }
      },
      "type": "minecraft:decorated"
    },
    "decorator": {
      "config": {
        "count": 32
      },
      "type": "minecraft:count"
    }
  },
  "type": "minecraft:decorated"
}