{
    "config": {
      "feature": {
        "config": {
          "feature": {
            "config": {
              "feature": {
                "config": {
                  "target": {
                    "block": "minecraft:blackstone",
                    "predicate_type": "minecraft:block_match"
                  },
                  "state": {
                    "Name": "minecraft:lapis_ore"
                  },
                  "size": 14
                },
                "type": "minecraft:ore"
              },
              "decorator": {
                "config": {
                  "bottom_offset": 10,
                  "top_offset": 20,
                  "maximum": 192
                },
                "type": "minecraft:range"
              }
            },
            "type": "minecraft:decorated"
          },
          "decorator": {
            "config": {},
            "type": "minecraft:square"
          }
        },
        "type": "minecraft:decorated"
      },
      "decorator": {
        "config": {
          "count": 32
        },
        "type": "minecraft:count"
      }
    },
    "type": "minecraft:decorated"
  }