{
  "config": {
    "feature": {
      "name": "spectre_mushroom",
      "config": {
        "feature": {
          "config": {},
          "type": "minecraft:chorus_plant"
        },
        "decorator": {
              "config": {},
              "type": "minecraft:iceberg"
          },
          "type": "minecraft:decorated"
        
      },
      "type": "minecraft:decorated"
    },
    "decorator": {
      "config": {
        "count": 8
      },
      "type": "minecraft:count_multilayer"
    }
  },
  "type": "minecraft:decorated"
}