{
    "config": {
      "feature": {
        "config": {
          "feature": {
            "config": {
              "feature": {
                "config": {
                  "rock_count": 4,
                  "hole_count": 1,
                  "valid_blocks": [
                    "minecraft:netherrack"
                  ],
                  "state": {
                    "Properties": {
                      "falling": "true"
                    },
                    "Name": "minecraft:lava"
                  },
                  "requires_block_below": false
                },
                "type": "minecraft:spring_feature"
              },
              "decorator": {
                "config": {
                  "bottom_offset": 4,
                  "top_offset": 8,
                  "maximum": 192
                },
                "type": "minecraft:range"
              }
            },
            "type": "minecraft:decorated"
          },
          "decorator": {
            "config": {},
            "type": "minecraft:square"
          }
        },
        "type": "minecraft:decorated"
      },
      "decorator": {
        "config": {
          "count": 8
        },
        "type": "minecraft:count"
      }
    },
    "type": "minecraft:decorated"
  }