{
  "type": "minecraft:growing_plant",
  "config": {
    "direction": "up",
    "allow_water": false,
    "height_distribution": [
      {
        "weight": 10,
        "data": {
          "type": "minecraft:uniform",
          "value": {
            "min_inclusive": 1,
            "max_inclusive": 15
          }
        }
      }
    ],
    "body_provider": {
      "type": "minecraft:weighted_state_provider",
      "entries": [
        {
          "weight": 8,
          "data": {
            "Name": "minecraft:chorus_plant",
            "Properties": {
              "north": "false",
              "south": "false",
              "east": "false",
              "west": "false",
              "up": "true",
              "down": "true"
            }
          }
        },
        {
          "weight": 1,
          "data": {
            "Name": "minecraft:chorus_plant",
            "Properties": {
              "north": "false",
              "south": "false",
              "east": "false",
              "west": "false",
              "up": "true",
              "down": "true"
            }
          }
        }
      ]
    },
    "head_provider": {
      "type": "minecraft:simple_state_provider",
      "state": {
        "Name": "minecraft:chorus_flower",
        "Properties": {
          "age": "5"
        }
      }
    }
  }
}
