{
  "type": "minecraft:decorated",
  "config": {
    "decorator": {
      "type": "minecraft:count",
      "config": {
        "count": 5
      }
    },
    "feature": {
      "type": "minecraft:decorated",
      "config": {
        "decorator": {
          "type": "minecraft:square",
          "config": {}
        },
        "feature": {
          "type": "minecraft:decorated",
          "config": {
            "decorator": {
              "type": "minecraft:range",
              "config": {
                "height": {
                  "type": "minecraft:uniform",
                  "min_inclusive": {
                    "above_bottom": 30
                  },
                  "max_inclusive": {
                    "below_top": 12
                  }
                }
              }
            },
            "feature": {
              "type": "minecraft:decorated",
              "config": {
                "decorator": {
                  "type": "minecraft:cave_surface",
                  "config": {
                    "surface": "ceiling",
                    "floor_to_ceiling_search_range": 128
                  }
                },
                "feature": {
                  "type": "minecraft:vegetation_patch",
                  "config": {
                    "surface": "ceiling",
                    "depth": 1,
                    "vertical_range": 5,
                    "extra_bottom_block_chance": 0,
                    "extra_edge_column_chance": 0,
                    "vegetation_chance": 0.1,
                    "xz_radius": {
                      "type": "minecraft:uniform",
                      "value": {
                        "min_inclusive": 3,
                        "max_inclusive": 8
                      }
                    },
                    "replaceable": "inferno:moonstone_base_blocks",
                    "ground_state": {
                      "type": "minecraft:simple_state_provider",
                      "state": {
                        "Name": "minecraft:terracotta"
                      }
                    },
                    "vegetation_feature": {
                      "type": "minecraft:random_patch",
                      "config": {
                        "can_replace": false,
                        "project": false,
                        "need_water": false,
                        "xspread": 7,
                        "yspread": 3,
                        "zspread": 7,
                        "tries": 8,
                        "state_provider": {
                          "type": "minecraft:simple_state_provider",
                          "state": {
                            "Name": "minecraft:hanging_roots",
                            "Properties": {
                              "waterlogged": "false"
                            }
                          }
                        },
                        "block_placer": {
                          "type": "minecraft:simple_block_placer"
                        },
                        "whitelist": [],
                        "blacklist": []
                      }
                    }
                  }
                }
              }
            }
          }
        }
      }
    }
  }
}