{
  "config": {
    "feature": {
      "name": "ore_redstone",
      "config": {
        "feature": {
          "config": {
            "feature": {
              "config": {
                "target": {
                  "block": "minecraft:blackstone",
                  "predicate_type": "minecraft:block_match"
                },
                "state": {
                  "Properties": {
                    "lit": "false"
                  },
                  "Name": "minecraft:redstone_ore"
                },
                "size": 21
              },
              "type": "minecraft:ore"
            },
            "decorator": {
              "config": {
                "bottom_offset": 0,
                "top_offset": 0,
                "maximum": 128
              },
              "type": "minecraft:range"
            }
          },
          "type": "minecraft:decorated"
        },
        "decorator": {
          "config": {},
          "type": "minecraft:square"
        }
      },
      "type": "minecraft:decorated"
    },
    "decorator": {
      "config": {
        "count": 26
      },
      "type": "minecraft:count"
    }
  },
  "type": "minecraft:decorated"
}