{
    "config": {
      "feature": {
        "config": {
          "feature": {
            "config": {
              "feature": {
                "config": {
                  "targets": [
                    {
                      "target": {
                        "block": "minecraft:netherrack",
                        "predicate_type": "minecraft:block_match"
                      },
                      "state": {
                        "Name": "minecraft:granite"
                      }
                    }
                  ],
                  "size": 48,
                  "discard_chance_on_air_exposure": 0.0
                },
                "type": "minecraft:ore"
              },
              "decorator": {
                "config": {
                  "bottom_inclusive": {
                    "above_bottom": 1
                  },
                  "top_inclusive": {
                    "below_top": 5
                  }
                },
                "type": "minecraft:range"
              }
            },
            "type": "minecraft:decorated"
          },
          "decorator": {
            "config": {},
            "type": "minecraft:square"
          }
        },
        "type": "minecraft:decorated"
      },
      "decorator": {
        "config": {
          "count": 32
        },
        "type": "minecraft:count"
      }
    },
    "type": "minecraft:decorated"
  }