{
	"credit": "Made with Blockbench, Modeler: DMTHGM",
	"ambientocclusion": false,
	"textures": {
		"cap": "block/bamboo_sapling",
		"cross": "block/bamboo_sapling_stem",
		"particle": "block/bamboo_sapling_stem"
	},
	"elements": [
		{
			"from": [0.8, 0, 8],
			"to": [15.2, 16, 8],
			"shade": false,
			"rotation": {"angle": 45, "axis": "y", "origin": [8, 8, 8], "rescale": true},
			"faces": {
				"north": {"uv": [0, 0, 16, 16], "texture": "#cross"},
				"south": {"uv": [0, 0, 16, 16], "texture": "#cross"}
			}
		},
		{
			"from": [8, 0, 0.8],
			"to": [8, 16, 15.2],
			"shade": false,
			"rotation": {"angle": 45, "axis": "y", "origin": [8, 8, 8], "rescale": true},
			"faces": {
				"east": {"uv": [0, 0, 16, 16], "texture": "#cross"},
				"west": {"uv": [0, 0, 16, 16], "texture": "#cross"}
			}
		},
		{
			"name": "cap",
			"from": [4, 10, 4],
			"to": [12, 13, 12],
			"rotation": {"angle": 0, "axis": "y", "origin": [8, 11, 8]},
			"faces": {
				"north": {"uv": [8, 0, 16, 3], "texture": "#cap"},
				"east": {"uv": [8, 0, 16, 3], "texture": "#cap"},
				"south": {"uv": [8, 0, 16, 3], "texture": "#cap"},
				"west": {"uv": [8, 0, 16, 3], "texture": "#cap"},
				"up": {"uv": [0, 0, 8, 8], "texture": "#cap"},
				"down": {"uv": [0, 8, 8, 16], "texture": "#cap"}
			}
		}
	]
}