{
	"credit": "Made with Blockbench",
	"parent": "block/block",
	"ambientocclusion": false,
	"textures": {
		"spikes": "block/cactus_side_spikes",
		"spikes_corner": "block/cactus_side_spikes_corners",
		"head_side": "block/cactus_head_side",
		"head_top": "block/cactus_head_top",
		"head_bottom": "block/cactus_head_bottom",
		"bottom": "block/cactus_bottom",
		"particle": "block/cactus_side",
		"side": "block/cactus_side"
	},
	"elements": [
		{
			"name": "stem",
			"from": [4, 0, 4],
			"to": [12, 16, 12],
			"rotation": {"angle": 0, "axis": "y", "origin": [10, 8, 10]},
			"faces": {
				"north": {"uv": [4, 0, 12, 16], "texture": "#side"},
				"east": {"uv": [4, 0, 12, 16], "texture": "#side"},
				"south": {"uv": [4, 0, 12, 16], "texture": "#side"},
				"west": {"uv": [4, 0, 12, 16], "texture": "#side"},
				"down": {"uv": [4, 4, 12, 12], "texture": "#bottom"}
			}
		},
		{
			"name": "cap",
			"from": [2, 13, 2],
			"to": [14, 16, 14],
			"rotation": {"angle": 0, "axis": "y", "origin": [11, 35, 5]},
			"faces": {
				"north": {"uv": [0, 0, 12, 3], "texture": "#head_side"},
				"east": {"uv": [0, 0, 12, 3], "texture": "#head_side"},
				"south": {"uv": [0, 0, 12, 3], "texture": "#head_side"},
				"west": {"uv": [0, 0, 12, 3], "texture": "#head_side"},
				"up": {"uv": [0, 0, 12, 12], "texture": "#head_top"},
				"down": {"uv": [0, 0, 12, 12], "texture": "#head_bottom"}
			}
		},
		{
			"name": "cap",
			"from": [-1, 6, 2],
			"to": [11, 9, 14],
			"rotation": {"angle": 0, "axis": "y", "origin": [8, 28, 5]},
			"faces": {
				"north": {"uv": [0, 0, 12, 3], "texture": "#head_side"},
				"east": {"uv": [0, 0, 12, 3], "texture": "#head_side"},
				"south": {"uv": [0, 0, 12, 3], "texture": "#head_side"},
				"west": {"uv": [0, 0, 12, 3], "texture": "#head_side"},
				"up": {"uv": [0, 0, 12, 12], "texture": "#head_top"},
				"down": {"uv": [0, 0, 12, 12], "texture": "#head_bottom"}
			}
		},
		{
			"name": "thorns",
			"from": [0, 0, 8],
			"to": [16, 16, 8],
			"faces": {
				"north": {"uv": [0, 0, 16, 16], "texture": "#spikes"},
				"east": {"uv": [0, 0, 0, 16], "texture": "#missing"},
				"south": {"uv": [0, 0, 16, 16], "texture": "#spikes"},
				"west": {"uv": [0, 0, 0, 16], "texture": "#missing"},
				"up": {"uv": [0, 0, 16, 0], "texture": "#missing"},
				"down": {"uv": [0, 0, 16, 0], "texture": "#missing"}
			}
		},
		{
			"name": "thorns",
			"from": [8, 0, 0],
			"to": [8, 16, 16],
			"faces": {
				"north": {"uv": [0, 0, 0, 16], "texture": "#missing"},
				"east": {"uv": [0, 0, 16, 16], "texture": "#spikes"},
				"south": {"uv": [0, 0, 0, 16], "texture": "#missing"},
				"west": {"uv": [0, 0, 16, 16], "texture": "#spikes"},
				"up": {"uv": [0, 0, 16, 0], "rotation": 270, "texture": "#missing"},
				"down": {"uv": [0, 0, 16, 0], "rotation": 90, "texture": "#missing"}
			}
		},
		{
			"name": "Corner Thorns",
			"from": [0, 0, 8],
			"to": [16, 16, 8],
			"rotation": {"angle": 45, "axis": "y", "origin": [8, 8, 8]},
			"faces": {
				"north": {"uv": [0, 0, 16, 16], "texture": "#spikes_corner"},
				"east": {"uv": [0, 0, 0, 16], "texture": "#missing"},
				"south": {"uv": [0, 0, 16, 16], "texture": "#spikes_corner"},
				"west": {"uv": [0, 0, 0, 16], "texture": "#missing"},
				"up": {"uv": [0, 0, 16, 0], "texture": "#missing"},
				"down": {"uv": [0, 0, 16, 0], "texture": "#missing"}
			}
		},
		{
			"name": "Corner Thorns",
			"from": [8, 0, 0],
			"to": [8, 16, 16],
			"rotation": {"angle": 45, "axis": "y", "origin": [8, 8, 8]},
			"faces": {
				"north": {"uv": [0, 0, 0, 16], "texture": "#missing"},
				"east": {"uv": [0, 0, 16, 16], "texture": "#spikes_corner"},
				"south": {"uv": [0, 0, 0, 16], "texture": "#missing"},
				"west": {"uv": [0, 0, 16, 16], "texture": "#spikes_corner"},
				"up": {"uv": [0, 0, 16, 0], "rotation": 270, "texture": "#missing"},
				"down": {"uv": [0, 0, 16, 0], "rotation": 90, "texture": "#missing"}
			}
		}
	],
	"groups": [0,
		{
			"name": "cap",
			"origin": [8, 8, 8],
			"children": [1, 2]
		},
		{
			"name": "thorn",
			"origin": [8, 8, 8],
			"children": [3, 4, 5, 6]
		}
	]
}