{
	"credit": "Made with Blockbench",
	"textures": {
		"0": "block/seamoss_layer1",
		"1": "block/seamoss_layer0",
		"particle": "block/seamoss_layer1"
	},
	"elements": [
		{
			"from": [0, 1, 0],
			"to": [16, 1, 16],
			"faces": {
				"up": {"uv": [0, 0, 16, 16], "texture": "#1"},
				"down": {"uv": [16, 0, 0, 16], "rotation": 180, "texture": "#1"}
			}
		},
		{
			"from": [0, 2, 0],
			"to": [16, 2, 16],
			"faces": {
				"up": {"uv": [0, 0, 16, 16], "texture": "#0"},
				"down": {"uv": [16, 0, 0, 16], "rotation": 180, "texture": "#0"}
			}
		}
	]
}