{
    "pools": [
      {
        "rolls": 1,
        "entries": [
          {
            "type": "minecraft:item",
            "name": "minecraft:book",
            "functions": [
              {
                "function": "minecraft:set_enchantments",
                "enchantments": {
                  "minecraft:flame": 1
                }
              }
            ]
          },
          {
            "type": "minecraft:item",
            "name": "minecraft:book",
            "functions": [
              {
                "function": "minecraft:set_enchantments",
                "enchantments": {
                  "minecraft:fire_protection": 1
                }
              }
            ]
          }
        ]
      }
    ]
  }