{
    "display": {
      "icon": {
        "item": "minecraft:mushroom_stew"
      },
      "title": {
        "text": "The Finer Things"
      },
      "description": {
        "text": "Sometimes you should try something before deciding you don't like it. Make some Putrid Stew."
      },
      "frame": "task",
      "show_toast": true,
      "announce_to_chat": true,
      "hidden": false
    },
    "parent": "inferno:cooking/garlic_yam",
    "criteria": {
      "quartz": {
        "trigger": "minecraft:inventory_changed",
        "conditions": {
          "items": [
            {
              "items": [
                "minecraft:mushroom_stew"
              ]
            }
          ]
        }
      }
    },
    "rewards": {
        "recipes": [
            "minecraft:golden_apple"
        ]
    },
    "experience": 30,
    "requirements": [
      [
        "quartz"
      ]
    ]
  }
  