{
    "display": {
      "icon": {
        "item": "minecraft:elytra"
      },
      "title": {
        "text": "Insect Wing Set"
      },
      "description": {
        "text": "Steal a set of your own wings from the fearsome fly monster deep hiding in the Infested Wastes."
      },
      "frame": "challenge",
      "show_toast": true,
      "announce_to_chat": true,
      "hidden": false
    },
    "parent": "inferno:inferno/infested_grove",
    "criteria": {
      "elytra": {
        "trigger": "minecraft:inventory_changed",
        "conditions": {
          "items": [
            {
              "items": [
                "minecraft:elytra"
              ]
            }
          ]
        }
      }
    },
    "requirements": [
      [
        "elytra"
      ]
    ]
  }
  