{
    "display": {
      "icon": {
        "item": "minecraft:shulker_box"
      },
      "title": {
        "text": "Basically Backpacks"
      },
      "description": {
        "text": "Using Anirrum, craft yourself a box that you can put items in and then pick up and take with you."
      },
      "frame": "task",
      "show_toast": true,
      "announce_to_chat": true,
      "hidden": false
    },
    "parent": "inferno:inferno/get_anirrum",
    "criteria": {
      "box": {
        "trigger": "minecraft:inventory_changed",
        "conditions": {
          "items": [
            {
              "items": [
                "minecraft:shulker_box"
              ]
            }
          ]
        }
      }
    },
    "requirements": [
      [
        "box"
      ]
    ]
  }
  