{
  "type": "minecraft:decorated",
  "config": {
    "decorator": {
      "type": "minecraft:count",
      "config": {
        "count": 2
      }
    },
    "feature": {
      "type": "minecraft:decorated",
      "config": {
        "decorator": {
          "type": "minecraft:square",
          "config": {}
        },
        "feature": {
          "type": "minecraft:decorated",
          "config": {
            "decorator": {
              "type": "minecraft:range",
              "config": {
                "height": {
                  "type": "minecraft:trapezoid",
                  "min_inclusive": {
                    "absolute": 28
                  },
                  "max_inclusive": {
                    "absolute": 39
                  }
                }
              }
            },
            "feature": {
              "type": "minecraft:vegetation_patch",
              "config": {
                "surface": "floor",
                "depth": {
                  "type": "minecraft:constant",
                  "value": 1
                },
                "vertical_range": 6,
                "extra_bottom_block_chance": 0.5,
                "extra_edge_column_chance": 0.5,
                "vegetation_chance": 0.1,
                "xz_radius": {
                  "type": "minecraft:uniform",
                  "value": {
                    "min_inclusive": 1,
                    "max_inclusive": 9
                  }
                },
                "replaceable": "inferno:volcanic_terrain",
                "ground_state": {
                  "type": "minecraft:simple_state_provider",
                  "state": {
                    "Name": "minecraft:red_sand"
                  }
                },
                "vegetation_feature": "minecraft:dripleaf"
              }
            }
          }
        }
      }
    }
  }
}