{
  "variants": {
    "": [
      {
        "model": "minecraft:block/cut_copper"
      },
	  {
        "model": "minecraft:block/cut_copper",
        "y": 90,
		"x": 90,
		"z": 90
      },
	  {
        "model": "minecraft:block/cut_copper",
        "y": 180,
		"x": 180,
		"z": 180
      },
      {
        "model": "minecraft:block/cut_copper",
        "y": 270,
		"x": 270,
		"z": 270
      },
	  {
        "model": "minecraft:block/cut_copper_1"
      },
	  {
        "model": "minecraft:block/cut_copper_1",
        "y": 90,
		"x": 90,
		"z": 90
      },
	  {
        "model": "minecraft:block/cut_copper_1",
        "y": 180,
		"x": 180,
		"z": 180
      },
      {
        "model": "minecraft:block/cut_copper_1",
        "y": 270,
		"x": 270,
		"z": 270
      }
    ]
  }
}