{
  "multipart": [
    {
      "when": {
        "up": "true"
      },
      "apply": [{
          "model": "minecraft:block/vine",
          "x": 270,
          "uvlock": true,
          "weight": 10
        },
        {
          "model": "minecraft:block/vine_flowers",
          "x": 270,
          "uvlock": true
        }
      ]
    },
    {
      "when": {
        "west": "true"
      },
      "apply": [{
          "model": "minecraft:block/vine",
          "y": 270,
          "uvlock": true,
          "weight": 10
        },
        {
          "model": "minecraft:block/vine_flowers",
          "y": 270,
          "uvlock": true
        }
      ]
    },
    {
      "when": {
        "east": "true"
      },
      "apply": [{
        "model": "minecraft:block/vine",
        "y": 90,
        "uvlock": true,
        "weight": 10
      },
      {
        "model": "minecraft:block/vine_flowers",
        "y": 90,
        "uvlock": true
      }]
    },
    {
      "when": {
        "south": "true"
      },
      "apply": [{
        "model": "minecraft:block/vine",
        "y": 180,
        "uvlock": true,
        "weight": 10
      },
      {
        "model": "minecraft:block/vine_flowers",
        "y": 180,
        "uvlock": true
      }]
    },
    {
      "when": {
        "north": "true"
      },
      "apply": [{
        "model": "minecraft:block/vine",
        "weight": 10
      },
      {
        "model": "minecraft:block/vine_flowers"
      }]
    }
  ]
}