{
	"credit": "Made with Blockbench",
	"parent": "block/block",
	"ambientocclusion": false,
	"textures": {
		"1": "block/chorus_side_shroom"
	},
	"elements": [
		{
			"from": [0, 7, -12],
			"to": [16, 7, 4],
			"rotation": {"angle": 0, "axis": "x", "origin": [8, 7, 4]},
			"faces": {
				"up": {"uv": [0, 0, 16, 16], "texture": "#1"},
				"down": {"uv": [0, 0, 16, 16], "rotation": 180, "texture": "#1"}
			}
		}
	],
	"display": {
		"head": {
			"translation": [0, 2, 0],
			"scale": [1.1, 1.1, 1.1]
		}
	}
}