{
	"credit": "Made with Blockbench, Modeler: DMTHGM",
	"ambientocclusion": false,
	"textures": {
		"particle": "item/warped_fungus",
		"all": "block/warped_fungus"
	},
	"elements": [
		{
			"from": [7, 0, 7],
			"to": [9, 5, 9],
			"rotation": {"angle": 0, "axis": "y", "origin": [15, 8, 15]},
			"faces": {
				"north": {"uv": [11, 8, 13, 13], "texture": "#all"},
				"east": {"uv": [11, 8, 13, 13], "texture": "#all"},
				"south": {"uv": [11, 8, 13, 13], "texture": "#all"},
				"west": {"uv": [11, 8, 13, 13], "texture": "#all"},
				"up": {"uv": [11, 8, 13, 10], "texture": "#all"},
				"down": {"uv": [11, 8, 13, 10], "texture": "#all"}
			}
		},
		{
			"from": [4, 5, 4],
			"to": [12, 8, 12],
			"rotation": {"angle": 0, "axis": "y", "origin": [15, 13, 16]},
			"faces": {
				"north": {"uv": [0, 8, 8, 11], "texture": "#all"},
				"east": {"uv": [0, 8, 8, 11], "texture": "#all"},
				"south": {"uv": [0, 8, 8, 11], "texture": "#all"},
				"west": {"uv": [0, 8, 8, 11], "texture": "#all"},
				"up": {"uv": [0, 0, 8, 8], "texture": "#all"},
				"down": {"uv": [8, 0, 16, 8], "texture": "#all"}
			}
		}
	]
}