{
  "effects": {
    "mood_sound": {
      "sound": "minecraft:ambient.warped_forest.mood",
      "tick_delay": 6000,
      "block_search_extent": 8,
      "offset": 2.0
    },
    "additions_sound": {
      "sound": "minecraft:ambient.warped_forest.additions",
      "tick_chance": 0.0111
    },
    "music": {
      "sound": "minecraft:music.nether.warped_forest",
      "min_delay": 12000,
      "max_delay": 24000,
      "replace_current_music": false
    },
    "particle": {
      "options": {
        "type": "minecraft:mycelium_dust_particle"
      },
      "probability": 0.01428
    },
    "ambient_sound": "minecraft:ambient.warped_forest.loop",
    "sky_color": 7254527,
    "fog_color": 13890559,
    "water_color": 4159204,
    "water_fog_color": 329011
  },
  "surface_builder": "nether-survival:spectre_forest",
  "carvers": {
    "air": [
      "minecraft:nether_cave"
    ]
  },
  "features": [
    [],
    [],
    [],
    [],
    [],
    [],
    [],
    [
      "nether-survival:spring_open",
      "minecraft:patch_fire",
      "minecraft:patch_soul_fire",
      "minecraft:glowstone_extra",
      "nether-survival:glowstone",
      "minecraft:glowstone_extra",
      "nether-survival:glowstone",
      "nether-survival:spring_closed",
      "nether-survival:ore_anirrum",
      "nether-survival:ore_gold_nether",
      "nether-survival:ore_quartz_nether",
      "nether-survival:ore_soul_stone",
      "nether-survival:soul_soil_base",
      "nether-survival:scoria"
    ],
    [
      "minecraft:spring_lava",
      "nether-survival:spectre_mushroom",
      "nether-survival:spectre_roots",
      "nether-survival:spectre_roots_2",
      "nether-survival:spectre_roots_3",
      "nether-survival:spectre_roots_4",
      "nether-survival:spectre_spore",
      "nether-survival:glowstone_replacer"
    ]
  ],
  "starts": [
    "minecraft:bastion_remnant"
  ],
  "spawners": {
    "monster": [
      {
        "type": "minecraft:enderman",
        "weight": 16,
        "minCount": 4,
        "maxCount": 4
      }
    ],
    "creature": [
      {
        "type": "minecraft:strider",
        "weight": 2,
        "minCount": 1,
        "maxCount": 2
      }
    ],
    "ambient": [],
    "water_creature": [],
    "water_ambient": [],
    "misc": []
  },
  "spawn_costs": {
    "minecraft:enderman": {
      "energy_budget": 0.12,
      "charge": 1.0
    }
  },
  "precipitation": "none",
  "temperature": 2.0,
  "downfall": 0.0,
  "category": "nether",
  "depth": 0.1,
  "scale": 0.2
}