{
  "type": "minecraft:decorated",
  "config": {
    "decorator": {
      "type": "minecraft:count",
      "config": {
        "count": {
          "type": "minecraft:constant",
          "value": 48
        }
      }
    },
    "feature": {
      "type": "minecraft:decorated",
      "config": {
        "decorator": {
          "type": "minecraft:square",
          "config": {}
        },
        "feature": {
          "type": "minecraft:decorated",
          "config": {
            "decorator": {
              "type": "minecraft:range",
              "config": {
                "height": {
                  "type": "minecraft:uniform",
                  "min_inclusive": {
                    "absolute": 1
                  },
                  "max_inclusive": {
                    "below_top": 1
                  }
                }
              }
            },
            "feature": {
              "type": "minecraft:decorated",
              "config": {
                "decorator": {
                  "type": "minecraft:cave_surface",
                  "config": {
                    "surface": "ceiling",
                    "floor_to_ceiling_search_range": 64
                  }
                },
                "feature": "inferno:spectre_forest/spectre_fungus"
              }
            }
          }
        }
      }
    }
  }
}