{
  "type": "minecraft:decorated",
  "config": {
    "decorator": {
      "type": "minecraft:chance",
      "config": {
        "chance": 4
      }
    },
    "feature": {
      "type": "minecraft:decorated",
      "config": {
        "decorator": {
          "type": "minecraft:square",
          "config": {}
        },
        "feature": {
          "type": "minecraft:decorated",
          "config": {
            "decorator": {
              "type": "minecraft:depth_average",
              "config": {
                "baseline": {
                  "absolute": 64
                },
                "spread": 32
              }
            },
            "feature": {
              "type": "minecraft:geode",
              "config": {
                "blocks": {
                  "filling_provider": {
                    "type": "minecraft:simple_state_provider",
                    "state": {
                      "Name": "minecraft:air"
                    }
                  },
                  "inner_layer_provider": {
                    "type": "minecraft:simple_state_provider",
                    "state": {
                      "Name": "minecraft:amethyst_block"
                    }
                  },
                  "alternate_inner_layer_provider": {
                    "type": "minecraft:simple_state_provider",
                    "state": {
                      "Name": "minecraft:budding_amethyst"
                    }
                  },
                  "middle_layer_provider": {
                    "type": "minecraft:simple_state_provider",
                    "state": {
                      "Name": "minecraft:terracotta"
                    }
                  },
                  "outer_layer_provider": {
                    "type": "minecraft:simple_state_provider",
                    "state": {
                      "Name": "minecraft:amethyst_block"
                    }
                  },
                  "inner_placements": [
                    {
                      "Name": "minecraft:small_amethyst_bud",
                      "Properties": {
                        "waterlogged": "false",
                        "lit": "true",
                        "facing": "up"
                      }
                    },
                    {
                      "Name": "minecraft:medium_amethyst_bud",
                      "Properties": {
                        "waterlogged": "false",
                        "lit": "true",
                        "facing": "up"
                      }
                    },
                    {
                      "Name": "minecraft:large_amethyst_bud",
                      "Properties": {
                        "waterlogged": "false",
                        "lit": "true",
                        "facing": "up"
                      }
                    },
                    {
                      "Name": "minecraft:amethyst_cluster",
                      "Properties": {
                        "waterlogged": "false",
                        "lit": "true",
                        "facing": "up"
                      }
                    }
                  ]
                },
                "layers": {
                  "filling": 1.7,
                  "inner_layer": 2.2,
                  "middle_layer": 3.2,
                  "outer_layer": 4.2
                },
                "crack": {
                  "generate_crack_chance": 0.95,
                  "base_crack_size": 2,
                  "crack_point_offset": 2
                },
                "noise_multiplier": 0.05,
                "use_potential_placements_chance": 0.35,
                "use_alternate_layer0_chance": 0.083,
                "placements_require_layer0_alternate": true,
                "min_outer_wall_distance": 5,
                "max_outer_wall_distance": 8,
                "min_distribution_points": 4,
                "max_distribution_points": 6,
                "min_point_offset": 2,
                "max_point_offset": 4,
                "min_gen_offset": -16,
                "max_gen_offset": 16,
                "invalid_blocks_threshold": 1
              }
            }
          }
        }
      }
    }
  }
}