{
  "type": "minecraft:decorated",
  "config": {
    "decorator": {
      "type": "minecraft:count_multilayer",
      "config": {
        "count": 16
      }
    },
    "feature": {
      "type": "minecraft:block_pile",
      "config": {
        "state_provider": {
          "type": "minecraft:weighted_state_provider",
          "entries": [
            {
              "weight": 1,
              "data": {
                "Name": "minecraft:small_amethyst_bud",
                "Properties": {
                  "waterlogged": "false",
                  "facing": "up",
                  "lit": "true"
                }
              }
            },
            {
              "weight": 32,
              "data": {
                "Name": "minecraft:air"
              }
            }
          ]
        }
      }
    }
  }
}