{
    "parent": "minecraft:recipes/root",
    "rewards": {
      "recipes": [
        "minecraft:respawn_anchor",
        "minecraft:ender_chest",
        "minecraft:tinted_glass",
        "minecraft:anvil",
        "minecraft:golden_carrot"
      ]
    },
    "criteria": {
      "has_blaze_rod": {
        "trigger": "minecraft:inventory_changed",
        "conditions": {
          "items": [
            {
              "items": ["minecraft:clay_ball"]
            }
          ]
        }
      },
      "has_the_recipe": {
        "trigger": "minecraft:recipe_unlocked",
        "conditions": {
          "recipe": "minecraft:tinted_glass"
        }
      }
    },
    "requirements": [
      [
        "has_blaze_rod",
        "has_the_recipe"
      ]
    ]
  }