{
    "parent": "minecraft:recipes/root",
    "rewards": {
      "recipes": [
        "minecraft:gold_nugget",
        "minecraft:golden_sword",
        "minecraft:golden_axe",
        "minecraft:golden_shovel",
        "minecraft:golden_hoe",
        "minecraft:golden_pickaxe",
        "minecraft:clock",
        "minecraft:light_weighted_pressure_plate",
        "minecraft:iron_horse_armor",
        "minecraft:gold_block"
      ]
    },
    "criteria": {
      "has_blaze_rod": {
        "trigger": "minecraft:inventory_changed",
        "conditions": {
          "items": [
            {
              "items": ["minecraft:gold_ingot"]
            }
          ]
        }
      },
      "has_the_recipe": {
        "trigger": "minecraft:recipe_unlocked",
        "conditions": {
          "recipe": "minecraft:gold_nugget"
        }
      }
    },
    "requirements": [
      [
        "has_blaze_rod",
        "has_the_recipe"
      ]
    ]
  }