{
    "parent": "minecraft:recipes/root",
    "rewards": {
      "recipes": [
        "minecraft:oak_stairs",
        "minecraft:oak_slab",
        "minecraft:oak_pressure_plate",
        "minecraft:oak_sign",
        "minecraft:oak_door",
        "minecraft:oak_trapdoor",
        "minecraft:oak_button",
        "minecraft:oak_fence",
        "minecraft:oak_fence_gate",
        "minecraft:stripped_dark_oak_log"

      ]
    },
    "criteria": {
      "has_blaze_rod": {
        "trigger": "minecraft:inventory_changed",
        "conditions": {
          "items": [
            {
              "items": ["minecraft:oak_planks"]
            }
          ]
        }
      },
      "has_the_recipe": {
        "trigger": "minecraft:recipe_unlocked",
        "conditions": {
          "recipe": "minecraft:oak_stairs"
        }
      }
    },
    "requirements": [
      [
        "has_blaze_rod",
        "has_the_recipe"
      ]
    ]
  }