{
    "parent": "minecraft:recipes/root",
    "rewards": {
      "recipes": [
        "minecraft:lead",
        "minecraft:bow",
        "minecraft:crossbow",
        "minecraft:loom",
        "minecraft:scaffolding",
        "minecraft:white_wool_from_string"
      ]
    },
    "criteria": {
      "has_blaze_rod": {
        "trigger": "minecraft:inventory_changed",
        "conditions": {
          "items": [
            {
              "items": ["minecraft:string"]
            }
          ]
        }
      },
      "has_the_recipe": {
        "trigger": "minecraft:recipe_unlocked",
        "conditions": {
          "recipe": "minecraft:lead"
        }
      }
    },
    "requirements": [
      [
        "has_blaze_rod",
        "has_the_recipe"
      ]
    ]
  }