{
    "parent": "minecraft:recipes/root",
    "rewards": {
      "recipes": [
        "minecraft:cobbled_deepslate_stairs",
        "minecraft:cobbled_deepslate_wall",
        "minecraft:cobbled_deepslate_slab",
        "minecraft:chiseled_deepslate",
        "minecraft:polished_deepslate",
        "minecraft:polished_deepslate_stairs",
        "minecraft:polished_deepslate_wall",
        "minecraft:polished_deepslate_slab",
        "minecraft:deepslate_bricks",
        "minecraft:deepslate_brick_stairs",
        "minecraft:deepslate_brick_wall",
        "minecraft:deepslate_brick_slab"
      ]
    },
    "criteria": {
      "has_blaze_rod": {
        "trigger": "minecraft:inventory_changed",
        "conditions": {
          "items": [
            {
              "items": ["minecraft:cobbled_deepslate"]
            }
          ]
        }
      },
      "has_the_recipe": {
        "trigger": "minecraft:recipe_unlocked",
        "conditions": {
          "recipe": "minecraft:cobbled_deepslate_stairs"
        }
      }
    },
    "requirements": [
      [
        "has_blaze_rod",
        "has_the_recipe"
      ]
    ]
  }