{
    "parent": "minecraft:recipes/root",
    "rewards": {
      "recipes": [
        "minecraft:red_wool",
        "minecraft:orange_wool",
        "minecraft:yellow_wool",
        "minecraft:lime_wool",
        "minecraft:green_wool",
        "minecraft:cyan_wool",
        "minecraft:light_blue_wool",
        "minecraft:blue_wool",
        "minecraft:purple_wool",
        "minecraft:magenta_wool",
        "minecraft:pink_wool",
        "minecraft:brown_wool",
        "minecraft:gray_wool",
        "minecraft:light_gray_wool",
        "minecraft:black_wool",

        "minecraft:red_carpet",
        "minecraft:orange_carpet",
        "minecraft:yellow_carpet",
        "minecraft:lime_carpet",
        "minecraft:green_carpet",
        "minecraft:cyan_carpet",
        "minecraft:light_blue_carpet",
        "minecraft:blue_carpet",
        "minecraft:purple_carpet",
        "minecraft:magenta_carpet",
        "minecraft:pink_carpet",
        "minecraft:brown_carpet",
        "minecraft:gray_carpet",
        "minecraft:light_gray_carpet",
        "minecraft:black_carpet",
        "minecraft:white_carpet",
        
        "minecraft:red_carpet_from_white_carpet",
        "minecraft:orange_carpet_from_white_carpet",
        "minecraft:yellow_carpet_from_white_carpet",
        "minecraft:lime_carpet_from_white_carpet",
        "minecraft:green_carpet_from_white_carpet",
        "minecraft:cyan_carpet_from_white_carpet",
        "minecraft:light_blue_carpet_from_white_carpet",
        "minecraft:blue_carpet_from_white_carpet",
        "minecraft:purple_carpet_from_white_carpet",
        "minecraft:magenta_carpet_from_white_carpet",
        "minecraft:pink_carpet_from_white_carpet",
        "minecraft:brown_carpet_from_white_carpet",
        "minecraft:gray_carpet_from_white_carpet",
        "minecraft:light_gray_carpet_from_white_carpet",
        "minecraft:black_carpet_from_white_carpet"
      ]
    },
    "criteria": {
      "has_blaze_rod": {
        "trigger": "minecraft:inventory_changed",
        "conditions": {
          "items": [
            {
              "items": ["minecraft:white_wool"]
            }
          ]
        }
      },
      "has_the_recipe": {
        "trigger": "minecraft:recipe_unlocked",
        "conditions": {
          "recipe": "minecraft:red_wool"
        }
      }
    },
    "requirements": [
      [
        "has_blaze_rod",
        "has_the_recipe"
      ]
    ]
  }