{
	"credit": "Made with Blockbench, Modeler: DMTHGM",
	"textures": {
		"top": "block/bamboo_large_leaves_top",
		"side": "block/bamboo_large_leaves_side",
		"bottom": "block/bamboo_large_bottom"
	},
	"elements": [
		{
			"from": [1, 12, 1],
			"to": [15, 16, 15],
			"rotation": {"angle": 0, "axis": "y", "origin": [8, 12, 8]},
			"faces": {
				"north": {"uv": [15, 0, 1, 4], "texture": "#side"},
				"east": {"uv": [15, 0, 1, 4], "texture": "#side"},
				"south": {"uv": [15, 0, 1, 4], "texture": "#side"},
				"west": {"uv": [15, 0, 1, 4], "texture": "#side"},
				"up": {"uv": [1, 1, 15, 15], "texture": "#top"},
				"down": {"uv": [1, 1, 15, 15], "texture": "#bottom"}
			}
		}
	]
}