{
	"credit": "Made with Blockbench",
	"texture_size": [32, 16],
	"textures": {
		"particle": "#particle"
	},
	"elements": [
		{
			"from": [5, 2, 12],
			"to": [11, 8, 16],
			"rotation": {"angle": 0, "axis": "x", "origin": [8.5, 8.66667, 13.75]},
			"faces": {
				"north": {"uv": [13, 0, 16, 6], "rotation": 180, "texture": "#all"},
				"east": {"uv": [0, 12, 3, 16], "rotation": 90, "texture": "#all"},
				"south": {"uv": [13, 6, 16, 12], "texture": "#all"},
				"west": {"uv": [0, 12, 3, 16], "rotation": 270, "texture": "#all"},
				"up": {"uv": [0, 12, 3, 16], "texture": "#all"},
				"down": {"uv": [0, 12, 3, 16], "rotation": 180, "texture": "#all"}
			}
		},
		{
			"from": [9, 9, 12],
			"to": [15, 15, 16],
			"rotation": {"angle": 0, "axis": "x", "origin": [8.5, 8.66667, 13.75]},
			"faces": {
				"north": {"uv": [13, 0, 16, 6], "rotation": 180, "texture": "#all"},
				"east": {"uv": [0, 12, 3, 16], "rotation": 90, "texture": "#all"},
				"south": {"uv": [13, 6, 16, 12], "texture": "#all"},
				"west": {"uv": [0, 12, 3, 16], "rotation": 270, "texture": "#all"},
				"up": {"uv": [0, 12, 3, 16], "texture": "#all"},
				"down": {"uv": [0, 12, 3, 16], "rotation": 180, "texture": "#all"}
			}
		},
		{
			"from": [4, 10, 7],
			"to": [8, 14, 16],
			"rotation": {"angle": 0, "axis": "x", "origin": [8.5, 8.66667, 8.75]},
			"faces": {
				"north": {"uv": [13.5, 1, 15.5, 5], "rotation": 180, "texture": "#all"},
				"east": {"uv": [3, 7, 5, 16], "rotation": 90, "texture": "#all"},
				"south": {"uv": [13.5, 7, 15.5, 11], "texture": "#all"},
				"west": {"uv": [3, 7, 5, 16], "rotation": 270, "texture": "#all"},
				"up": {"uv": [3, 7, 5, 16], "texture": "#all"},
				"down": {"uv": [3, 7, 5, 16], "rotation": 180, "texture": "#all"}
			}
		},
		{
			"from": [2, 5, 10],
			"to": [6, 10, 16],
			"rotation": {"angle": 0, "axis": "x", "origin": [8.5, 8.66667, 11.75]},
			"faces": {
				"north": {"uv": [13.5, 1, 15.5, 5], "rotation": 180, "texture": "#all"},
				"east": {"uv": [3, 7, 5, 16], "rotation": 90, "texture": "#all"},
				"south": {"uv": [13.5, 7, 15.5, 11], "texture": "#all"},
				"west": {"uv": [5, 10, 7.5, 16], "rotation": 270, "texture": "#all"},
				"up": {"uv": [3, 10, 5, 16], "texture": "#all"},
				"down": {"uv": [3, 10, 5, 16], "rotation": 180, "texture": "#all"}
			}
		},
		{
			"from": [10, 5, 7],
			"to": [14, 9, 16],
			"rotation": {"angle": 0, "axis": "x", "origin": [8.5, 8.66667, 8.75]},
			"faces": {
				"north": {"uv": [13.5, 1, 15.5, 5], "rotation": 180, "texture": "#all"},
				"east": {"uv": [3, 7, 5, 16], "rotation": 90, "texture": "#all"},
				"south": {"uv": [13.5, 7, 15.5, 11], "texture": "#all"},
				"west": {"uv": [3, 7, 5, 16], "rotation": 270, "texture": "#all"},
				"up": {"uv": [3, 7, 5, 16], "texture": "#all"},
				"down": {"uv": [3, 7, 5, 16], "rotation": 180, "texture": "#all"}
			}
		},
		{
			"from": [6, 6, 4],
			"to": [12, 12, 16],
			"rotation": {"angle": 0, "axis": "x", "origin": [8.5, 8.66667, 5.75]},
			"faces": {
				"north": {"uv": [13, 0, 16, 6], "rotation": 180, "texture": "#all"},
				"east": {"uv": [0, 4, 3, 16], "rotation": 90, "texture": "#all"},
				"south": {"uv": [13, 6, 16, 12], "texture": "#all"},
				"west": {"uv": [0, 4, 3, 16], "rotation": 270, "texture": "#all"},
				"up": {"uv": [0, 4, 3, 16], "texture": "#all"},
				"down": {"uv": [0, 4, 3, 16], "rotation": 180, "texture": "#all"}
			}
		}
	],
	"display": {
		"thirdperson_righthand": {
			"rotation": [75, 45, 0],
			"translation": [0, 2.5, 0],
			"scale": [0.375, 0.375, 0.375]
		},
		"thirdperson_lefthand": {
			"rotation": [75, 45, 0],
			"translation": [0, 2.5, 0],
			"scale": [0.375, 0.375, 0.375]
		},
		"firstperson_righthand": {
			"rotation": [0, 45, 0],
			"translation": [-1, 2, 0],
			"scale": [0.4, 0.4, 0.4]
		},
		"firstperson_lefthand": {
			"rotation": [0, 225, 0],
			"translation": [-1, 2, 0],
			"scale": [0.4, 0.4, 0.4]
		},
		"ground": {
			"scale": [0.25, 0.25, 0.25]
		},
		"gui": {
			"rotation": [30, 225, 0],
			"scale": [0.625, 0.625, 0.625]
		},
		"head": {
			"translation": [0, 12.5, 0],
			"scale": [0.8, 0.8, 0.8]
		},
		"fixed": {
			"scale": [0.5, 0.5, 0.5]
		}
	}
}