{
	"credit": "Made with Blockbench",
	"ambientocclusion": false,
	"textures": {
		"0": "block/kelp_plant",
		"1": "block/kelp_fruit",
		"particle": "block/kelp_plant"
	},
	"elements": [
		{
			"from": [0.8, 0, 8],
			"to": [15.2, 16, 8],
			"shade": false,
			"rotation": {"angle": 45, "axis": "y", "origin": [8, 8, 8], "rescale": true},
			"faces": {
				"north": {"uv": [0, 0, 16, 16], "texture": "#0"},
				"south": {"uv": [0, 0, 16, 16], "texture": "#0"}
			}
		},
		{
			"from": [8, 0, 0.8],
			"to": [8, 16, 15.2],
			"shade": false,
			"rotation": {"angle": 45, "axis": "y", "origin": [8, 8, 8], "rescale": true},
			"faces": {
				"east": {"uv": [0, 0, 16, 16], "texture": "#0"},
				"west": {"uv": [0, 0, 16, 16], "texture": "#0"}
			}
		},
		{
			"from": [2, 8, 2],
			"to": [8, 14, 8],
			"faces": {
				"north": {"uv": [0, 6, 6, 12], "texture": "#1"},
				"east": {"uv": [6, 6, 12, 12], "texture": "#1"},
				"south": {"uv": [6, 6, 12, 12], "texture": "#1"},
				"west": {"uv": [0, 6, 6, 12], "texture": "#1"},
				"up": {"uv": [0, 0, 6, 6], "texture": "#1"},
				"down": {"uv": [6, 0, 12, 6], "texture": "#1"}
			}
		},
		{
			"from": [8, 2, 8],
			"to": [14, 8, 14],
			"faces": {
				"north": {"uv": [0, 6, 6, 12], "texture": "#1"},
				"east": {"uv": [6, 6, 12, 12], "texture": "#1"},
				"south": {"uv": [6, 6, 12, 12], "texture": "#1"},
				"west": {"uv": [0, 6, 6, 12], "texture": "#1"},
				"up": {"uv": [0, 0, 6, 6], "texture": "#1"},
				"down": {"uv": [6, 0, 12, 6], "texture": "#1"}
			}
		}
	],
	"groups": [
		{
			"name": "cross",
			"origin": [8, 8, 8],
			"color": 0,
			"children": [0, 1]
		}, 2, 3]
}