{
	"credit": "Made with Blockbench",
	"textures": {
		"0": "block/lightning_rod",
		"particle": "block/lightning_rod"
	},
	"elements": [
		{
			"name": "Cluster",
			"from": [6, 0, 6],
			"to": [10, 16, 10],
			"rotation": {"angle": 0, "axis": "x", "origin": [8, -1, 8]},
			"faces": {
				"north": {"uv": [9, 0, 13, 16], "texture": "#0"},
				"east": {"uv": [9, 0, 13, 16], "texture": "#0"},
				"south": {"uv": [9, 0, 13, 16], "texture": "#0"},
				"west": {"uv": [9, 0, 13, 16], "texture": "#0"},
				"up": {"uv": [0, 0, 4, 4], "texture": "#0"},
				"down": {"uv": [4, 0, 8, 4], "texture": "#0"}
			}
		},
		{
			"name": "Cluster",
			"from": [5, -1, 8],
			"to": [8, 7, 11],
			"rotation": {"angle": 22.5, "axis": "z", "origin": [7, -2, 10]},
			"faces": {
				"north": {"uv": [13, 8, 16, 16], "texture": "#0"},
				"east": {"uv": [13, 8, 16, 16], "texture": "#0"},
				"south": {"uv": [13, 8, 16, 16], "texture": "#0"},
				"west": {"uv": [13, 8, 16, 16], "texture": "#0"},
				"up": {"uv": [0, 4, 3, 7], "texture": "#0"},
				"down": {"uv": [4, 4, 7, 7], "texture": "#0"}
			}
		},
		{
			"name": "Cluster",
			"from": [8, -1, 8],
			"to": [11, 7, 11],
			"rotation": {"angle": 22.5, "axis": "x", "origin": [10, -2, 10]},
			"faces": {
				"north": {"uv": [13, 8, 16, 16], "texture": "#0"},
				"east": {"uv": [13, 8, 16, 16], "texture": "#0"},
				"south": {"uv": [13, 8, 16, 16], "texture": "#0"},
				"west": {"uv": [13, 8, 16, 16], "texture": "#0"},
				"up": {"uv": [0, 4, 3, 7], "texture": "#0"},
				"down": {"uv": [4, 4, 7, 7], "texture": "#0"}
			}
		},
		{
			"name": "Cluster",
			"from": [5, -1, 5],
			"to": [8, 7, 8],
			"rotation": {"angle": -22.5, "axis": "x", "origin": [7, -2, 7]},
			"faces": {
				"north": {"uv": [13, 8, 16, 16], "texture": "#0"},
				"east": {"uv": [13, 8, 16, 16], "texture": "#0"},
				"south": {"uv": [13, 8, 16, 16], "texture": "#0"},
				"west": {"uv": [13, 8, 16, 16], "texture": "#0"},
				"up": {"uv": [0, 4, 3, 7], "texture": "#0"},
				"down": {"uv": [4, 4, 7, 7], "texture": "#0"}
			}
		},
		{
			"name": "Cluster",
			"from": [8, -1, 5],
			"to": [11, 7, 8],
			"rotation": {"angle": -22.5, "axis": "z", "origin": [10, -2, 7]},
			"faces": {
				"north": {"uv": [13, 8, 16, 16], "texture": "#0"},
				"east": {"uv": [13, 8, 16, 16], "texture": "#0"},
				"south": {"uv": [13, 8, 16, 16], "texture": "#0"},
				"west": {"uv": [13, 8, 16, 16], "texture": "#0"},
				"up": {"uv": [0, 4, 3, 7], "texture": "#0"},
				"down": {"uv": [4, 4, 7, 7], "texture": "#0"}
			}
		}
	],
	"display": {
		"thirdperson_righthand": {
			"rotation": [75, 45, 0],
			"translation": [0, 2.5, 1],
			"scale": [0.375, 0.375, 0.375]
		},
		"thirdperson_lefthand": {
			"rotation": [75, 45, 0],
			"translation": [0, 2.5, 1],
			"scale": [0.375, 0.375, 0.375]
		},
		"firstperson_righthand": {
			"rotation": [0, 45, -1],
			"translation": [0, 4.25, 0],
			"scale": [0.6, 0.6, 0.6]
		},
		"firstperson_lefthand": {
			"rotation": [0, 45, -1],
			"translation": [0, 4.25, 0],
			"scale": [0.6, 0.6, 0.6]
		},
		"ground": {
			"translation": [0, 3, 0],
			"scale": [0.5, 0.5, 0.5]
		},
		"gui": {
			"rotation": [30, 225, 0],
			"translation": [0, 0.75, 0],
			"scale": [0.825, 0.825, 0.825]
		},
		"head": {
			"translation": [0, 14.5, 0]
		},
		"fixed": {
			"translation": [0, 0, -1],
			"scale": [0.8, 0.8, 0.8]
		}
	}
}