{
	"credit": "Made with Blockbench",
	"textures": {
		"1": "block/seamoss_layer0",
		"2": "block/seamoss_layer2",
		"particle": "block/seamoss_layer1"
	},
	"elements": [
		{
			"from": [9, 0, 2],
			"to": [15, 6, 8],
			"faces": {
				"north": {"uv": [0, 0, 6, 6], "texture": "#2"},
				"east": {"uv": [0, 0, 6, 6], "texture": "#2"},
				"south": {"uv": [0, 0, 6, 6], "texture": "#2"},
				"west": {"uv": [0, 0, 6, 6], "texture": "#2"},
				"up": {"uv": [0, 0, 6, 6], "texture": "#2"}
			}
		},
		{
			"from": [4, 0, 8],
			"to": [8, 4, 12],
			"faces": {
				"north": {"uv": [6, 0, 10, 4], "texture": "#2"},
				"east": {"uv": [6, 0, 10, 4], "texture": "#2"},
				"south": {"uv": [6, 0, 10, 4], "texture": "#2"},
				"west": {"uv": [6, 0, 10, 4], "texture": "#2"},
				"up": {"uv": [6, 0, 10, 4], "texture": "#2"}
			}
		},
		{
			"from": [0, 1, 0],
			"to": [16, 1, 16],
			"faces": {
				"up": {"uv": [0, 0, 16, 16], "texture": "#1"},
				"down": {"uv": [16, 0, 0, 16], "rotation": 180, "texture": "#1"}
			}
		},
		{
			"from": [0, 2, 0],
			"to": [16, 2, 16],
			"faces": {
				"up": {"uv": [0, 0, 16, 16], "texture": "#particle"},
				"down": {"uv": [16, 0, 0, 16], "rotation": 180, "texture": "#particle"}
			}
		}
	],
	"groups": [0, 1,
		{
			"name": "seagrass",
			"origin": [8, 8, 8],
			"children": [2, 3]
		}
	]
}