{
	"credit": "Made with Blockbench, Modeler: DMTHGM",
	"parent": "block/block",
	"textures": {
		"stem": "block/small_dripleaf_stem_bottom",
		"particle": "block/small_dripleaf_stem_bottom"
	},
	"elements": [
		{
			"from": [4.5, 0, 8],
			"to": [11.5, 16, 8],
			"shade": false,
			"rotation": {"angle": 45, "axis": "y", "origin": [8, 8, 8], "rescale": true},
			"faces": {
				"north": {"uv": [3, 0, 14, 16], "texture": "#stem"},
				"south": {"uv": [3, 0, 14, 16], "texture": "#stem"}
			}
		},
		{
			"from": [4.5, 0, 8],
			"to": [11.5, 16, 8],
			"shade": false,
			"rotation": {"angle": -45, "axis": "y", "origin": [8, 8, 8], "rescale": true},
			"faces": {
				"north": {"uv": [3, 0, 14, 16], "texture": "#stem"},
				"south": {"uv": [3, 0, 14, 16], "texture": "#stem"}
			}
		}
	]
}