{
    "type": "minecraft:decorated",
    "config": {
      "decorator": {
        "type": "minecraft:count",
        "config": {
          "count": 64
        }
      },
      "feature": {
        "type": "minecraft:decorated",
        "config": {
          "decorator": {
            "type": "minecraft:square",
            "config": {}
          },
          "feature": {
            "type": "minecraft:decorated",
            "config": {
              "decorator": {
                "type": "minecraft:decorated",
                "config": {
                  "outer": {
                    "type": "minecraft:range",
                    "config": {
                      "height": {
                        "type": "minecraft:uniform",
                        "min_inclusive": {
                          "above_bottom": 5
                        },
                        "max_inclusive": {
                          "below_top": 12
                        }
                      }
                    }
                  },
                  "inner": {
                    "type": "minecraft:decorated",
                    "config": {
                      "outer": {
                        "type": "minecraft:cave_surface",
                        "config": {
                          "surface": "ceiling",
                          "floor_to_ceiling_search_range": 128
                        }
                      },
                      "inner": {
                        "type": "minecraft:count_noise_biased",
                        "config": {
                          "noise_to_count_ratio": 1,
                          "noise_factor": 50,
                          "noise_offset": 0
                        }
                      }
                    }
                  }
                }
              },
              "feature": {
                "type": "minecraft:vegetation_patch",
                "config": {
                  "surface": "ceiling",
                  "depth": {
                    "type": "minecraft:uniform",
                    "value": {
                      "min_inclusive": 1,
                      "max_inclusive": 3
                    }
                  },
                  "vertical_range": 5,
                  "extra_bottom_block_chance": 0.3,
                  "extra_edge_column_chance": 0.4,
                  "vegetation_chance": 0,
                  "xz_radius": {
                    "type": "minecraft:uniform",
                    "value": {
                      "min_inclusive": 1,
                      "max_inclusive": 5
                    }
                  },
                  "replaceable": "minecraft:base_stone_nether",
                  "ground_state": {
                    "type": "minecraft:simple_state_provider",
                    "state": {
                      "Name": "minecraft:honey_block"
                    }
                  },
                  "vegetation_feature": {
                    "type": "minecraft:no_op",
                    "config": {}
                  }
                }
              }
            }
          }
        }
      }
    }
  }