{
    "type": "minecraft:decorated",
    "config": {
      "decorator": {
        "type": "minecraft:count",
        "config": {
          "count": 8
        }
      },
      "feature": {
        "type": "minecraft:decorated",
        "config": {
          "decorator": {
            "type": "minecraft:decorated",
            "config": {
              "outer": {
                "type": "minecraft:range",
                "config": {
                  "height": {
                    "type": "minecraft:uniform",
                    "min_inclusive": {
                      "above_bottom": 30
                    },
                    "max_inclusive": {
                      "below_top": 10
                    }
                  }
                }
              },
              "inner": {
                "type": "minecraft:decorated",
                "config": {
                  "outer": {
                    "type": "minecraft:decorated",
                    "config": {
                      "outer": {
                        "type": "minecraft:cave_surface",
                        "config": {
                          "surface": "ceiling",
                          "floor_to_ceiling_search_range": 128
                        }
                      },
                      "inner": {
                        "type": "minecraft:square",
                        "config": {}
                      }
                    }
                  },
                  "inner": {
                    "type": "minecraft:count_noise_biased",
                    "config": {
                      "noise_to_count_ratio": 1,
                      "noise_factor": 50,
                      "noise_offset": -0.3
                    }
                  }
                }
              }
            }
          },
          "feature": {
            "type": "minecraft:growing_plant",
            "config": {
              "direction": "down",
              "allow_water": false,
              "height_distribution": [
                {
                  "weight": 4,
                  "data": {
                    "type": "minecraft:uniform",
                    "value": {
                      "min_inclusive": 5,
                      "max_inclusive": 8
                    }
                  }
                },
                {
                  "weight": 10,
                  "data": {
                    "type": "minecraft:uniform",
                    "value": {
                      "min_inclusive": 10,
                      "max_inclusive": 32
                    }
                  }
                }
              ],
              "body_provider": {
                "type": "minecraft:weighted_state_provider",
                "entries": [
                  {
                    "weight": 5,
                    "data": {
                      "Name": "minecraft:honey_block"
                    }
                  },
                  {
                    "weight": 1,
                    "data": {
                      "Name": "minecraft:air"
                    }
                  }
                ]
              },
              "head_provider": {
                "type": "minecraft:simple_state_provider",
                "state": {
                  "Name": "minecraft:honey_block"
                }
              }
            }
          }
        }
      }
    }
  }