{
	"credit": "Made with Blockbench",
	"textures": {
		"0": "entity/skeleton/wither_skeleton_rose",
		"1": "entity/skeleton/wither_skeleton_rose_stem",
		"particle": "entity/skeleton/wither_skeleton_rose"
	},
	"elements": [
		{
			"from": [-8, 16, 0],
			"to": [8, 16, 16],
			"rotation": {"angle": -22.5, "axis": "z", "origin": [8, 16, 8]},
			"faces": {
				"north": {"uv": [0, 0, 0, 16], "rotation": 270, "texture": "#missing"},
				"east": {"uv": [0, 0, 16, 0], "texture": "#missing"},
				"south": {"uv": [0, 0, 16, 0], "texture": "#missing"},
				"west": {"uv": [0, 0, 16, 0], "texture": "#missing"},
				"up": {"uv": [0, 0, 16, 16], "rotation": 270, "texture": "#0"},
				"down": {"uv": [0, 0, 16, 16], "rotation": 270, "texture": "#0"}
			}
		},
		{
			"from": [0, 16, 8],
			"to": [16, 16, 24],
			"rotation": {"angle": -22.5, "axis": "x", "origin": [8, 16, 8]},
			"faces": {
				"north": {"uv": [0, 0, 16, 0], "texture": "#missing"},
				"east": {"uv": [0, 0, 16, 0], "texture": "#missing"},
				"south": {"uv": [0, 0, 16, 0], "texture": "#missing"},
				"west": {"uv": [0, 0, 0, 16], "rotation": 270, "texture": "#missing"},
				"up": {"uv": [0, 0, 16, 16], "rotation": 180, "texture": "#0"},
				"down": {"uv": [0, 0, 16, 16], "texture": "#0"}
			}
		},
		{
			"from": [0, 16, -8],
			"to": [16, 16, 8],
			"rotation": {"angle": 22.5, "axis": "x", "origin": [8, 16, 8]},
			"faces": {
				"north": {"uv": [0, 0, 16, 0], "rotation": 180, "texture": "#missing"},
				"east": {"uv": [0, 0, 16, 0], "rotation": 180, "texture": "#missing"},
				"south": {"uv": [0, 0, 16, 0], "rotation": 180, "texture": "#missing"},
				"west": {"uv": [0, 0, 0, 16], "rotation": 90, "texture": "#missing"},
				"up": {"uv": [0, 0, 16, 16], "texture": "#0"},
				"down": {"uv": [0, 0, 16, 16], "rotation": 180, "texture": "#0"}
			}
		},
		{
			"from": [8, 16, 0],
			"to": [24, 16, 16],
			"rotation": {"angle": 22.5, "axis": "z", "origin": [8, 16, 8]},
			"faces": {
				"north": {"uv": [0, 0, 0, 16], "rotation": 90, "texture": "#missing"},
				"east": {"uv": [0, 0, 16, 0], "rotation": 180, "texture": "#missing"},
				"south": {"uv": [0, 0, 16, 0], "rotation": 180, "texture": "#missing"},
				"west": {"uv": [0, 0, 16, 0], "rotation": 180, "texture": "#missing"},
				"up": {"uv": [0, 0, 16, 16], "rotation": 90, "texture": "#0"},
				"down": {"uv": [0, 0, 16, 16], "rotation": 90, "texture": "#0"}
			}
		},
		{
			"from": [8, 0, 0],
			"to": [8, 16, 16],
			"rotation": {"angle": -45, "axis": "y", "origin": [8, -8, 8]},
			"faces": {
				"north": {"uv": [0, 0, 0, 16], "texture": "#missing"},
				"east": {"uv": [0, 0, 16, 16], "texture": "#1"},
				"south": {"uv": [0, 0, 0, 16], "texture": "#missing"},
				"west": {"uv": [0, 0, 16, 16], "texture": "#1"},
				"up": {"uv": [0, 0, 16, 0], "rotation": 270, "texture": "#missing"},
				"down": {"uv": [0, 0, 16, 0], "rotation": 90, "texture": "#missing"}
			}
		},
		{
			"from": [0, 0, 8],
			"to": [16, 16, 8],
			"rotation": {"angle": -45, "axis": "y", "origin": [8, -8, 8]},
			"faces": {
				"north": {"uv": [0, 0, 16, 16], "texture": "#1"},
				"east": {"uv": [0, 0, 0, 16], "texture": "#missing"},
				"south": {"uv": [0, 0, 16, 16], "texture": "#1"},
				"west": {"uv": [0, 0, 0, 16], "texture": "#missing"},
				"up": {"uv": [0, 0, 16, 0], "texture": "#missing"},
				"down": {"uv": [0, 0, 16, 0], "texture": "#missing"}
			}
		}
	],
	"display": {
		"head": {
			"translation": [0, 7, 0]
		}
	},
	"groups": [
		{
			"name": "rose",
			"origin": [8, 0, 8],
			"children": [0, 1, 2, 3]
		},
		{
			"name": "cross",
			"origin": [8, 0, 8],
			"children": [4, 5]
		}
	]
}