{
  "variants": {
    "": [
      {
        "model": "minecraft:block/kelp_plant",
        "weight": 10
      },
      {
        "model": "minecraft:block/kelp_plant_alternate",
        "weight": 2
      },
      {
        "model": "minecraft:block/kelp_plant_alternate",
        "weight": 2,
        "y": 90
      },
      {
        "model": "minecraft:block/kelp_plant_alternate",
        "weight": 2,
        "y": 180
      },
      {
        "model": "minecraft:block/kelp_plant_alternate",
        "weight": 2,
        "y": 270
      }
    ]
  }
}