{
	"credit": "Made with Blockbench",
	"parent": "block/block",
	"ambientocclusion": false,
	"textures": {
		"particle": "block/chorus_plant",
		"all": "block/chorus_plant"
	},
	"elements": [
		{
			"from": [4, 0, 4],
			"to": [12, 4, 12],
			"rotation": {"angle": 0, "axis": "x", "origin": [8, 0, 8]},
			"faces": {
				"north": {"uv": [4, 12, 12, 16], "texture": "#all"},
				"east": {"uv": [4, 12, 12, 16], "texture": "#all"},
				"south": {"uv": [4, 12, 12, 16], "texture": "#all"},
				"west": {"uv": [4, 12, 12, 16], "texture": "#all"},
				"up": {"uv": [4, 4, 12, 12], "texture": "#all"},
				"down": {"uv": [4, 4, 12, 12], "texture": "#all"}
			}
		}
	],
	"display": {
		"head": {
			"translation": [0, 2, 0],
			"scale": [1.1, 1.1, 1.1]
		}
	}
}