{
    "type": "minecraft:decorated",
    "config": {
      "decorator": {
        "type": "minecraft:count",
        "config": {
          "count": 64
        }
      },
      "feature": {
        "type": "minecraft:decorated",
        "config": {
          "decorator": {
            "type": "minecraft:decorated",
            "config": {
              "outer": {
                "type": "minecraft:square",
                "config": {}
              },
              "inner": {
                "type": "minecraft:decorated",
                "config": {
                  "outer": {
                    "type": "minecraft:count_noise_biased",
                    "config": {
                      "noise_to_count_ratio": 1,
                      "noise_factor": 75,
                      "noise_offset": 0.2
                    }
                  },
                  "inner": {
                    "type": "minecraft:count_noise_biased",
                    "config": {
                      "noise_to_count_ratio": -1,
                      "noise_factor": 75,
                      "noise_offset": -0.2
                    }
                  }
                }
              }
            }
          },
          "feature": {
            "type": "minecraft:decorated",
            "config": {
              "decorator": {
                "type": "minecraft:decorated",
                "config": {
                  "outer": {
                    "type": "minecraft:range",
                    "config": {
                      "height": {
                        "type": "minecraft:uniform",
                        "min_inclusive": {
                          "above_bottom": 0
                        },
                        "max_inclusive": {
                          "absolute": 60
                        }
                      }
                    }
                  },
                  "inner": {
                    "type": "minecraft:cave_surface",
                    "config": {
                      "surface": "floor",
                      "floor_to_ceiling_search_range": 16
                    }
                  }
                }
              },
              "feature": {
                "type": "minecraft:vegetation_patch",
                "config": {
                  "surface": "floor",
                  "depth": {
                    "type": "minecraft:uniform",
                    "value": {
                      "min_inclusive": 2,
                      "max_inclusive": 5
                    }
                  },
                  "vertical_range": 3,
                  "extra_bottom_block_chance": 0.5,
                  "extra_edge_column_chance": 0.5,
                  "vegetation_chance": 0.01,
                  "xz_radius": {
                    "type": "minecraft:uniform",
                    "value": {
                      "min_inclusive": 5,
                      "max_inclusive": 9
                    }
                  },
                  "replaceable": "minecraft:soul_fire_base_blocks",
                  "ground_state": {
                    "type": "minecraft:simple_state_provider",
                    "state": {
                      "Name": "minecraft:smooth_basalt"
                    }
                  },
                  "vegetation_feature": {
                    "type": "minecraft:block_pile",
                    "config": {
                      "state_provider": {
                        "type": "minecraft:weighted_state_provider",
                        "entries": [
                          {
                            "weight": 75,
                            "data": {
                              "Name": "minecraft:smooth_basalt"
                            }
                          },
                          {
                            "weight": 25,
                            "data": {
                              "Name": "minecraft:andesite"
                            }
                          }
                        ]
                      }
                    }
                  }
                }
              }
            }
          }
        }
      }
    }
  }
  