{
    "type": "minecraft:decorated",
    "config": {
      "decorator": {
        "type": "minecraft:decorated",
        "config": {
          "outer": {
            "type": "minecraft:decorated",
            "config": {
              "outer": {
                "type": "minecraft:count",
                "config": {
                  "count": 128
                }
              },
              "inner": {
                "type": "minecraft:square",
                "config": {}
              }
            }
          },
          "inner": {
            "type": "minecraft:decorated",
            "config": {
              "outer": {
                "type": "minecraft:range",
                "config": {
                  "height": {
                    "type": "minecraft:uniform",
                    "min_inclusive": {
                      "absolute": 127
                    },
                    "max_inclusive": {
                      "below_top": 0
                    }
                  }
                }
              },
              "inner": {
                "type": "minecraft:cave_surface",
                "config": {
                  "surface": "floor",
                  "floor_to_ceiling_search_range": 64
                }
              }
            }
          }
        }
      },
      "feature": {
        "type": "minecraft:vegetation_patch",
        "config": {
          "surface": "floor",
          "depth": 3,
          "vertical_range": 5,
          "extra_bottom_block_chance": 0,
          "extra_edge_column_chance": 0.001,
          "vegetation_chance": 0,
          "xz_radius": {
            "type": "minecraft:uniform",
            "value": {
              "min_inclusive": 7,
              "max_inclusive": 9
            }
          },
          "replaceable": "minecraft:base_stone_overworld",
          "ground_state": {
            "type": "minecraft:simple_state_provider",
            "state": {
              "Name": "minecraft:podzol",
              "Properties": {
                "snowy": "false"
              }
            }
          },
          "vegetation_feature": {
            "type": "minecraft:simple_block",
            "config": {
              "to_place": {
                "type": "minecraft:weighted_state_provider",
                "entries": [
                  {
                    "weight": 1,
                    "data": {
                      "Name": "minecraft:fern"
                    }
                  },
                  {
                    "weight": 1,
                    "data": {
                      "Name": "minecraft:large_fern",
                      "Properties": {
                        "half": "lower"
                      }
                    }
                  }
                ]
              },
              "place_on": [
                {
                  "Name": "minecraft:podzol",
                  "Properties": {
                    "snowy": "false"
                  }
                }
              ],
              "place_in": [],
              "place_under": []
            }
          }
        }
      }
    }
  }
  