{
    "type": "minecraft:decorated",
    "config": {
      "decorator": {
        "type": "minecraft:decorated",
        "config": {
          "outer": {
            "type": "minecraft:decorated",
            "config": {
              "outer": {
                "type": "minecraft:count",
                "config": {
                  "count": 32
                }
              },
              "inner": {
                "type": "minecraft:square",
                "config": {}
              }
            }
          },
          "inner": {
            "type": "minecraft:decorated",
            "config": {
              "outer": {
                "type": "minecraft:range",
                "config": {
                  "height": {
                    "type": "minecraft:uniform",
                    "min_inclusive": {
                      "absolute": 80
                    },
                    "max_inclusive": {
                      "below_top": 0
                    }
                  }
                }
              },
              "inner": {
                "type": "minecraft:cave_surface",
                "config": {
                  "surface": "floor",
                  "floor_to_ceiling_search_range": 64
                }
              }
            }
          }
        }
      },
      "feature": {
        "type": "minecraft:decorated",
        "config": {
          "decorator": {
            "type": "minecraft:count_noise_biased",
            "config": {
              "noise_to_count_ratio": -1,
              "noise_factor": 50,
              "noise_offset": -0.19
            }
          },
          "feature": {
            "type": "minecraft:tree",
            "config": {
              "force_dirt": true,
              "minimum_size": {
                "type": "minecraft:two_layers_feature_size",
                "min_clipped_height": 0,
                "limit": 0,
                "upper_limit": 0,
                "lower_size": 0,
                "upper_size": 0
              },
              "dirt_provider": {
                "type": "minecraft:simple_state_provider",
                "state": {
                  "Name": "minecraft:podzol",
                  "Properties": {
                    "snowy": "false"
                  }
                }
              },
              "sapling_provider": {
                "type": "minecraft:simple_state_provider",
                "state": {
                  "Name": "minecraft:fern"
                }
              },
              "trunk_provider": {
                "type": "minecraft:simple_state_provider",
                "state": {
                  "Name": "minecraft:jungle_log",
                  "Properties": {
                    "axis": "y"
                  }
                }
              },
              "foliage_provider": {
                "type": "minecraft:weighted_state_provider",
                "entries": [
                  {
                    "weight": 5,
                    "data": {
                      "Name": "minecraft:jungle_leaves",
                      "Properties": {
                        "distance": "1",
                        "persistent": "false"
                      }
                    }
                  },
                  {
                    "weight": 1,
                    "data": {
                      "Name": "minecraft:acacia_leaves",
                      "Properties": {
                        "distance": "1",
                        "persistent": "false"
                      }
                    }
                  }
                ]
              },
              "trunk_placer": {
                "type": "minecraft:straight_trunk_placer",
                "base_height": 1,
                "height_rand_a": 1,
                "height_rand_b": 2
              },
              "foliage_placer": {
                "type": "minecraft:bush_foliage_placer",
                "radius": {
                  "type": "minecraft:uniform",
                  "value": {
                    "min_inclusive": 2,
                    "max_inclusive": 3
                  }
                },
                "offset": 1,
                "height": 2
              },
              "decorators": [
                {
                  "type": "minecraft:alter_ground",
                  "provider": {
                    "type": "minecraft:simple_state_provider",
                    "state": {
                      "Name": "minecraft:podzol",
                      "Properties": {
                        "snowy": "false"
                      }
                    }
                  }
                },
                {
                  "type": "minecraft:trunk_vine"
                },
                {
                  "type": "minecraft:leave_vine"
                },
                {
                  "type": "minecraft:cocoa",
                  "probability": 1
                }
              ]
            }
          }
        }
      }
    }
  }
  