{
  "type": "minecraft:decorated",
  "config": {
    "decorator": {
      "type": "minecraft:count_extra",
      "config": {
        "count": 0,
        "extra_count": 2048,
        "extra_chance": 1
      }
    },
    "feature": {
      "type": "minecraft:decorated",
      "config": {
        "decorator": {
          "type": "minecraft:decorated",
          "config": {
            "outer": {
              "type": "minecraft:square",
              "config": {}
            },
            "inner": {
              "type": "minecraft:range",
              "config": {
                "height": {
                  "type": "minecraft:uniform",
                  "min_inclusive": {
                    "absolute": 1
                  },
                  "max_inclusive": {
                    "absolute": 128
                  }
                }
              }
            }
          }
        },
        "feature": {
          "type": "minecraft:simple_block",
          "config": {
            "to_place": {
              "type": "minecraft:weighted_state_provider",
              "entries": [
                {
                  "weight": 50,
                  "data": {
                    "Name": "minecraft:seagrass"
                  }
                },
                {
                  "weight": 10,
                  "data": {
                    "Name": "minecraft:seagrass"
                  }
                }
              ]
            },
            "place_on": [],
            "place_in": [
              {
                "Name": "minecraft:water",
                "Properties": {
                  "level": "0"
                }
              }
            ],
            "place_under": []
          }
        }
      }
    }
  }
}