{
    "display": {
      "icon": {
        "item": "minecraft:enchanted_golden_apple"
      },
      "title": {
        "text": "Spice Things Up",
        "color": "dark_purple",
        "bold": true
      },
      "description": {
        "text": "You have nearly reached the summit, it's time to cook your greatest masterpiece, the Inferno Special"
      },
      "frame": "challenge",
      "show_toast": true,
      "announce_to_chat": true,
      "hidden": false
    },
    "parent": "inferno:cooking/yam_fish",
    "criteria": {
      "quartz": {
        "trigger": "minecraft:inventory_changed",
        "conditions": {
          "items": [
            {
              "items": [
                "minecraft:enchanted_golden_apple"
              ]
            }
          ]
        }
      }
    },
    "rewards": {
        "experience": 250
    },
    "requirements": [
      [
        "quartz"
      ]
    ]
  }
  