{
    "display": {
      "icon": {
        "item": "minecraft:golden_apple"
      },
      "title": {
        "text": "Spice Things Up"
      },
      "description": {
        "text": "Combine ingredients from all over the world to make a Mushroom and Veggie Salad, a real superfood."
      },
      "frame": "task",
      "show_toast": true,
      "announce_to_chat": true,
      "hidden": false
    },
    "parent": "inferno:cooking/putrid_stew",
    "criteria": {
      "quartz": {
        "trigger": "minecraft:inventory_changed",
        "conditions": {
          "items": [
            {
              "items": [
                "minecraft:golden_apple"
              ]
            }
          ]
        }
      }
    },
    "rewards": {
        "recipes": [
            "minecraft:rabbit_stew"
        ]
    },
    "experience": 40,
    "requirements": [
      [
        "quartz"
      ]
    ]
  }
  