{
	"credit": "Made with Blockbench",
	"ambientocclusion": false,
	"parent": "block/block",
	"textures": {
		"all": "block/spectre_roots",
		"particle": "#all"
	},
	"elements": [
		{
			"name": "main",
			"from": [9, 0, 9],
			"to": [13, 2, 13],
			"rotation": {"angle": 0, "axis": "y", "origin": [17, 6, 19]},
			"shade": false,
			"faces": {
				"north": {"uv": [0, 2, 4, 4], "texture": "#all"},
				"east": {"uv": [0, 2, 4, 4], "texture": "#all"},
				"south": {"uv": [0, 2, 4, 4], "texture": "#all"},
				"west": {"uv": [0, 2, 4, 4], "texture": "#all"},
				"up": {"uv": [8, 0, 12, 4], "texture": "#all"},
				"down": {"uv": [4, 0, 8, 4], "texture": "#all"}
			}
		},
		{
			"from": [7, 2, 11],
			"to": [15, 14, 11],
			"rotation": {"angle": -45, "axis": "y", "origin": [11, 8, 11]},
			"shade": false,
			"faces": {
				"north": {"uv": [0, 4, 8, 16], "texture": "#all"},
				"east": {"uv": [0, 0, 0, 13], "texture": "#missing"},
				"south": {"uv": [0, 4, 8, 16], "texture": "#all"},
				"west": {"uv": [0, 0, 0, 13], "texture": "#missing"},
				"up": {"uv": [0, 0, 12, 0], "texture": "#missing"},
				"down": {"uv": [0, 0, 12, 0], "texture": "#missing"}
			}
		},
		{
			"from": [7, 2, 11],
			"to": [15, 14, 11],
			"rotation": {"angle": 45, "axis": "y", "origin": [11, 8, 11]},
			"shade": false,
			"faces": {
				"north": {"uv": [0, 4, 8, 16], "texture": "#all"},
				"east": {"uv": [0, 0, 0, 13], "texture": "#missing"},
				"south": {"uv": [0, 4, 8, 16], "texture": "#all"},
				"west": {"uv": [0, 0, 0, 13], "texture": "#missing"},
				"up": {"uv": [0, 0, 12, 0], "texture": "#missing"},
				"down": {"uv": [0, 0, 12, 0], "texture": "#missing"}
			}
		},
		{
			"name": "main",
			"from": [4, 0, 3],
			"to": [8, 1, 7],
			"rotation": {"angle": 0, "axis": "y", "origin": [12, 5, 13]},
			"shade": false,
			"faces": {
				"north": {"uv": [0, 3, 4, 4], "texture": "#all"},
				"east": {"uv": [0, 3, 4, 4], "texture": "#all"},
				"south": {"uv": [0, 3, 4, 4], "texture": "#all"},
				"west": {"uv": [0, 3, 4, 4], "texture": "#all"},
				"up": {"uv": [8, 0, 12, 4], "texture": "#all"},
				"down": {"uv": [4, 0, 8, 4], "texture": "#all"}
			}
		},
		{
			"from": [2, 1, 5],
			"to": [10, 13, 5],
			"rotation": {"angle": -45, "axis": "y", "origin": [6, 7, 5]},
			"shade": false,
			"faces": {
				"north": {"uv": [8, 4, 16, 16], "texture": "#all"},
				"east": {"uv": [0, 0, 0, 13], "texture": "#missing"},
				"south": {"uv": [8, 4, 16, 16], "texture": "#all"},
				"west": {"uv": [0, 0, 0, 13], "texture": "#missing"},
				"up": {"uv": [0, 0, 12, 0], "texture": "#missing"},
				"down": {"uv": [0, 0, 12, 0], "texture": "#missing"}
			}
		},
		{
			"from": [2, 1, 5],
			"to": [10, 13, 5],
			"rotation": {"angle": 45, "axis": "y", "origin": [6, 7, 5]},
			"shade": false,
			"faces": {
				"north": {"uv": [8, 4, 16, 16], "texture": "#all"},
				"east": {"uv": [0, 0, 0, 13], "texture": "#missing"},
				"south": {"uv": [8, 4, 16, 16], "texture": "#all"},
				"west": {"uv": [0, 0, 0, 13], "texture": "#missing"},
				"up": {"uv": [0, 0, 12, 0], "texture": "#missing"},
				"down": {"uv": [0, 0, 12, 0], "texture": "#missing"}
			}
		}
	],
	"groups": [
		{
			"name": "dead_sea_pickle",
			"origin": [8, 8, 8],
			"children": [
				{
					"name": "root",
					"origin": [14, 8, 16],
					"children": [0, 1, 2]
				},
				{
					"name": "small_root",
					"origin": [14, 8, 16],
					"children": [3, 4, 5]
				}
			]
		}
	]
}