{
  "type": "inferno:the_inferno",
  "generator": {
    "type": "minecraft:noise",
    "seed": 69,
    "settings": "inferno:inferno",
    "biome_source": {
      "type": "minecraft:multi_noise",
      "seed": 0,
      "altitude_noise": {
        "firstOctave": -8,
        "amplitudes": [
          1,
          1,
          1
        ]
      },
      "temperature_noise": {
        "firstOctave": -8,
        "amplitudes": [
          1,
          1,
          1
        ]
      },
      "humidity_noise": {
        "firstOctave": -8,
        "amplitudes": [
          1,
          1,
          1
        ]
      },
      "weirdness_noise": {
        "firstOctave": -8,
        "amplitudes": [
          1,
          1,
          1
        ]
      },
      "biomes": [
        {
          "biome": "inferno:nether_wastes",
          "parameters": {
            "altitude": 0,
            "temperature": 0,
            "humidity": 0,
            "weirdness": 0,
            "offset": 0.2
          }
        },
        {
          "biome": "inferno:nether_wastes",
          "parameters": {
            "altitude": 0.2,
            "temperature": 0.2,
            "humidity": 0,
            "weirdness": 0,
            "offset": 0.1
          }
        },
        {
          "biome": "inferno:nether_wastes",
          "parameters": {
            "altitude": 0.2,
            "temperature": -0.2,
            "humidity": 0,
            "weirdness": 0,
            "offset": 0.1
          }
        },
        {
          "biome": "inferno:nether_wastes",
          "parameters": {
            "altitude": -0.2,
            "temperature": 0.2,
            "humidity": 0,
            "weirdness": 0,
            "offset": 0.1
          }
        },
        {
          "biome": "inferno:nether_wastes",
          "parameters": {
            "altitude": -0.2,
            "temperature": -0.2,
            "humidity": 0,
            "weirdness": 0,
            "offset": 0.1
          }
        },
        {
          "biome": "inferno:nether_wastes",
          "parameters": {
            "altitude": 0.3,
            "temperature": 0.3,
            "humidity": 0,
            "weirdness": 0,
            "offset": 0.1
          }
        },
        {
          "biome": "inferno:nether_wastes",
          "parameters": {
            "altitude": 0.3,
            "temperature": -0.3,
            "humidity": 0,
            "weirdness": 0,
            "offset": 0.1
          }
        },
        {
          "biome": "inferno:nether_wastes",
          "parameters": {
            "altitude": -0.3,
            "temperature": 0.3,
            "humidity": 0,
            "weirdness": 0,
            "offset": 0.1
          }
        },
        {
          "biome": "inferno:nether_wastes",
          "parameters": {
            "altitude": -0.3,
            "temperature": -0.3,
            "humidity": 0,
            "weirdness": 0,
            "offset": 0.1
          }
        },
        {
          "biome": "inferno:nether_wastes",
          "parameters": {
            "altitude": 0.4,
            "temperature": 0.4,
            "humidity": 0,
            "weirdness": 0,
            "offset": 0.1
          }
        },
        {
          "biome": "inferno:nether_wastes",
          "parameters": {
            "altitude": 0.4,
            "temperature": -0.4,
            "humidity": 0,
            "weirdness": 0,
            "offset": 0.1
          }
        },
        {
          "biome": "inferno:nether_wastes",
          "parameters": {
            "altitude": -0.4,
            "temperature": 0.4,
            "humidity": 0,
            "weirdness": 0,
            "offset": 0.1
          }
        },
        {
          "biome": "inferno:nether_wastes",
          "parameters": {
            "altitude": -0.4,
            "temperature": -0.4,
            "humidity": 0,
            "weirdness": 0,
            "offset": 0.1
          }
        },
        {
          "biome": "inferno:nether_wastes",
          "parameters": {
            "altitude": 0.5,
            "temperature": 0.5,
            "humidity": 0,
            "weirdness": 0,
            "offset": 0.1
          }
        },
        {
          "biome": "inferno:nether_wastes",
          "parameters": {
            "altitude": 0.5,
            "temperature": -0.5,
            "humidity": 0,
            "weirdness": 0,
            "offset": 0.1
          }
        },
        {
          "biome": "inferno:nether_wastes",
          "parameters": {
            "altitude": -0.5,
            "temperature": 0.5,
            "humidity": 0,
            "weirdness": 0,
            "offset": 0.1
          }
        },
        {
          "biome": "inferno:nether_wastes",
          "parameters": {
            "altitude": -0.5,
            "temperature": -0.5,
            "humidity": 0,
            "weirdness": 0,
            "offset": 0.1
          }
        },
        {
          "biome": "inferno:nether_wastes",
          "parameters": {
            "altitude": 0.6,
            "temperature": 0.6,
            "humidity": 0,
            "weirdness": 0,
            "offset": 0.1
          }
        },
        {
          "biome": "inferno:nether_wastes",
          "parameters": {
            "altitude": 0.6,
            "temperature": -0.6,
            "humidity": 0,
            "weirdness": 0,
            "offset": 0.1
          }
        },
        {
          "biome": "inferno:nether_wastes",
          "parameters": {
            "altitude": -0.6,
            "temperature": 0.6,
            "humidity": 0,
            "weirdness": 0,
            "offset": 0.1
          }
        },
        {
          "biome": "inferno:nether_wastes",
          "parameters": {
            "altitude": -0.6,
            "temperature": -0.6,
            "humidity": 0,
            "weirdness": 0,
            "offset": 0.1
          }
        },
        {
          "biome": "inferno:warped_forest",
          "parameters": {
            "altitude": 0.9,
            "temperature": 0,
            "humidity": 0,
            "weirdness": 0,
            "offset": 0
          }
        },
        {
          "biome": "inferno:warped_forest",
          "parameters": {
            "altitude": 0.6,
            "temperature": 0,
            "humidity": 0,
            "weirdness": 0,
            "offset": 0
          }
        },
        {
          "biome": "inferno:infested_wastes",
          "parameters": {
            "altitude": 0.7,
            "temperature": 0,
            "humidity": 0,
            "weirdness": 0,
            "offset": 0
          }
        },
        {
          "biome": "inferno:umbra_forest",
          "parameters": {
            "altitude": 0.7,
            "temperature": -0.5,
            "humidity": 0,
            "weirdness": 0,
            "offset": 0
          }
        },
        {
          "biome": "inferno:umbra_forest",
          "parameters": {
            "altitude": 0.4,
            "temperature": -0.2,
            "humidity": 0,
            "weirdness": 0,
            "offset": 0
          }
        },
        {
          "biome": "inferno:crimson_forest",
          "parameters": {
            "altitude": 0.7,
            "temperature": 0.5,
            "humidity": 0,
            "weirdness": 0,
            "offset": 0
          }
        },
        {
          "biome": "inferno:crimson_forest",
          "parameters": {
            "altitude": 0.4,
            "temperature": 0.2,
            "humidity": 0,
            "weirdness": 0,
            "offset": 0
          }
        },
        {
          "biome": "inferno:basalt_deltas",
          "parameters": {
            "altitude": -0.9,
            "temperature": 0,
            "humidity": 0,
            "weirdness": 0,
            "offset": 0
          }
        },
        {
          "biome": "inferno:basalt_deltas",
          "parameters": {
            "altitude": -0.6,
            "temperature": 0,
            "humidity": 0,
            "weirdness": 0,
            "offset": 0
          }
        },
        {
          "biome": "inferno:scrap_pit",
          "parameters": {
            "altitude": -0.7,
            "temperature": 0,
            "humidity": 0,
            "weirdness": 0,
            "offset": 0
          }
        },
        {
          "biome": "inferno:magma_mires",
          "parameters": {
            "altitude": -0.7,
            "temperature": -0.5,
            "humidity": 0,
            "weirdness": 0,
            "offset": 0
          }
        },
        {
          "biome": "inferno:magma_mires",
          "parameters": {
            "altitude": -0.4,
            "temperature": -0.2,
            "humidity": 0,
            "weirdness": 0,
            "offset": 0
          }
        },
        {
          "biome": "inferno:volcanic_desert",
          "parameters": {
            "altitude": -0.7,
            "temperature": 0.5,
            "humidity": 0,
            "weirdness": 0,
            "offset": 0
          }
        },
        {
          "biome": "inferno:volcanic_desert",
          "parameters": {
            "altitude": -0.4,
            "temperature": 0.2,
            "humidity": 0,
            "weirdness": 0,
            "offset": 0
          }
        },
        {
          "biome": "inferno:moonstone_caverns",
          "parameters": {
            "altitude": 0,
            "temperature": 0.9,
            "humidity": 0,
            "weirdness": 0,
            "offset": 0
          }
        },
        {
          "biome": "inferno:moonstone_caverns",
          "parameters": {
            "altitude": 0,
            "temperature": 0.8,
            "humidity": 0,
            "weirdness": 0,
            "offset": 0
          }
        },
        {
          "biome": "inferno:moonstone_caverns",
          "parameters": {
            "altitude": 0,
            "temperature": -0.9,
            "humidity": 0,
            "weirdness": 0,
            "offset": 0
          }
        },
        {
          "biome": "inferno:moonstone_caverns",
          "parameters": {
            "altitude": 0,
            "temperature": -0.8,
            "humidity": 0,
            "weirdness": 0,
            "offset": 0
          }
        },
        {
          "biome": "inferno:soul_sand_valley",
          "parameters": {
            "altitude": -0.5,
            "temperature": -0.7,
            "humidity": 0,
            "weirdness": 0,
            "offset": 0
          }
        },
        {
          "biome": "inferno:soul_sand_valley",
          "parameters": {
            "altitude": -0.2,
            "temperature": -0.5,
            "humidity": 0,
            "weirdness": 0,
            "offset": 0
          }
        },
        {
          "biome": "inferno:soul_sand_valley",
          "parameters": {
            "altitude": -0.5,
            "temperature": 0.7,
            "humidity": 0,
            "weirdness": 0,
            "offset": 0
          }
        },
        {
          "biome": "inferno:soul_sand_valley",
          "parameters": {
            "altitude": -0.2,
            "temperature": 0.5,
            "humidity": 0,
            "weirdness": 0,
            "offset": 0
          }
        },
        {
          "biome": "inferno:spectre_forest",
          "parameters": {
            "altitude": 0.5,
            "temperature": -0.7,
            "humidity": 0,
            "weirdness": 0,
            "offset": 0
          }
        },
        {
          "biome": "inferno:spectre_forest",
          "parameters": {
            "altitude": 0.2,
            "temperature": -0.5,
            "humidity": 0,
            "weirdness": 0,
            "offset": 0
          }
        },
        {
          "biome": "inferno:spectre_forest",
          "parameters": {
            "altitude": 0.5,
            "temperature": 0.7,
            "humidity": 0,
            "weirdness": 0,
            "offset": 0
          }
        },
        {
          "biome": "inferno:spectre_forest",
          "parameters": {
            "altitude": 0.2,
            "temperature": 0.5,
            "humidity": 0,
            "weirdness": 0,
            "offset": 0
          }
        }
      ]
    }
  }
}