{
    "type": "minecraft:chest",
    "pools": [
      {
        "rolls": 4,
        "entries": [
          {
            "type": "minecraft:item",
            "weight": 6,
            "name": "minecraft:lapis_lazuli",
            "functions": [
              {
                "function": "minecraft:set_count",
                "count": {
                  "min": 1,
                  "max": 5
                },
                "conditions": [
                  {
                    "condition": "minecraft:random_chance",
                    "chance": 0.75
                  }
                ]
              }
            ]
          },
          {
            "type": "minecraft:item",
            "weight": 7,
            "name": "minecraft:bone",
            "functions": [
              {
                "function": "minecraft:set_count",
                "count": {
                  "min": 1,
                  "max": 6
                },
                "add": true
              }
            ],
            "conditions": [
              {
                "condition": "minecraft:random_chance",
                "chance": 0.75
              }
            ]
          },
          {
            "type": "minecraft:item",
            "weight": 6,
            "name": "minecraft:honey_bottle",
            "functions": [
              {
                "function": "minecraft:set_count",
                "count": {
                  "min": 1,
                  "max": 6
                },
                "add": true
              }
            ],
            "conditions": [
              {
                "condition": "minecraft:random_chance",
                "chance": 0.75
              }
            ]
          },
          
          {
            "type": "minecraft:item",
            "weight": 8,
            "name": "minecraft:arrow",
            "functions": [
              {
                "function": "minecraft:set_count",
                "count": {
                  "min": 6,
                  "max": 32
                },
                "add": true
              }
            ],
            "conditions": [
              {
                "condition": "minecraft:random_chance",
                "chance": 0.75
              }
            ]
          },
          {
            "type": "minecraft:item",
            "weight": 1,
            "name": "minecraft:amethyst_block",
            "functions": [
              {
                "function": "minecraft:set_count",
                "count": {
                  "min": 0,
                  "max": 2
                },
                "add": true
              }
            ],
            "conditions": [
              {
                "condition": "minecraft:random_chance",
                "chance": 0.5
              }
            ]
          },
          {
            "type": "minecraft:item",
            "weight": 5,
            "name": "minecraft:terracotta",
            "functions": [
              {
                "function": "minecraft:set_count",
                "count": {
                  "min": 8,
                  "max": 32
                },
                "add": true
              }
            ],
            "conditions": [
              {
                "condition": "minecraft:random_chance",
                "chance": 0.75
              }
            ]
          }
        ]
      }
    ]
  }