{
  "type": "minecraft:decorated",
  "config": {
    "decorator": {
      "type": "minecraft:decorated",
      "config": {
        "outer": {
          "type": "minecraft:count_extra",
          "config": {
            "count": 0,
            "extra_count": 2000,
            "extra_chance": 1
          }
        },
        "inner": {
          "type": "minecraft:decorated",
          "config": {
            "outer": {
              "type": "minecraft:range",
              "config": {
                "height": {
                  "type": "minecraft:uniform",
                  "min_inclusive": {
                    "above_bottom": 5
                  },
                  "max_inclusive": {
                    "below_top": 12
                  }
                }
              }
            },
            "inner": {
              "type": "minecraft:square",
              "config": {}
            }
          }
        }
      }
    },
    "feature": {
      "type": "minecraft:decorated",
      "config": {
        "decorator": {
          "type": "minecraft:decorated",
          "config": {
            "outer": {
              "type": "minecraft:count_noise_biased",
              "config": {
                "noise_to_count_ratio": 1,
                "noise_factor": 20,
                "noise_offset": 0.1
              }
            },
            "inner": {
              "type": "minecraft:count_noise_biased",
              "config": {
                "noise_to_count_ratio": -1,
                "noise_factor": 20,
                "noise_offset": -0.2
              }
            }
          }
        },
        "feature": {
          "type": "minecraft:netherrack_replace_blobs",
          "config": {
            "state": {
              "Name": "minecraft:honey_block"
            },
            "target": {
              "Name": "minecraft:mycelium",
              "Properties": {
                "snowy": "false"
              }
            },
            "radius": 0
          }
        }
      }
    }
  }
}