{
  "type": "minecraft:decorated",
  "config": {
    "decorator": {
      "type": "minecraft:count",
      "config": {
        "count": 64
      }
    },
    "feature": {
      "type": "minecraft:decorated",
      "config": {
        "decorator": {
          "type": "minecraft:square",
          "config": {}
        },
        "feature": {
          "type": "minecraft:decorated",
          "config": {
            "decorator": {
              "type": "minecraft:range",
              "config": {
                "height": {
                  "type": "minecraft:uniform",
                  "min_inclusive": {
                    "absolute": 30
                  },
                  "max_inclusive": {
                    "below_top": 12
                  }
                }
              }
            },
            "feature": {
              "type": "minecraft:decorated",
              "config": {
                "decorator": {
                  "type": "minecraft:cave_surface",
                  "config": {
                    "surface": "floor",
                    "floor_to_ceiling_search_range": 12
                  }
                },
                "feature": {
                  "type": "minecraft:vegetation_patch",
                  "config": {
                    "surface": "floor",
                    "depth": 1,
                    "vertical_range": 5,
                    "extra_bottom_block_chance": 0.2,
                    "extra_edge_column_chance": 0.3,
                    "vegetation_chance": 0.3,
                    "xz_radius": {
                      "type": "minecraft:uniform",
                      "value": {
                        "min_inclusive": 2,
                        "max_inclusive": 8
                      }
                    },
                    "replaceable": "minecraft:base_stone_nether",
                    "ground_state": {
                      "type": "minecraft:weighted_state_provider",
                      "entries": [
                        {
                          "weight": 5,
                          "data": {
                            "Name": "minecraft:infested_stone"
                          }
                        },
                        {
                          "weight": 20,
                          "data": {
                            "Name": "minecraft:mycelium",
                            "Properties": {
                              "snowy": "false"
                            }
                          }
                        },
                        {
                          "weight": 15,
                          "data": {
                            "Name": "minecraft:dirt"
                          }
                        },
                        {
                          "weight": 10,
                          "data": {
                            "Name": "minecraft:stone"
                          }
                        }
                      ]
                    },
                    "vegetation_feature": {
                      "type": "minecraft:simple_block",
                      "config": {
                        "to_place": {
                          "type": "minecraft:weighted_state_provider",
                          "entries": [
                            {
                              "weight": 50,
                              "data": {
                                "Name": "minecraft:red_mushroom"
                              }
                            },
                            {
                              "weight": 50,
                              "data": {
                                "Name": "minecraft:brown_mushroom"
                              }
                            },
                            {
                              "weight": 7,
                              "data": {
                                "Name": "minecraft:blue_orchid"
                              }
                            }
                          ]
                        },
                        "place_on": [
                          {
                            "Name": "minecraft:dirt"
                          },
                          {
                            "Name": "minecraft:mycelium",
                            "Properties": {
                              "snowy": "false"
                            }
                          },
                          {
                            "Name": "minecraft:infested_stone"
                          },
                          {
                            "Name": "minecraft:stone"
                          }
                        ],
                        "place_in": [
                          {
                            "Name": "minecraft:air"
                          }
                        ],
                        "place_under": []
                      }
                    }
                  }
                }
              }
            }
          }
        }
      }
    }
  }
}