{
    "type": "minecraft:chest",
    "pools": [
      {
        "rolls": 4,
        "entries": [
          {
            "type": "minecraft:item",
            "weight": 6,
            "name": "minecraft:charcoal",
            "functions": [
              {
                "function": "minecraft:set_count",
                "count": {
                  "min": 1,
                  "max": 5
                },
                "conditions": [
                  {
                    "condition": "minecraft:random_chance",
                    "chance": 0.75
                  }
                ]
              }
            ]
          },
          {
            "type": "minecraft:item",
            "weight": 7,
            "name": "minecraft:bone",
            "functions": [
              {
                "function": "minecraft:set_count",
                "count": {
                  "min": 1,
                  "max": 6
                },
                "add": true
              }
            ],
            "conditions": [
              {
                "condition": "minecraft:random_chance",
                "chance": 0.75
              }
            ]
          },
          {
            "type": "minecraft:item",
            "weight": 5,
            "name": "minecraft:blackstone",
            "functions": [
              {
                "function": "minecraft:set_count",
                "count": {
                  "min": 2,
                  "max": 16
                },
                "add": true
              }
            ],
            "conditions": [
              {
                "condition": "minecraft:random_chance",
                "chance": 0.75
              }
            ]
          },
          {
            "type": "minecraft:item",
            "weight": 8,
            "name": "minecraft:popped_chorus_fruit",
            "functions": [
              {
                "function": "minecraft:set_count",
                "count": {
                  "min": 8,
                  "max": 24
                },
                "add": true
              }
            ],
            "conditions": [
              {
                "condition": "minecraft:random_chance",
                "chance": 0.75
              }
            ]
          },
          {
            "type": "minecraft:item",
            "weight": 5,
            "name": "minecraft:red_sand",
            "functions": [
              {
                "function": "minecraft:set_count",
                "count": {
                  "min": 2,
                  "max": 12
                },
                "add": true
              }
            ],
            "conditions": [
              {
                "condition": "minecraft:random_chance",
                "chance": 0.75
              }
            ]
          },
          {
            "type": "minecraft:item",
            "weight": 3,
            "name": "minecraft:bone_block",
            "functions": [
              {
                "function": "minecraft:set_count",
                "count": {
                  "min": 0,
                  "max": 2
                },
                "add": true
              }
            ],
            "conditions": [
              {
                "condition": "minecraft:random_chance",
                "chance": 0.5
              }
            ]
          },
          {
            "type": "minecraft:tag",
            "weight": 3,
            "name": "inferno:stone_tools",
            "expand": true,
            "functions": [
              {
                "function": "minecraft:set_count",
                "count": {
                  "min": 0,
                  "max": 1
                }
              },
              {
                "function": "minecraft:set_damage",
                "damage": {
                  "type": "minecraft:uniform",
                  "min": 0.2,
                  "max": 1
                },
                "add": false
              }
            ],
            "conditions": [
              {
                "condition": "minecraft:random_chance",
                "chance": 0.25
              }
            ]
          }
        ]
      }
    ]
  }