{
    "type": "minecraft:chest",
    "pools": [
      {
        "rolls": 4,
        "entries": [
          {
            "type": "minecraft:item",
            "weight": 6,
            "name": "minecraft:charcoal",
            "functions": [
              {
                "function": "minecraft:set_count",
                "count": {
                  "min": 1,
                  "max": 5
                },
                "conditions": [
                  {
                    "condition": "minecraft:random_chance",
                    "chance": 0.75
                  }
                ]
              }
            ]
          },
          {
            "type": "minecraft:item",
            "weight": 7,
            "name": "minecraft:bone",
            "functions": [
              {
                "function": "minecraft:set_count",
                "count": {
                  "min": 1,
                  "max": 6
                },
                "add": true
              }
            ],
            "conditions": [
              {
                "condition": "minecraft:random_chance",
                "chance": 0.75
              }
            ]
          },
          {
            "type": "minecraft:item",
            "weight": 1,
            "name": "minecraft:honey_bottle"
          },
          {
            "type": "minecraft:item",
            "weight": 3,
            "name": "minecraft:copper_ingot",
            "functions": [
              {
                "function": "minecraft:set_count",
                "count": {
                  "min": 0,
                  "max": 2
                },
                "add": true
              }
            ],
            "conditions": [
              {
                "condition": "minecraft:random_chance",
                "chance": 0.5
              }
            ]
          },
          {
            "type": "minecraft:tag",
            "weight": 3,
            "name": "inferno:stone_tools",
            "expand": true,
            "functions": [
              {
                "function": "minecraft:set_count",
                "count": {
                  "min": 0,
                  "max": 1
                }
              }
            ],
            "conditions": [
              {
                "condition": "minecraft:random_chance",
                "chance": 0.25
              }
            ]
          }
        ]
      }
    ]
  }