{
  "config": {
    "feature": {
      "config": {
        "can_replace": false,
        "project": false,
        "need_water": false,
        "xspread": 18,
        "yspread": 3,
        "zspread": 18,
       "whitelist": [
          {
          "Properties": {
              "snowy": "false"
          },
            "Name": "minecraft:grass_block"
          }
        ],
        "blacklist": [],
        "tries": 128,
        "state_provider": {
          "state": {
            "Name": "minecraft:brown_mushroom"
          },
          "type": "minecraft:simple_state_provider"
        },
        "block_placer": {
          "type": "minecraft:simple_block_placer"
        }
      },
      "type": "minecraft:random_patch"
    },
    "decorator": {
      "config": {
        "count": 128
      },
      "type": "minecraft:fire"
    }
  },
  "type": "minecraft:decorated"
}