{
    "effects": {
      "mood_sound": {
        "sound": "minecraft:ambient.soul_sand_valley.mood",
        "tick_delay": 6000,
        "block_search_extent": 8,
        "offset": 2.0
      },
      "additions_sound": {
        "sound": "minecraft:ambient.soul_sand_valley.additions",
        "tick_chance": 0.0111
      },
      "music": {
        "sound": "minecraft:music.nether.soul_sand_valley",
        "min_delay": 12000,
        "max_delay": 24000,
        "replace_current_music": false
      },
      "particle": {
        "options": {
          "type": "minecraft:ash"
        },
        "probability": 0.00625
      },
      "ambient_sound": "minecraft:ambient.soul_sand_valley.loop",
      "sky_color": 7254527,
      "fog_color": 1787717,
      "water_color": 4159204,
      "water_fog_color": 329011
    },
    "surface_builder": "inferno:soul_sand_valley",
    "carvers": {
    },
    "features": [
      [],
      [],
      [
        "minecraft:basalt_pillar",
        "minecraft:basalt_pillar",
        "minecraft:basalt_pillar",
        "inferno:base/scoria",
        "inferno:base/rachite"
      ],
      [],
      [],
      [],
      [],
      [
        "minecraft:spring_open",
        "minecraft:glowstone_extra",
        "minecraft:glowstone",
        "minecraft:patch_fire",
        "minecraft:patch_soul_fire",
        "minecraft:ore_magma",
        "minecraft:spring_closed",
        "minecraft:ore_soul_sand",
        "minecraft:ore_gravel_nether",
        "minecraft:ore_blackstone",
        "inferno:base/ore_gold",
        "inferno:base/ore_quartz",
        "inferno:soul_sand_valley/ore_soul_stone",
        "inferno:soul_sand_valley/glowstone_to_moonstone"
      ],
      [
        "inferno:soul_sand_valley/ore_anirrum",
        "minecraft:spring_lava"
      ]
    ],
    "starts": [
      "minecraft:nether_fossil"
    ],
    "spawners": {
      "monster": [
        {
          "type": "minecraft:stray",
          "weight": 15,
          "minCount": 5,
          "maxCount": 5
        },
        {
          "type": "minecraft:spider",
          "weight": 15,
          "minCount": 5,
          "maxCount": 5
        },
        {
          "type": "minecraft:ghast",
          "weight": 50,
          "minCount": 4,
          "maxCount": 4
        },
        {
          "type": "minecraft:enderman",
          "weight": 7,
          "minCount": 4,
          "maxCount": 4
        }
      ],
      "creature": [
        {
          "type": "minecraft:strider",
          "weight": 60,
          "minCount": 1,
          "maxCount": 2
        }
      ],
      "ambient": [],
      "water_creature": [],
      "water_ambient": [],
      "misc": []
    },
    "spawn_costs": {
      "minecraft:skeleton": {
        "energy_budget": 0.15,
        "charge": 0.7
      },
      "minecraft:spider": {
          "energy_budget": 0.15,
          "charge": 0.7
        },
      "minecraft:ghast": {
        "energy_budget": 0.15,
        "charge": 0.7
      },
      "minecraft:enderman": {
        "energy_budget": 0.15,
        "charge": 0.7
      },
      "minecraft:strider": {
        "energy_budget": 0.15,
        "charge": 0.7
      }
    },
    "precipitation": "none",
    "temperature": 2.0,
    "downfall": 0.0,
    "category": "nether",
    "depth": 0.1,
    "scale": 0.2
  }