{
    "type": "minecraft:decorated",
    "config": {
      "decorator": {
        "type": "minecraft:decorated",
        "config": {
          "outer": {
            "type": "minecraft:count",
            "config": {
              "count": 64
            }
          },
          "inner": {
            "type": "minecraft:decorated",
            "config": {
              "outer": {
                "type": "minecraft:square",
                "config": {}
              },
              "inner": {
                "type": "minecraft:range",
                "config": {
                  "bottom_inclusive": {
                    "above_bottom": 0
                  },
                  "top_inclusive": {
                    "below_top": 80
                  }
                }
              }
            }
          }
        }
      },
      "feature": {
        "type": "minecraft:ore",
        "config": {
                "targets": [
                  {
                    "target": {
                      "block": "minecraft:soul_sand",
                      "predicate_type": "minecraft:block_match"
                    },
                    "state": {
                      "Name": "minecraft:andesite"
                    }
                  }
                ],
                "size": 64,
                "discard_chance_on_air_exposure": 0.0
          }
        }
      }
    }