{
  "config": {
    "feature": {
      "name": "ore_redstone",
      "config": {
        "feature": {
          "config": {
            "feature": {
              "config": {
                "targets": [
                  {
                    "target": {
                      "block": "minecraft:blackstone",
                      "predicate_type": "minecraft:block_match"
                    },
                    "state": {
                      "Name": "minecraft:redstone_ore",
                        "Properties":{
                          "lit": "false"
                        }
                    }
                  }
                ],
                "size": 14,
                "discard_chance_on_air_exposure": 0.0
              },
              "type": "minecraft:ore"
            },
            "decorator": {
              "config": {
                "baseline": {
                  "absolute": 16
                },
                "spread": 32
              },
              "type": "minecraft:depth_average"
            }
          },
          "type": "minecraft:decorated"
        },
        "decorator": {
          "config": {},
          "type": "minecraft:square"
        }
      },
      "type": "minecraft:decorated"
    },
    "decorator": {
      "config": {
        "count": 26
      },
      "type": "minecraft:count"
    }
  },
  "type": "minecraft:decorated"
}