{
    "type": "minecraft:chest",
    "pools": [
      {
        "rolls": 4,
        "entries": [
          {
            "type": "minecraft:item",
            "weight": 6,
            "name": "minecraft:coal_block",
            "functions": [
              {
                "function": "minecraft:set_count",
                "count": {
                  "min": 1,
                  "max": 5
                },
                "conditions": [
                  {
                    "condition": "minecraft:random_chance",
                    "chance": 0.75
                  }
                ]
              }
            ]
          },
          {
            "type": "minecraft:item",
            "weight": 3,
            "name": "minecraft:skeleton_skull",
            "functions": [
              {
                "function": "minecraft:set_count",
                "count": {
                  "min": 1,
                  "max": 2
                },
                "add": true
              }
            ],
            "conditions": [
              {
                "condition": "minecraft:random_chance",
                "chance": 0.75
              }
            ]
          },
          {
            "type": "minecraft:item",
            "weight": 5,
            "name": "minecraft:gilded_blackstone",
            "functions": [
              {
                "function": "minecraft:set_count",
                "count": {
                  "min": 2,
                  "max": 8
                },
                "add": true
              }
            ],
            "conditions": [
              {
                "condition": "minecraft:random_chance",
                "chance": 0.75
              }
            ]
          },
          {
            "type": "minecraft:item",
            "weight": 3,
            "name": "minecraft:gold_ingot",
            "functions": [
              {
                "function": "minecraft:set_count",
                "count": {
                  "min": 0,
                  "max": 2
                },
                "add": true
              }
            ],
            "conditions": [
              {
                "condition": "minecraft:random_chance",
                "chance": 0.5
              }
            ]
          },
          {
            "type": "minecraft:item",
            "weight": 2,
            "name": "minecraft:golden_chestplate",
            "functions": [
              {
                "function": "minecraft:set_count",
                "count": {
                  "min": 0,
                  "max": 1
                },
                "add": true
              }
            ],
            "conditions": [
              {
                "condition": "minecraft:random_chance",
                "chance": 0.5
              }
            ]
          }
        ]
      }
    ]
  }