{
	"credit": "Made with Blockbench, Modeler: DMTHGM",
	"textures": {
		"all": "minecraft:block/wires/connector",
		"particle": "minecraft:block/wires/wire_particle"
	},
	"elements": [
		{
			"name": "connector",
			"from": [5, 0, 5],
			"to": [11, 3, 11],
			"rotation": {"angle": 0, "axis": "y", "origin": [8, 0, 8]},
			"faces": {
				"north": {"uv": [0, 0, 6, 3], "texture": "#all"},
				"east": {"uv": [0, 0, 6, 3], "texture": "#all"},
				"south": {"uv": [0, 0, 6, 3], "texture": "#all"},
				"west": {"uv": [0, 0, 6, 3], "texture": "#all"},
				"up": {"uv": [0, 3, 6, 9], "texture": "#all"},
				"down": {"uv": [6, 3, 12, 9], "texture": "#all"}
			}
		}
	]
}