{
  "type": "minecraft:decorated",
  "config": {
    "decorator": {
      "type": "minecraft:count_multilayer",
      "config": {
        "count": 4
      }
    },
    "feature": {
      "type": "minecraft:tree",
      "config": {
        "ignore_vines": true,
        "force_dirt": false,
        "minimum_size": {
          "type": "minecraft:two_layers_feature_size"
        },
        "dirt_provider": {
          "type": "minecraft:simple_state_provider",
          "state": {
            "Name": "minecraft:podzol",
            "Properties": {
              "snowy": "false"
            }
          }
        },
        "sapling_provider": {
          "type": "minecraft:simple_state_provider",
          "state": {
            "Name": "minecraft:oak_sapling",
            "Properties": {
              "stage": "0"
            }
          }
        },
        "trunk_provider": {
          "type": "minecraft:simple_state_provider",
          "state": {
            "Name": "minecraft:jungle_log",
            "Properties": {
              "axis": "y"
            }
          }
        },
        "foliage_provider": {
          "type": "minecraft:weighted_state_provider",
          "entries": [
            {
              "weight": 5,
              "data": {
                "Name": "minecraft:jungle_leaves",
                "Properties": {
                  "distance": "1",
                  "persistent": "false"
                }
              }
            },
            {
              "weight": 1,
              "data": {
                "Name": "minecraft:acacia_leaves",
                "Properties": {
                  "distance": "1",
                  "persistent": "false"
                }
              }
            }
          ]
        },
        "trunk_placer": {
          "type": "minecraft:straight_trunk_placer",
          "base_height": 1,
          "height_rand_a": 7,
          "height_rand_b": 1
        },
        "foliage_placer": {
          "type": "minecraft:bush_foliage_placer",
          "radius": 2,
          "offset": 0,
          "height": 2
        },
        "decorators": [
          {
            "type": "minecraft:leave_vine"
          }
        ]
      }
    }
  }
}