{
  "type": "minecraft:decorated",
  "config": {
    "decorator": {
      "type": "minecraft:count_multilayer",
      "config": {
        "count": 16
      }
    },
    "feature": {
      "type": "minecraft:decorated",
      "config": {
        "decorator": {
          "type": "minecraft:range",
          "config": {
            "height": {
              "type": "minecraft:uniform",
              "min_inclusive": {
                "absolute": 1
              },
              "max_inclusive": {
                "below_top": 1
              }
            }
          }
        },
        "feature": {
          "type": "minecraft:delta_feature",
          "config": {
            "contents": {
              "Name": "minecraft:water",
              "Properties": {
                "level": "0"
              }
            },
            "rim": {
              "Name": "minecraft:sandstone"
            },
            "size": {
              "type": "minecraft:uniform",
              "value": {
                "min_inclusive": 3,
                "max_inclusive": 4
              }
            },
            "rim_size": {
              "type": "minecraft:uniform",
              "value": {
                "min_inclusive": 1,
                "max_inclusive": 2
              }
            }
          }
        }
      }
    }
  }
}