{
	"credit": "Made with Blockbench",
	"textures": {
		"all": "entity/zombie/demon_horns"
	},
	"elements": [
		{
			"name": "Horn",
			"from": [12, 5, 7],
			"to": [14, 13, 9],
			"rotation": {"angle": -45, "axis": "x", "origin": [12, 5, 8]},
			"faces": {
				"north": {"uv": [2, 2, 4, 10], "texture": "#all"},
				"east": {"uv": [0, 2, 2, 10], "texture": "#all"},
				"south": {"uv": [6, 2, 8, 10], "texture": "#all"},
				"west": {"uv": [4, 2, 6, 10], "texture": "#all"},
				"up": {"uv": [2, 0, 4, 2], "rotation": 180, "texture": "#all"},
				"down": {"uv": [4, 0, 6, 2], "rotation": 180, "texture": "#all"}
			}
		},
		{
			"name": "Horn",
			"from": [2, 5, 7],
			"to": [4, 13, 9],
			"rotation": {"angle": -45, "axis": "x", "origin": [4, 5, 8]},
			"faces": {
				"north": {"uv": [4, 2, 2, 10], "texture": "#all"},
				"east": {"uv": [6, 2, 4, 10], "texture": "#all"},
				"south": {"uv": [8, 2, 6, 10], "texture": "#all"},
				"west": {"uv": [2, 2, 0, 10], "texture": "#all"},
				"up": {"uv": [4, 0, 2, 2], "rotation": 180, "texture": "#all"},
				"down": {"uv": [6, 0, 4, 2], "rotation": 180, "texture": "#all"}
			}
		}
	],
	"display": {
		"thirdperson_righthand": {
			"rotation": [75, 45, 0],
			"translation": [0, 2.5, 0],
			"scale": [0.375, 0.375, 0.375]
		},
		"thirdperson_lefthand": {
			"rotation": [75, 45, 0],
			"translation": [0, 2.5, 0],
			"scale": [0.375, 0.375, 0.375]
		},
		"firstperson_righthand": {
			"rotation": [0, 45, 0],
			"translation": [0, 2.5, 0],
			"scale": [0.4, 0.4, 0.4]
		},
		"firstperson_lefthand": {
			"rotation": [0, 45, 0],
			"translation": [0, 2.5, 0],
			"scale": [0.4, 0.4, 0.4]
		},
		"ground": {
			"translation": [0, 2, 0],
			"scale": [0.5, 0.5, 0.5]
		},
		"gui": {
			"rotation": [30, 225, 0],
			"translation": [-0.5, 2, 0],
			"scale": [0.825, 0.825, 0.825]
		},
		"head": {
			"translation": [0, 6.43, 0],
			"scale": [1.605, 1.605, 1.605]
		},
		"fixed": {
			"translation": [0, 1.75, 0],
			"scale": [0.8, 0.8, 0.8]
		}
	},
	"groups": [
		{
			"name": "Horns",
			"origin": [8, 0, 11],
			"color": 0,
			"children": [0, 1]
		}
	]
}