{
	"credit": "Made with Blockbench",
	"texture_size": [32, 32],
	"textures": {
		"0": "entity/illager/bone_beast_idol",
		"particle": "entity/illager/bone_beast_idol"
	},
	"elements": [
		{
			"name": "Head",
			"from": [6, 2.5, 0.5],
			"to": [11, 8.5, 5.5],
			"rotation": {"angle": 0, "axis": "x", "origin": [8.5, 5.5, 6]},
			"faces": {
				"north": {"uv": [2.5, 2.5, 5, 5.5], "texture": "#0"},
				"east": {"uv": [0, 2.5, 2.5, 5.5], "texture": "#0"},
				"south": {"uv": [7.5, 2.5, 10, 5.5], "texture": "#0"},
				"west": {"uv": [5, 2.5, 7.5, 5.5], "texture": "#0"},
				"up": {"uv": [2.5, 0, 5, 2.5], "rotation": 180, "texture": "#0"},
				"down": {"uv": [5, 0, 7.5, 2.5], "rotation": 180, "texture": "#0"}
			}
		},
		{
			"name": "Horn",
			"from": [11, 8.5, 3.5],
			"to": [12, 12.5, 5.5],
			"rotation": {"angle": -45, "axis": "x", "origin": [8.5, 5.5, 6]},
			"faces": {
				"north": {"uv": [1, 14, 1.5, 16], "texture": "#0"},
				"east": {"uv": [0, 14, 1, 16], "texture": "#0"},
				"south": {"uv": [2.5, 14, 3, 16], "texture": "#0"},
				"west": {"uv": [1.5, 14, 2.5, 16], "texture": "#0"},
				"up": {"uv": [1, 13, 1.5, 14], "rotation": 180, "texture": "#0"},
				"down": {"uv": [1.5, 13, 2, 14], "rotation": 180, "texture": "#0"}
			}
		},
		{
			"name": "Horn",
			"from": [5, 8.5, 3.5],
			"to": [6, 12.5, 5.5],
			"rotation": {"angle": -45, "axis": "x", "origin": [8.5, 5.5, 6]},
			"faces": {
				"north": {"uv": [1.5, 14, 1, 16], "texture": "#0"},
				"east": {"uv": [2.5, 14, 1.5, 16], "texture": "#0"},
				"south": {"uv": [3, 14, 2.5, 16], "texture": "#0"},
				"west": {"uv": [1, 14, 0, 16], "texture": "#0"},
				"up": {"uv": [1, 13, 1.5, 14], "rotation": 180, "texture": "#0"},
				"down": {"uv": [1.5, 13, 2, 14], "rotation": 180, "texture": "#0"}
			}
		},
		{
			"name": "Body",
			"from": [6, 2.5, 5.5],
			"to": [11, 7.5, 13.5],
			"rotation": {"angle": 0, "axis": "y", "origin": [8.5, 5, 9.5]},
			"faces": {
				"north": {"uv": [4, 9.5, 6.5, 12], "texture": "#0"},
				"east": {"uv": [0, 9.5, 4, 12], "texture": "#0"},
				"south": {"uv": [10.5, 9.5, 13, 12], "texture": "#0"},
				"west": {"uv": [6.5, 9.5, 10.5, 12], "texture": "#0"},
				"up": {"uv": [4, 5.5, 6.5, 9.5], "rotation": 180, "texture": "#0"},
				"down": {"uv": [6.5, 5.5, 9, 9.5], "texture": "#0"}
			}
		},
		{
			"name": "Leg",
			"from": [9.5, 0, 5],
			"to": [12.5, 8, 8],
			"rotation": {"angle": 0, "axis": "y", "origin": [11, 4, 6.5]},
			"faces": {
				"north": {"uv": [11.5, 1.5, 13, 5.5], "texture": "#0"},
				"east": {"uv": [10, 1.5, 11.5, 5.5], "texture": "#0"},
				"south": {"uv": [14.5, 1.5, 16, 5.5], "texture": "#0"},
				"west": {"uv": [13, 1.5, 14.5, 5.5], "texture": "#0"},
				"up": {"uv": [11.5, 0, 13, 1.5], "rotation": 90, "texture": "#0"},
				"down": {"uv": [13, 0, 14.5, 1.5], "texture": "#0"}
			}
		},
		{
			"name": "Leg",
			"from": [4.5, 0, 5],
			"to": [7.5, 8, 8],
			"rotation": {"angle": 0, "axis": "y", "origin": [6, 4, 6.5]},
			"faces": {
				"north": {"uv": [13, 1.5, 11.5, 5.5], "texture": "#0"},
				"east": {"uv": [14.5, 1.5, 13, 5.5], "texture": "#0"},
				"south": {"uv": [16, 1.5, 14.5, 5.5], "texture": "#0"},
				"west": {"uv": [11.5, 1.5, 10, 5.5], "texture": "#0"},
				"up": {"uv": [13, 0, 11.5, 1.5], "rotation": 270, "texture": "#0"},
				"down": {"uv": [14.5, 0, 13, 1.5], "texture": "#0"}
			}
		},
		{
			"name": "Leg",
			"from": [9.5, 0, 11],
			"to": [12.5, 8, 14],
			"rotation": {"angle": 0, "axis": "y", "origin": [11, 4, 12.5]},
			"faces": {
				"north": {"uv": [11.5, 1.5, 13, 5.5], "texture": "#0"},
				"east": {"uv": [10, 1.5, 11.5, 5.5], "texture": "#0"},
				"south": {"uv": [14.5, 1.5, 16, 5.5], "texture": "#0"},
				"west": {"uv": [13, 1.5, 14.5, 5.5], "texture": "#0"},
				"up": {"uv": [11.5, 0, 13, 1.5], "rotation": 90, "texture": "#0"},
				"down": {"uv": [13, 0, 14.5, 1.5], "texture": "#0"}
			}
		},
		{
			"name": "Leg",
			"from": [4.5, 0, 11],
			"to": [7.5, 8, 14],
			"rotation": {"angle": 0, "axis": "y", "origin": [6, 4, 12.5]},
			"faces": {
				"north": {"uv": [13, 1.5, 11.5, 5.5], "texture": "#0"},
				"east": {"uv": [14.5, 1.5, 13, 5.5], "texture": "#0"},
				"south": {"uv": [16, 1.5, 14.5, 5.5], "texture": "#0"},
				"west": {"uv": [11.5, 1.5, 10, 5.5], "texture": "#0"},
				"up": {"uv": [13, 0, 11.5, 1.5], "rotation": 270, "texture": "#0"},
				"down": {"uv": [14.5, 0, 13, 1.5], "texture": "#0"}
			}
		}
	],
	"display": {
		"thirdperson_righthand": {
			"rotation": [90, 0, 0],
			"translation": [0, 0, 0.5],
			"scale": [0.8, 0.8, 0.8]
		},
		"thirdperson_lefthand": {
			"rotation": [90, 0, 0],
			"translation": [0, 0, 0.5],
			"scale": [0.8, 0.8, 0.8]
		},
		"firstperson_righthand": {
			"rotation": [20, 45, 0],
			"translation": [0, 3, 0]
		},
		"firstperson_lefthand": {
			"rotation": [30.5, 25, 0],
			"translation": [4.5, 3, 0]
		},
		"ground": {
			"rotation": [0, 180, 0],
			"translation": [0, -8.5, -7]
		},
		"gui": {
			"rotation": [40, 145, 0],
			"translation": [0.25, 2, 0]
		},
		"head": {
			"translation": [0, -24.5, -3.5],
			"scale": [3, 3, 3]
		}
	},
	"groups": [
		{
			"name": "Head",
			"origin": [11.5, 6, 3.5],
			"color": 0,
			"children": [0,
				{
					"name": "Horns",
					"origin": [11.5, 6, 3.5],
					"color": 0,
					"children": [1, 2]
				}
			]
		},
		{
			"name": "group",
			"origin": [8.5, 5.5, 3],
			"color": 0,
			"children": []
		}, 3,
		{
			"name": "Legs",
			"origin": [6, 4, 12.5],
			"color": 0,
			"children": [4, 5, 6, 7]
		}
	]
}