{
  "surface_builder": "inferno:moonstone_caverns",
  "depth": 0.01,
  "scale": 0.9,
  "temperature": 2,
  "downfall": 0,
  "precipitation": "none",
  "category": "nether",
  "effects": {
    "sky_color": 7254527,
    "fog_color": 9820156,
    "water_color": 4159204,
    "water_fog_color": 329011,
    "particle": {
      "options": {
        "type": "minecraft:end_rod"
      },
      "probability": 0.01428
    }
  },
  "starts": [
    "inferno:soul_island",
    "inferno:soul_ziggurat"
  ],
  "spawners": {
    "monster": [
      {
        "type": "minecraft:skeleton",
        "weight": 15,
        "minCount": 5,
        "maxCount": 5
      },
      {
        "type": "minecraft:ghast",
        "weight": 50,
        "minCount": 4,
        "maxCount": 4
      }
    ],
    "creature": [
      {
        "type": "minecraft:strider",
        "weight": 60,
        "minCount": 1,
        "maxCount": 2
      }
    ],
    "ambient": [],
    "water_creature": [],
    "water_ambient": [],
    "misc": []
  },
  "spawn_costs": {},
  "carvers": {},
  "features": [
    [
      "inferno:base/rachte_terrain_0",
      "inferno:base/rachte_terrain_1",
      "inferno:base/rachte_terrain_2",
      "inferno:base/rachite_spikes",
      "inferno:base/rachite_spikes",
      "inferno:base/rachite_spikes",
      "inferno:base/rachite_spikes_large_base",
      "inferno:base/rachite_spikes_large",
      "inferno:base/ore_orichalcum",
      "inferno:base/orichalcum_cluster"
    ],
    [
      "minecraft:ore_blackstone",
      "inferno:base/scoria",
      "inferno:base/rachite"
    ],
    [
      "inferno:moonstone_caverns/moonstone_cavern_roof_surface",
      "inferno:moonstone_caverns/moonstone_stalactites_large",
      "minecraft:basalt_pillar",
      "minecraft:basalt_pillar",
      "minecraft:basalt_pillar",
      "inferno:moonstone_caverns/moonstone_stalactites",
      "inferno:soul_sand_valley/netherrack_to_soulstone",
      "inferno:moonstone_caverns/ore_anirrum_moonstone"
    ]
  ]
}
