{
    "name": "inferno:island",
    "fallback": "minecraft:empty",
    "elements": [
      {
        "weight": 10,
        "element": {
          "location": "inferno:island/extender_1",
          "processors": "minecraft:empty",
          "projection": "rigid",
          "element_type": "minecraft:legacy_single_pool_element"
        }
      },
      {
        "weight": 25,
        "element": {
          "location": "inferno:island/extender_0",
          "processors": "minecraft:empty",
          "projection": "rigid",
          "element_type": "minecraft:legacy_single_pool_element"
        }
      }
    ]
  }