{
  "type": "minecraft:block",
  "pools": [
    {
      "rolls": 1,
      "entries": [
        {
          "type": "minecraft:item",
          "name": "minecraft:chorus_flower",
          "conditions": [
            {
              "condition": "minecraft:survives_explosion"
            },
            {
              "condition": "minecraft:entity_properties",
              "entity": "this",
              "predicate": {}
            }
          ]
        }
      ]
    },
    {
      "rolls": 1,
      "entries": [
        {
          "type": "minecraft:item",
          "name": "minecraft:soul_sand",
          "functions": [
            {
              "function": "minecraft:set_nbt",
              "tag": "{OrdaNSspectreCloud:1b}"
            }
          ],
          "conditions": [
            {
              "condition": "minecraft:block_state_property",
              "block": "minecraft:chorus_flower",
              "properties": {
                "age": "5"
              }
            }
          ]
        }
      ]
    }
  ]
}