{
  "type": "minecraft:block",
  "pools": [
    {
      "rolls": 1,
      "entries": [
        {
          "type": "minecraft:alternatives",
          "children": [
            {
              "type": "minecraft:item",
              "conditions": [
                {
                  "condition": "minecraft:match_tool",
                  "predicate": {
                    "enchantments": [
                      {
                        "enchantment": "minecraft:silk_touch",
                        "levels": {
                          "min": 1
                        }
                      }
                    ]
                  }
                }
              ],
              "name": "minecraft:clay"
            },
            {
              "type": "minecraft:item",
              "conditions": [
          	      {
                	"condition": "minecraft:match_tool",
              		"predicate": {
			      "item": "minecraft:stone_shovel"
			     }
       		      }
		],
	      "functions": [
                {
                  "function": "minecraft:apply_bonus",
                  "enchantment": "minecraft:fortune",
                  "formula": "minecraft:ore_drops"
                },
                {
                  "function": "minecraft:explosion_decay"
                }
              ],
              "name": "minecraft:clay_ball"
            },
            {
              "type": "minecraft:item",
              "conditions": [
          	      {
                	"condition": "minecraft:match_tool",
              		"predicate": {
			      "item": "minecraft:iron_shovel"
			     }
       		      }
		],
	      "functions": [
                {
                  "function": "minecraft:apply_bonus",
                  "enchantment": "minecraft:fortune",
                  "formula": "minecraft:ore_drops"
                },
                {
                  "function": "minecraft:explosion_decay"
                }
              ],
              "name": "minecraft:clay_ball"
            },
            {
              "type": "minecraft:item",
              "conditions": [
          	      {
                	"condition": "minecraft:match_tool",
              		"predicate": {
			      "item": "minecraft:diamond_shovel"
			     }
       		      }
		],
	      "functions": [
                {
                  "function": "minecraft:apply_bonus",
                  "enchantment": "minecraft:fortune",
                  "formula": "minecraft:ore_drops"
                },
                {
                  "function": "minecraft:explosion_decay"
                }
              ],
              "name": "minecraft:clay_ball"
            },
            {
              "type": "minecraft:item",
              "conditions": [
          	      {
                	"condition": "minecraft:match_tool",
              		"predicate": {
			      "item": "minecraft:netherite_shovel"
			     }
       		      }
		],
	      "functions": [
                {
                  "function": "minecraft:apply_bonus",
                  "enchantment": "minecraft:fortune",
                  "formula": "minecraft:ore_drops"
                },
                {
                  "function": "minecraft:explosion_decay"
                }
              ],
              "name": "minecraft:clay_ball"
            },
            {
              "type": "minecraft:item",
              "functions": [
                {
                  "function": "minecraft:explosion_decay"
                }
              ],
              "name": "minecraft:soul_soil"
            }
          ]
        }
      ]
    }
  ]
}