{
    "pools": [
      {
        "rolls": 1,
        "entries": [
          {
            "type": "minecraft:item",
            "weight": 25,
            "name": "minecraft:dirt"
          },
          {
            "type": "minecraft:item",
            "weight": 15,
            "name": "minecraft:gravel"
          },
          {
            "type": "minecraft:item",
            "weight": 5,
            "name": "minecraft:beetroot_seeds"
          },
          {
            "type": "minecraft:item",
            "weight": 5,
            "name": "minecraft:carrot"
          },
          {
            "type": "minecraft:item",
            "weight": 5,
            "name": "minecraft:potato"
          },
          {
            "type": "minecraft:item",
            "weight": 5,
            "name": "minecraft:wheat_seeds"
          },
          {
            "type": "minecraft:item",
            "weight": 1,
            "name": "minecraft:gold_nugget"
          }
        ]
      }
    ]
  }
  