{
    "pools": [
      {
        "rolls": 1,
        "entries": [
          {
            "type": "minecraft:item",
            "weight": 15,
            "name": "minecraft:hay_block"
          },
          {
            "type": "minecraft:item",
            "weight": 10,
            "name": "minecraft:pointed_dripstone"
          },
          {
            "type": "minecraft:item",
            "weight": 25,
            "name": "minecraft:gravel"
          },
          {
            "type": "minecraft:item",
            "weight": 5,
            "name": "minecraft:shulker_shell"
          }
        ]
      }
    ]
  }
  