{
    "display": {
      "icon": {
        "item": "minecraft:cooked_cod"
      },
      "title": {
        "text": "It aint Easy Being Cheesy"
      },
      "description": {
        "text": "Harvest some Milk from a Lanothrope and cook it to make Cheese, a tasty treat and a useful ingredient."
      },
      "frame": "task",
      "show_toast": true,
      "announce_to_chat": true,
      "hidden": false
    },
    "parent": "inferno:cooking/garlic_yam",
    "criteria": {
      "quartz": {
        "trigger": "minecraft:inventory_changed",
        "conditions": {
          "items": [
            {
              "items": [
                "minecraft:cooked_cod"
              ]
            }
          ]
        }
      }
    },
    "rewards": {
        "recipes": [
            "minecraft:cake"
        ]
    },
    "experience": 30,
    "requirements": [
      [
        "quartz"
      ]
    ]
  }
  