{
    "display": {
      "icon": {
        "item": "minecraft:baked_potato"
      },
      "title": {
        "text": "A Home Cooked Meal"
      },
      "description": {
        "text": "Begin your adventure in the culinary world by roasting your first Yam."
      },
      "frame": "task",
      "show_toast": true,
      "announce_to_chat": true,
      "hidden": false,
      "background": "minecraft:textures/gui/advancements/backgrounds/cooking.png"
    },
    "criteria": {
      "root": {
        "trigger": "minecraft:inventory_changed",
        "conditions": {
          "items": [
            {
              "items": [
                "minecraft:baked_potato"
              ]
            }
          ]
        }
      }
    },
    "rewards": {
        "recipes": [
            "minecraft:beetroot_soup"
        ]
    },
    "experience": 10,
    "requirements": [
      [
        "root"
      ]
    ]
  }
  