{
	"credit": "Made with Blockbench",
	"textures": {
		"all": "entity/zombie/drowned_horns"
	},
	"elements": [
		{
			"from": [7, 0, 3],
			"to": [9, 8, 5],
			"rotation": {"angle": 0, "axis": "y", "origin": [15, 8, 11]},
			"faces": {
				"north": {"uv": [0, 0, 2, 8], "texture": "#all"},
				"east": {"uv": [0, 0, 2, 8], "texture": "#all"},
				"south": {"uv": [0, 0, 2, 8], "texture": "#all"},
				"west": {"uv": [0, 0, 2, 8], "texture": "#all"},
				"up": {"uv": [3, 3, 5, 5], "texture": "#all"},
				"down": {"uv": [3, 0, 5, 2], "texture": "#all"}
			}
		},
		{
			"from": [7, 0, 11],
			"to": [9, 8, 13],
			"rotation": {"angle": 0, "axis": "y", "origin": [15, 8, 19]},
			"faces": {
				"north": {"uv": [0, 0, 2, 8], "texture": "#all"},
				"east": {"uv": [0, 0, 2, 8], "texture": "#all"},
				"south": {"uv": [0, 0, 2, 8], "texture": "#all"},
				"west": {"uv": [0, 0, 2, 8], "texture": "#all"},
				"up": {"uv": [3, 3, 5, 5], "texture": "#all"},
				"down": {"uv": [3, 0, 5, 2], "texture": "#all"}
			}
		}
	],
	"display": {
		"head": {
			"rotation": [0, 90, -45],
			"translation": [0, 12.5, -10],
			"scale": [1.85, 1.85, 1.85]
		}
	}
}