{
  "config": {
    "body_provider": {
      "entries": [
        {
          "weight": 8,
          "data": {
            "Name": "minecraft:chorus_plant",
            "Properties": {
              "north": "false",
              "south": "false",
              "east": "false",
              "west": "false",
              "up": "true",
              "down": "true"
            }
          }
        },
        {
          "weight": 1,
          "data": {
            "Name": "minecraft:chorus_plant",
            "Properties": {
              "north": "false",
              "south": "false",
              "east": "false",
              "west": "false",
              "up": "true",
              "down": "true"
            }
          }
        }
      ],
      "type": "minecraft:weighted_state_provider"
    },
    "head_provider": {
      "source": {
        "entries": [
          {
            "weight": 4,
            "data": {
              "Name": "minecraft:chorus_flower",
              "Properties": {
                "age": "1"
              }
            }
          },
          {
            "weight": 4,
            "data": {
              "Name": "minecraft:chorus_flower",
              "Properties": {
                "age": "3"
              }
            }
          }
        ],
        "type": "minecraft:weighted_state_provider"
      },
      "property": "age",
      "values": {
        "base": 0,
        "spread": 1
      },
      "type": "minecraft:randomized_int_state_provider"
    },
    "allow_water": false,
    "height_distribution": [
      {
        "weight": 10,
        "data": {
          "base": 1,
          "spread": 15
        }
      }
    ],
    "direction": "down"
  },
  "type": "minecraft:growing_plant"
}