{
  "type": "minecraft:simple_block",
  "config": {
    "to_place": {
      "type": "minecraft:weighted_state_provider",
      "entries": [
        {
          "weight": 7,
          "data": {
            "Name": "minecraft:bamboo_sapling"
          }
        },
        {
          "weight": 25,
          "data": {
            "Name": "minecraft:dandelion"
          }
        },
        {
          "weight": 50,
          "data": {
            "Name": "minecraft:grass"
          }
        },
        {
          "weight": 10,
          "data": {
            "Name": "minecraft:tall_grass",
            "Properties": {
              "half": "lower"
            }
          }
        }
      ]
    },
    "place_on": [],
    "place_in": [],
    "place_under": []
  }
}