{
  "type": "minecraft:growing_plant",
  "config": {
    "direction": "up",
    "allow_water": false,
    "height_distribution": [
      {
        "weight": 2,
        "data": {
          "type": "minecraft:uniform",
          "value": {
            "min_inclusive": 1,
            "max_inclusive": 9
          }
        }
      },
      {
        "weight": 1,
        "data": {
          "type": "minecraft:uniform",
          "value": {
            "min_inclusive": 1,
            "max_inclusive": 4
          }
        }
      },
      {
        "weight": 10,
        "data": {
          "type": "minecraft:uniform",
          "value": {
            "min_inclusive": 1,
            "max_inclusive": 15
          }
        }
      }
    ],
    "body_provider": {
      "type": "minecraft:weighted_state_provider",
      "entries": [
        {
          "weight": 8,
          "data": {
            "Name": "minecraft:bamboo",
            "Properties": {
              "age": "1",
              "leaves": "none",
              "stage": "0"
            }
          }
        },
        {
          "weight": 4,
          "data": {
            "Name": "minecraft:bamboo",
            "Properties": {
              "age": "1",
              "leaves": "small",
              "stage": "0"
            }
          }
        },
        {
          "weight": 1,
          "data": {
            "Name": "minecraft:bamboo",
            "Properties": {
              "age": "1",
              "leaves": "large",
              "stage": "0"
            }
          }
        }
      ]
    },
    "head_provider": {
      "type": "minecraft:randomized_int_state_provider",
      "property": "stage",
      "values": {
        "type": "minecraft:uniform",
        "value": {
          "min_inclusive": 0,
          "max_inclusive": 1
        }
      },
      "source": {
        "type": "minecraft:weighted_state_provider",
        "entries": [
          {
            "weight": 4,
            "data": {
              "Name": "minecraft:bamboo",
              "Properties": {
                "age": "1",
                "leaves": "large",
                "stage": "1"
              }
            }
          }
        ]
      }
    }
  }
}