{
    "config": {
      "feature": {
        "config": {
          "contents": {
            "Properties": {
              "level": "0"
            },
            "Name": "minecraft:lava"
          },
          "rim": {
            "Name": "minecraft:red_sand"
          },
          "size": {
            "base": 3,
            "spread": 4
          },
          "rim_size": {
            "base": 1,
            "spread": 3
          }
        },
        "type": "minecraft:delta_feature"
      },
      "decorator": {
        "config": {
          "count": 3
        },
        "type": "minecraft:count_multilayer"
      }
    },
    "type": "minecraft:decorated"
  }