{
    "pools": [
      {
        "rolls": 1,
        "entries": [
          {
            "type": "minecraft:item",
            "weight": 1,
            "name": "minecraft:pumpkin_pie"
          },
          {
            "type": "minecraft:item",
            "weight": 20,
            "name": "minecraft:warped_roots"
          },
          {
            "type": "minecraft:item",
            "weight": 20,
            "name": "minecraft:warped_fungus"
          },
          {
            "type": "minecraft:item",
            "weight": 15,
            "name": "minecraft:twisting_vines"
          },
          {
            "type": "minecraft:item",
            "weight": 10,
            "name": "minecraft:carrot"
          },
          {
            "type": "minecraft:item",
            "weight": 5,
            "name": "minecraft:chorus_fruit"
          },
          {
            "type": "minecraft:item",
            "weight": 5,
            "name": "minecraft:ender_pearl"
          },
          {
            "type": "minecraft:item",
            "weight": 10,
            "name": "minecraft:netherrack"
          },
          {
            "type": "minecraft:item",
            "weight": 7,
            "name": "minecraft:warped_wart_block"
          }
        ]
      }
    ]
  }
  