{
  "surface_builder": "inferno:moss_caverns",
  "depth": 0.125,
  "scale": 0.06,
  "temperature": 0.8,
  "downfall": 0.4,
  "precipitation": "none",
  "category": "none",
  "effects": {
    "sky_color": 11069100,
    "fog_color": 9186398,
    "water_color": 61183,
    "water_fog_color": 116409,
    "particle": {
      "options": {
        "type": "minecraft:spore_blossom_air"
      },
      "probability": 0.001
    }
  },
  "starts": [
    "inferno:power_plant"
  ],
  "spawners": {
    "water_ambient": [
      {
        "type": "minecraft:salmon",
        "weight": 10,
        "minCount": 2,
        "maxCount": 4
      },
      {
        "type": "minecraft:pufferfish",
        "weight": 5,
        "minCount": 2,
        "maxCount": 3
      }
    ],
    "monster": [
      {
        "type": "minecraft:witch",
        "weight": 1,
        "minCount": 1,
        "maxCount": 2
      }
    ]
  },
  "spawn_costs": {},
  "carvers": {
    "air": [
      "minecraft:prototype_canyon",
      "minecraft:prototype_cave",
      "minecraft:prototype_crevice"
    ]
  },
  "features": [
    [
      "minecraft:spring_water",
      "minecraft:spring_water",
      "minecraft:spring_water",
      "inferno:moss_caverns/lake",
      "minecraft:kelp_cold"
    ],
    [
      "inferno:moss_caverns/moss_layer",
      "inferno:moss_caverns/sunstone_geode",
      "inferno:moss_caverns/ore_terradite",
      "inferno:moss_caverns/mossberry_shrub",
      "inferno:moss_caverns/small_mossberry_tree",
      "inferno:moss_caverns/mossberry_tree",
      "inferno:moss_caverns/large_mossberry_tree",
      "inferno:moss_caverns/ferns",
      "inferno:moss_caverns/glow_lichen",
      "inferno:moss_caverns/seamoss",
      "minecraft:seagrass_swamp",
      "inferno:moss_caverns/moss_raft",
      "inferno:moss_caverns/sugarcane"
    ]
  ]
}
