{
  "surface_builder": "inferno:scrap_pit",
  "depth": 0.1,
  "scale": 0.2,
  "temperature": 2,
  "downfall": 0,
  "precipitation": "none",
  "category": "nether",
  "effects": {
    "sky_color": 7364424,
    "fog_color": 7364424,
    "water_color": 7364424,
    "water_fog_color": 7364424,
    "ambient_sound": "minecraft:ambient.basalt_deltas.loop",
    "mood_sound": {
      "sound": "minecraft:ambient.basalt_deltas.mood",
      "tick_delay": 6000,
      "block_search_extent": 8,
      "offset": 2
    },
    "additions_sound": {
      "sound": "minecraft:ambient.basalt_deltas.additions",
      "tick_chance": 0.0111
    },
    "music": {
      "sound": "minecraft:music.nether.basalt_deltas",
      "min_delay": 12000,
      "max_delay": 24000,
      "replace_current_music": false
    },
    "particle": {
      "options": {
        "type": "minecraft:cloud"
      },
      "probability": 0.007
    }
  },
  "starts": [
    "inferno:pipeline"
  ],
  "spawners": {
    "monster": [
      {
        "type": "minecraft:creeper",
        "weight": 20,
        "minCount": 1,
        "maxCount": 2
      }
    ],
    "creature": [
      {
        "type": "minecraft:strider",
        "weight": 60,
        "minCount": 1,
        "maxCount": 2
      },
      {
        "type": "minecraft:iron_golem",
        "weight": 5,
        "minCount": 1,
        "maxCount": 2
      }
    ],
    "ambient": [],
    "water_creature": [],
    "water_ambient": [],
    "misc": []
  },
  "spawn_costs": {},
  "carvers": {},
  "features": [
    [
      "inferno:base/rachte_terrain_0",
      "inferno:base/rachte_terrain_1",
      "inferno:base/rachte_terrain_2",
      "inferno:base/rachite_spikes",
      "inferno:base/rachite_spikes",
      "inferno:base/rachite_spikes",
      "inferno:base/rachite_spikes_large_base",
      "inferno:base/rachite_spikes_large",
      "inferno:base/ore_orichalcum",
      "inferno:base/scoria",
      "inferno:base/rachite",
      "inferno:base/orichalcum_cluster"
    ],
    [
      "inferno:scrap_pit/scrap_delta"
    ],
    [
      "inferno:scrap_pit/scrap_piles",
      "inferno:scrap_pit/scrap_piles",
      "inferno:scrap_pit/scrap_piles",
      "inferno:scrap_pit/scrap_piles",
      "inferno:scrap_pit/scrap_piles"
    ],
    [
      "inferno:scrap_pit/scrap_ceiling",
      "inferno:scrap_pit/ceiling_pipes",
      "inferno:scrap_pit/floor_pipes",
      "inferno:scrap_pit/scrap_delta"
    ]
  ]
}
