{
    "config": {
      "feature": {
        "config": {
          "feature": {
            "config": {
              "feature": {
                "config": {
                  "target": {
                    "Name": "minecraft:netherrack"
                  },
                  "state": {
                    "Properties": {
                      "axis": "y"
                    },
                    "Name": "minecraft:basalt"
                  },
                  "radius": {
                    "base": 3,
                    "spread": 4
                  }
                },
                "type": "minecraft:netherrack_replace_blobs"
              },
              "decorator": {
                "config": {
                  "bottom_offset": 0,
                  "top_offset": 0,
                  "maximum": 192
                },
                "type": "minecraft:range"
              }
            },
            "type": "minecraft:decorated"
          },
          "decorator": {
            "config": {},
            "type": "minecraft:square"
          }
        },
        "type": "minecraft:decorated"
      },
      "decorator": {
        "config": {
          "count": 75
        },
        "type": "minecraft:count"
      }
    },
    "type": "minecraft:decorated"
  }