{
    "config": {
      "feature": {
        "name": "nether-survival:ore_slate",
        "config": {
          "feature": {
            "config": {
              "feature": {
                "config": {
                  "target": {
                    "tag": "minecraft:climbable",
                    "predicate_type": "minecraft:tag_match"
                  },
                  "state": {
                    "Name": "minecraft:sea_lantern"
                  },
                  "size": 64
                },
                "type": "minecraft:ore"
              },
              "decorator": {
                "config": {
                  "bottom_offset": 0,
                  "top_offset": 0,
                  "maximum": 192
                },
                "type": "minecraft:range"
              }
            },
            "type": "minecraft:decorated"
          },
          "decorator": {
            "config": {},
            "type": "minecraft:square"
          }
        },
        "type": "minecraft:decorated"
      },
      "decorator": {
        "config": {
          "count": 128
        },
        "type": "minecraft:count"
      }
    },
    "type": "minecraft:decorated"
  }