{
  "effects": {
    "particle": {
      "options": {
        "type": "minecraft:end_rod"
      },
      "probability": 0.01428
    },
    "sky_color": 7254527,
    "fog_color": 9820156,
    "water_color": 4159204,
    "water_fog_color": 329011
  },
  "surface_builder": "inferno:moonstone_caverns",
  "carvers": {
  },
  "features": [
    [
      "minecraft:amethyst_geode"
    ],
    [],
    [],
    [],
    [],
    [],
    [
      "minecraft:ore_blackstone",
      "inferno:base/scoria"
    ],
    [
       "inferno:moonstone_caverns/moonstone_crystals",
       "inferno:moonstone_caverns/netherrack_replacer"
    ],
    [
      "inferno:moonstone_caverns/moonstone_ore"
    ]
  ],
  "starts": [
    "minecraft:bastion_remnant",
    "inferno:island"
  ],
  "spawners": {
    "monster": [],
    "creature": [
      {
        "type": "minecraft:strider",
        "weight": 60,
        "minCount": 1,
        "maxCount": 2
      }
    ],
    "ambient": [],
    "water_creature": [],
    "water_ambient": [],
    "misc": []
  },
  "spawn_costs": {},
  "precipitation": "none",
  "temperature": 2.0,
  "downfall": 0.0,
  "category": "nether",
  "depth": 0.1,
  "scale": 0.2
}