{
    "effects": {
      "mood_sound": {
        "sound": "minecraft:ambient.basalt_deltas.mood",
        "tick_delay": 6000,
        "block_search_extent": 8,
        "offset": 2.0
      },
      "additions_sound": {
        "sound": "minecraft:ambient.basalt_deltas.additions",
        "tick_chance": 0.0111
      },
      "music": {
        "sound": "minecraft:music.nether.basalt_deltas",
        "min_delay": 12000,
        "max_delay": 24000,
        "replace_current_music": false
      },
      "particle": {
        "options": {
          "type": "minecraft:smoke"
        },
        "probability": 0.13
      },
      "ambient_sound": "minecraft:ambient.basalt_deltas.loop",
      "sky_color": 7254527,
      "fog_color": 14519309,
      "water_color": 4159204,
      "water_fog_color": 4341314
    },
    "surface_builder": "inferno:volcanic_desert",
    "carvers": {
    },
    "features": [
      [],
      [],
      [],
      [],
      [],
      [],
      [],
      [
        "inferno:volcanic_desert/blackstone_base",
        "inferno:volcanic_desert/ash_piles",
        "inferno:basalt_deltas/ore_redstone",
        "minecraft:patch_fire",
        "minecraft:patch_soul_fire",
        "minecraft:glowstone_extra",
        "minecraft:glowstone",
        "minecraft:ore_magma",
        "minecraft:spring_closed_double",
        "minecraft:ore_gold_deltas",
        "minecraft:ore_quartz_deltas",
        "inferno:base/scoria"
      ],
      [
        "minecraft:spring_lava_double",
        "inferno:volcanic_desert/ochre_roots",
        "inferno:volcanic_desert/ochre_fungus"
      ]
    ],
    "starts": [
      "minecraft:nether_fossil",
      "minecraft:bastion_remnant"
    ],
    "spawners": {
      "monster": [
        {
          "type": "minecraft:ghast",
          "weight": 40,
          "minCount": 1,
          "maxCount": 1
        },
        {
          "type": "minecraft:skeleton",
          "weight": 50,
          "minCount": 2,
          "maxCount": 5
        },
        {
          "type": "minecraft:husk",
          "weight": 45,
          "minCount": 2,
          "maxCount": 5
        }
      ],
      "creature": [
        {
          "type": "minecraft:strider",
          "weight": 60,
          "minCount": 1,
          "maxCount": 2
        }
      ],
      "ambient": [],
      "water_creature": [],
      "water_ambient": [],
      "misc": []
    },
    "spawn_costs": {},
    "precipitation": "none",
    "temperature": 2.0,
    "downfall": 0.0,
    "category": "nether",
    "depth": 0.1,
    "scale": 0.2
  }