{
    "type": "minecraft:decorated",
    "config": {
      "decorator": {
        "type": "minecraft:decorated",
        "config": {
          "outer": {
            "type": "minecraft:count_multilayer",
            "config": {
              "count": 32
            }
          },
          "inner": {
            "type": "minecraft:range",
            "config": {
              "bottom_inclusive": {
                "absolute": 0
              },
              "top_inclusive": {
                "below_top": 5
              }
            }
          }
        }
      },
      "feature": {
        "type": "minecraft:basalt_columns",
        "config": {
          "reach": {
            "base": 2,
            "spread": 1
          },
          "height": {
            "base": 5,
            "spread": 5
          }
        }
      }
    }
  }