{
  "type": "minecraft:decorated",
  "config": {
    "decorator": {
      "type": "minecraft:count_multilayer",
      "config": {
        "count": 16
      }
    },
    "feature": {
      "type": "minecraft:random_patch",
      "config": {
        "can_replace": false,
        "project": false,
        "need_water": false,
        "xspread": 7,
        "yspread": 3,
        "zspread": 7,
        "tries": 10,
        "state_provider": {
          "type": "minecraft:simple_state_provider",
          "state": {
            "Name": "minecraft:lily_pad"
          }
        },
        "block_placer": {
          "type": "minecraft:simple_block_placer"
        },
        "whitelist": [
          {
            "Name": "minecraft:water",
            "Properties": {
              "level": "0"
            }
          }
        ],
        "blacklist": []
      }
    }
  }
}