{
    "pools": [
      {
        "rolls": 1,
        "entries": [
          {
            "type": "minecraft:item",
            "weight": 10,
            "name": "minecraft:red_sand"
          },
          {
            "type": "minecraft:item",
            "weight": 10,
            "name": "minecraft:popped_chorus_fruit"
          },
          {
            "type": "minecraft:item",
            "weight": 5,
            "name": "minecraft:amethyst_cluster"
          }
        ]
      }
    ]
  }
  