{
    "pools": [
      {
        "rolls": 1,
        "entries": [
          {
            "type": "minecraft:item",
            "weight": 5,
            "name": "minecraft:cactus"
          },
          {
            "type": "minecraft:item",
            "weight": 7,
            "name": "minecraft:small_dripleaf"
          },
          {
            "type": "minecraft:item",
            "weight": 10,
            "name": "minecraft:dead_bush"
          },
          {
            "type": "minecraft:item",
            "weight": 25,
            "name": "minecraft:sand"
          },
          {
            "type": "minecraft:item",
            "weight": 15,
            "name": "minecraft:gravel"
          },
          {
            "type": "minecraft:item",
            "weight": 10,
            "name": "minecraft:popped_chorus_fruit"
          }
        ]
      }
    ]
  }
  