{
    "pools": [
      {
        "rolls": 1,
        "entries": [
          {
            "type": "minecraft:item",
            "weight": 10,
            "name": "minecraft:hanging_roots"
          },
          {
            "type": "minecraft:item",
            "weight": 5,
            "name": "minecraft:beetroot_seeds"
          },
          {
            "type": "minecraft:item",
            "weight": 3,
            "name": "minecraft:glistering_melon_slice"
          },
          {
            "type": "minecraft:item",
            "weight": 3,
            "name": "minecraft:ender_pearl"
          },
          {
            "type": "minecraft:item",
            "weight": 10,
            "name": "minecraft:soul_sand"
          },
          {
            "type": "minecraft:item",
            "weight": 10,
            "name": "minecraft:raw_iron"
          }
        ]
      }
    ]
  }
  