{
	"credit": "Made with Blockbench",
	"texture_size": [48, 16],
	"textures": {
		"all": "entity/zombie/arch_demon_head_hurt"
	},
	"elements": [
		{
			"name": "Horn",
			"from": [12, 5, 6.5],
			"to": [14, 15, 9.5],
			"rotation": {"angle": -45, "axis": "x", "origin": [12, 5, 8.5]},
			"faces": {
				"north": {"uv": [1, 3, 1.66667, 13], "texture": "#all"},
				"east": {"uv": [0, 3, 1, 13], "texture": "#all"},
				"south": {"uv": [2.66667, 3, 3.33333, 13], "texture": "#all"},
				"west": {"uv": [1.66667, 3, 2.66667, 13], "texture": "#all"},
				"up": {"uv": [1, 0, 1.66667, 3], "rotation": 180, "texture": "#all"},
				"down": {"uv": [1.66667, 0, 2.33333, 3], "rotation": 180, "texture": "#all"}
			}
		},
		{
			"name": "Horn",
			"from": [2, 5, 6.5],
			"to": [4, 15, 9.5],
			"rotation": {"angle": -45, "axis": "x", "origin": [4, 5, 8.5]},
			"faces": {
				"north": {"uv": [1.66667, 3, 1, 13], "texture": "#all"},
				"east": {"uv": [2.66667, 3, 1.66667, 13], "texture": "#all"},
				"south": {"uv": [3.33333, 3, 2.66667, 13], "texture": "#all"},
				"west": {"uv": [1, 3, 0, 13], "texture": "#all"},
				"up": {"uv": [1.66667, 0, 1, 3], "rotation": 180, "texture": "#all"},
				"down": {"uv": [2.33333, 0, 1.66667, 3], "rotation": 180, "texture": "#all"}
			}
		},
		{
			"name": "Head",
			"from": [4, 0, 4],
			"to": [12, 8, 12],
			"rotation": {"angle": 0, "axis": "y", "origin": [8, 4, 8]},
			"faces": {
				"north": {"uv": [8, 8, 10.66667, 16], "texture": "#all"},
				"east": {"uv": [5.33333, 8, 8, 16], "texture": "#all"},
				"south": {"uv": [13.33333, 8, 16, 16], "texture": "#all"},
				"west": {"uv": [10.66667, 8, 13.33333, 16], "texture": "#all"},
				"up": {"uv": [8, 0, 10.66667, 8], "rotation": 180, "texture": "#all"},
				"down": {"uv": [10.66667, 0, 13.33333, 8], "rotation": 180, "texture": "#all"}
			}
		}
	],
	"display": {
		"thirdperson_righthand": {
			"rotation": [75, 45, 0],
			"translation": [0, 2.5, 0],
			"scale": [0.375, 0.375, 0.375]
		},
		"thirdperson_lefthand": {
			"rotation": [75, 45, 0],
			"translation": [0, 2.5, 0],
			"scale": [0.375, 0.375, 0.375]
		},
		"firstperson_righthand": {
			"rotation": [0, 45, 0],
			"translation": [0, 2.5, 0],
			"scale": [0.4, 0.4, 0.4]
		},
		"firstperson_lefthand": {
			"rotation": [0, 45, 0],
			"translation": [0, 2.5, 0],
			"scale": [0.4, 0.4, 0.4]
		},
		"ground": {
			"translation": [0, 2, 0],
			"scale": [0.5, 0.5, 0.5]
		},
		"gui": {
			"rotation": [30, 225, 0],
			"translation": [-0.5, 2, 0],
			"scale": [0.825, 0.825, 0.825]
		},
		"head": {
			"translation": [0, 6.43, 0],
			"scale": [1.605, 1.605, 1.605]
		},
		"fixed": {
			"translation": [0, 1.75, 0],
			"scale": [0.8, 0.8, 0.8]
		}
	},
	"groups": [
		{
			"name": "Horns",
			"origin": [8, 0, 11],
			"color": 0,
			"children": [0, 1]
		}, 2]
}