{
	"credit": "Made with Blockbench",
	"texture_size": [48, 32],
	"textures": {
		"2": "entity/illager/pillager_head",
		"particle": "entity/illager/pillager_head"
	},
	"elements": [
		{
			"name": "Head",
			"from": [4, 0, 4],
			"to": [12, 8, 12],
			"rotation": {"angle": 0, "axis": "y", "origin": [8, 4, 8]},
			"faces": {
				"north": {"uv": [8, 4, 10.66667, 8], "texture": "#2"},
				"east": {"uv": [5.33333, 4, 8, 8], "texture": "#2"},
				"south": {"uv": [13.33333, 4, 16, 8], "texture": "#2"},
				"west": {"uv": [10.66667, 4, 13.33333, 8], "texture": "#2"},
				"up": {"uv": [8, 0, 10.66667, 4], "rotation": 180, "texture": "#2"},
				"down": {"uv": [10.66667, 0, 13.33333, 4], "texture": "#2"}
			}
		},
		{
			"name": "Hood",
			"from": [3, -1, 3],
			"to": [13, 9, 13],
			"rotation": {"angle": 0, "axis": "y", "origin": [8, 4, 8]},
			"faces": {
				"north": {"uv": [8, 12, 10.66667, 16], "texture": "#2"},
				"east": {"uv": [5.33333, 12, 8, 16], "texture": "#2"},
				"south": {"uv": [13.33333, 12, 16, 16], "texture": "#2"},
				"west": {"uv": [10.66667, 12, 13.33333, 16], "texture": "#2"},
				"up": {"uv": [8, 8, 10.66667, 12], "rotation": 180, "texture": "#2"},
				"down": {"uv": [10.66667, 8, 13.33333, 12], "texture": "#2"}
			}
		},
		{
			"name": "InvertedHood",
			"from": [13, 9, 13],
			"to": [3, -1, 3],
			"rotation": {"angle": 0, "axis": "y", "origin": [18, 14, 18]},
			"faces": {
				"north": {"uv": [13.33333, 16, 16, 12], "texture": "#2"},
				"east": {"uv": [10.66667, 16, 13.33333, 12], "texture": "#2"},
				"south": {"uv": [8, 16, 10.66667, 12], "texture": "#2"},
				"west": {"uv": [5.33333, 16, 8, 12], "texture": "#2"},
				"up": {"uv": [10.66667, 12, 13.33333, 8], "texture": "#2"},
				"down": {"uv": [8, 12, 10.66667, 8], "rotation": 180, "texture": "#2"}
			}
		},
		{
			"name": "Horn",
			"from": [12, 5, 7],
			"to": [14, 13, 9],
			"rotation": {"angle": -45, "axis": "x", "origin": [12, 5, 8]},
			"faces": {
				"north": {"uv": [0.66667, 1, 1.33333, 5], "texture": "#2"},
				"east": {"uv": [0, 1, 0.66667, 5], "texture": "#2"},
				"south": {"uv": [2, 1, 2.66667, 5], "texture": "#2"},
				"west": {"uv": [1.33333, 1, 2, 5], "texture": "#2"},
				"up": {"uv": [0.66667, 0, 1.33333, 1], "rotation": 180, "texture": "#2"},
				"down": {"uv": [1.33333, 0, 2, 1], "rotation": 180, "texture": "#2"}
			}
		},
		{
			"name": "Horn",
			"from": [2, 5, 7],
			"to": [4, 13, 9],
			"rotation": {"angle": -45, "axis": "x", "origin": [4, 5, 8]},
			"faces": {
				"north": {"uv": [1.33333, 1, 0.66667, 5], "texture": "#2"},
				"east": {"uv": [2, 1, 1.33333, 5], "texture": "#2"},
				"south": {"uv": [2.66667, 1, 2, 5], "texture": "#2"},
				"west": {"uv": [0.66667, 1, 0, 5], "texture": "#2"},
				"up": {"uv": [1.33333, 0, 0.66667, 1], "rotation": 180, "texture": "#2"},
				"down": {"uv": [2, 0, 1.33333, 1], "rotation": 180, "texture": "#2"}
			}
		},
		{
			"name": "Moonstone",
			"from": [11, 11, 6],
			"to": [15, 15, 10],
			"rotation": {"angle": -45, "axis": "x", "origin": [12, 5, 8]},
			"faces": {
				"north": {"uv": [4, 2, 5.33333, 4], "texture": "#2"},
				"east": {"uv": [2.66667, 2, 4, 4], "texture": "#2"},
				"south": {"uv": [6.66667, 2, 8, 4], "texture": "#2"},
				"west": {"uv": [5.33333, 2, 6.66667, 4], "texture": "#2"},
				"up": {"uv": [4, 0, 5.33333, 2], "rotation": 180, "texture": "#2"},
				"down": {"uv": [5.33333, 0, 6.66667, 2], "texture": "#2"}
			}
		},
		{
			"name": "Moonstone",
			"from": [1, 11, 6],
			"to": [5, 15, 10],
			"rotation": {"angle": -45, "axis": "x", "origin": [4, 5, 8]},
			"faces": {
				"north": {"uv": [4, 2, 5.33333, 4], "texture": "#2"},
				"east": {"uv": [2.66667, 2, 4, 4], "texture": "#2"},
				"south": {"uv": [6.66667, 2, 8, 4], "texture": "#2"},
				"west": {"uv": [5.33333, 2, 6.66667, 4], "texture": "#2"},
				"up": {"uv": [4, 0, 5.33333, 2], "rotation": 180, "texture": "#2"},
				"down": {"uv": [5.33333, 0, 6.66667, 2], "texture": "#2"}
			}
		}
	],
	"display": {
		"thirdperson_righthand": {
			"rotation": [75, 45, 0],
			"translation": [0, 2.5, 0],
			"scale": [0.375, 0.375, 0.375]
		},
		"thirdperson_lefthand": {
			"rotation": [75, 45, 0],
			"translation": [0, 2.5, 0],
			"scale": [0.375, 0.375, 0.375]
		},
		"firstperson_righthand": {
			"rotation": [0, 45, 0],
			"translation": [0, 2.5, 0],
			"scale": [0.4, 0.4, 0.4]
		},
		"firstperson_lefthand": {
			"rotation": [0, 45, 0],
			"translation": [0, 2.5, 0],
			"scale": [0.4, 0.4, 0.4]
		},
		"ground": {
			"translation": [0, 2, 0],
			"scale": [0.5, 0.5, 0.5]
		},
		"gui": {
			"rotation": [30, 225, 0],
			"translation": [-0.5, 2, 0],
			"scale": [0.825, 0.825, 0.825]
		},
		"head": {
			"translation": [0, 6.43, 0],
			"scale": [1.605, 1.605, 1.605]
		},
		"fixed": {
			"translation": [0, 1.75, 0],
			"scale": [0.8, 0.8, 0.8]
		}
	},
	"groups": [0,
		{
			"name": "Hood",
			"origin": [8, 4, 8],
			"color": 0,
			"children": [1, 2]
		},
		{
			"name": "Horns",
			"origin": [8, 0, 11],
			"color": 0,
			"children": [3, 4, 5, 6]
		}
	]
}