{
  "surface_builder": "inferno:basalt_deltas",
  "depth": 0.1,
  "scale": 0.2,
  "temperature": 2,
  "downfall": 0,
  "precipitation": "none",
  "category": "nether",
  "effects": {
    "sky_color": 7254527,
    "fog_color": 6840176,
    "water_color": 4159204,
    "water_fog_color": 4341314,
    "ambient_sound": "minecraft:ambient.basalt_deltas.loop",
    "mood_sound": {
      "sound": "minecraft:ambient.basalt_deltas.mood",
      "tick_delay": 6000,
      "block_search_extent": 8,
      "offset": 2
    },
    "additions_sound": {
      "sound": "minecraft:ambient.basalt_deltas.additions",
      "tick_chance": 0.0111
    },
    "music": {
      "sound": "minecraft:music.nether.basalt_deltas",
      "min_delay": 12000,
      "max_delay": 24000,
      "replace_current_music": false
    },
    "particle": {
      "options": {
        "type": "minecraft:white_ash"
      },
      "probability": 0.118093334
    }
  },
  "starts": [],
  "spawners": {
    "monster": [
      {
        "type": "minecraft:ghast",
        "weight": 40,
        "minCount": 1,
        "maxCount": 1
      },
      {
        "type": "minecraft:magma_cube",
        "weight": 100,
        "minCount": 2,
        "maxCount": 5
      }
    ],
    "creature": [
      {
        "type": "minecraft:strider",
        "weight": 60,
        "minCount": 1,
        "maxCount": 2
      }
    ],
    "ambient": [],
    "water_creature": [],
    "water_ambient": [],
    "misc": []
  },
  "spawn_costs": {},
  "carvers": {},
  "features": [
    [
      "inferno:base/rachte_terrain_0",
      "inferno:base/rachte_terrain_1",
      "inferno:base/rachte_terrain_2",
      "inferno:base/rachite_spikes",
      "inferno:base/rachite_spikes",
      "inferno:base/rachite_spikes",
      "inferno:base/rachite_spikes_large_base",
      "inferno:base/rachite_spikes_large",
      "inferno:base/ore_orichalcum",
      "inferno:base/orichalcum_cluster"
    ],
    [
      "inferno:basalt_deltas/pumice_piles",
      "inferno:basalt_deltas/basalt_delta"
    ],
    [
      "inferno:basalt_deltas/small_basalt_columns",
      "inferno:basalt_deltas/large_basalt_columns"
    ],
    [],
    [
      "inferno:basalt_deltas/basalt_blobs",
      "inferno:basalt_deltas/blackstone_blobs",
      "minecraft:spring_delta",
      "minecraft:patch_fire",
      "minecraft:patch_soul_fire",
      "minecraft:glowstone_extra",
      "minecraft:glowstone",
      "minecraft:ore_magma",
      "minecraft:spring_closed_double",
      "inferno:base/ore_gold",
      "inferno:base/ore_quartz",
      "inferno:basalt_deltas/ore_carnelium",
      "inferno:basalt_deltas/ore_carnelium_poor",
      "inferno:basalt_deltas/ore_pumice",
      "inferno:base/scoria",
      "inferno:base/rachite"
    ],
    [
      "minecraft:spring_lava_double"
    ]
  ]
}
