{
  "surface_builder": "inferno:spectre_forest",
  "depth": 0.1,
  "scale": 0.2,
  "temperature": 2,
  "downfall": 0,
  "precipitation": "none",
  "category": "nether",
  "effects": {
    "sky_color": 7254527,
    "fog_color": 13890559,
    "water_color": 4159204,
    "water_fog_color": 329011,
    "ambient_sound": "minecraft:ambient.warped_forest.loop",
    "mood_sound": {
      "sound": "minecraft:ambient.warped_forest.mood",
      "tick_delay": 6000,
      "block_search_extent": 8,
      "offset": 2
    },
    "additions_sound": {
      "sound": "minecraft:ambient.warped_forest.additions",
      "tick_chance": 0.0111
    },
    "music": {
      "sound": "minecraft:music.nether.warped_forest",
      "min_delay": 12000,
      "max_delay": 24000,
      "replace_current_music": false
    },
    "particle": {
      "options": {
        "type": "minecraft:soul"
      },
      "probability": 0.001
    }
  },
  "starts": [
    "inferno:soul_island",
    "inferno:soul_ziggurat"
  ],
  "spawners": {
    "monster": [
      {
        "type": "minecraft:enderman",
        "weight": 16,
        "minCount": 4,
        "maxCount": 4
      }
    ],
    "creature": [
      {
        "type": "minecraft:strider",
        "weight": 2,
        "minCount": 1,
        "maxCount": 2
      }
    ],
    "ambient": [],
    "water_creature": [],
    "water_ambient": [],
    "misc": []
  },
  "spawn_costs": {
    "minecraft:enderman": {
      "energy_budget": 0.12,
      "charge": 1
    }
  },
  "carvers": {},
  "features": [
    [
      "inferno:base/rachte_terrain_0",
      "inferno:base/rachte_terrain_1",
      "inferno:base/rachte_terrain_2",
      "inferno:base/rachite_spikes",
      "inferno:base/rachite_spikes",
      "inferno:base/rachite_spikes",
      "inferno:base/rachite_spikes_large_base",
      "inferno:base/rachite_spikes_large",
      "inferno:base/ore_orichalcum",
      "inferno:base/orichalcum_cluster"
    ],
    [
      "minecraft:spring_open",
      "minecraft:patch_fire",
      "minecraft:patch_soul_fire",
      "inferno:soul_sand_valley/moonstone_stalactites_small",
      "minecraft:spring_closed",
      "inferno:soul_sand_valley/ore_anirrum",
      "inferno:spectre_forest/ore_soul_stone",
      "inferno:spectre_forest/spectre_roots",
      "inferno:soul_sand_valley/patch_gourds",
      "inferno:base/scoria",
      "inferno:base/rachite"
    ],
    [
      "minecraft:spring_lava",
      "inferno:spectre_forest/spectre_fungi",
      "inferno:spectre_forest/spectre_fungi_ground"
    ]
  ]
}
