{
    "type": "minecraft:decorated",
    "config": {
      "decorator": {
        "type": "minecraft:count",
        "config": {
          "count": 16
        }
      },
      "feature": {
        "type": "minecraft:decorated",
        "config": {
          "decorator": {
            "type": "minecraft:square",
            "config": {}
          },
          "feature": {
            "type": "minecraft:decorated",
            "config": {
              "decorator": {
                "type": "minecraft:range",
                "config": {
                  "maximum": 100,
                  "bottom_offset": 30,
                  "top_offset": 0
                }
              },
              "feature": {
                "type": "minecraft:ore",
                "config": {
                  "state": {
                    "Name": "minecraft:clay"
                  },
                  "size": 14,
                  "target": {
                    "predicate_type": "minecraft:tag_match",
                    "tag": "minecraft:soul_fire_base_blocks"
                  }
                }
              }
            }
          }
        }
      }
    }
  }