{
    "type": "minecraft:decorated",
    "config": {
      "decorator": {
        "type": "minecraft:count",
        "config": {
          "count": 64
        }
      },
      "feature": {
        "type": "minecraft:decorated",
        "config": {
          "decorator": {
            "type": "minecraft:square",
            "config": {}
          },
          "feature": {
            "type": "minecraft:decorated",
            "config": {
              "decorator": {
                "type": "minecraft:decorated",
                "config": {
                  "outer": {
                    "type": "minecraft:range",
                    "config": {
                      "height": {
                        "type": "minecraft:uniform",
                        "min_inclusive": {
                          "above_bottom": 5
                        },
                        "max_inclusive": {
                          "below_top": 12
                        }
                      }
                    }
                  },
                  "inner": {
                    "type": "minecraft:cave_surface",
                    "config": {
                      "surface": "ceiling",
                      "floor_to_ceiling_search_range": 128
                    }
                  }
                }
              },
              "feature": {
                "type": "minecraft:vegetation_patch",
                "config": {
                  "surface": "ceiling",
                  "depth": {
                    "type": "minecraft:uniform",
                    "value": {
                      "min_inclusive": 1,
                      "max_inclusive": 3
                    }
                  },
                  "vertical_range": 5,
                  "extra_bottom_block_chance": 0.3,
                  "extra_edge_column_chance": 0.4,
                  "vegetation_chance": 0,
                  "xz_radius": {
                    "type": "minecraft:uniform",
                    "value": {
                      "min_inclusive": 2,
                      "max_inclusive": 7
                    }
                  },
                  "replaceable": "minecraft:base_stone_nether",
                  "ground_state": {
                    "type": "minecraft:weighted_state_provider",
                    "entries": [
                      {
                        "weight": 5,
                        "data": {
                          "Name": "minecraft:waxed_oxidized_cut_copper"
                        }
                      },
                      {
                        "weight": 10,
                        "data": {
                          "Name": "minecraft:waxed_weathered_cut_copper"
                        }
                      },
                      {
                        "weight": 50,
                        "data": {
                          "Name": "minecraft:waxed_exposed_cut_copper"
                        }
                      },
                      {
                        "weight": 50,
                        "data": {
                          "Name": "minecraft:waxed_cut_copper"
                        }
                      }
                    ]
                  },
                  "vegetation_feature": {
                    "type": "minecraft:no_op",
                    "config": {}
                  }
                }
              }
            }
          }
        }
      }
    }
  }