{
  "type": "minecraft:decorated",
  "config": {
    "decorator": {
      "type": "minecraft:count",
      "config": {
        "count": 8
      }
    },
    "feature": {
      "type": "minecraft:decorated",
      "config": {
        "decorator": {
          "type": "minecraft:decorated",
          "config": {
            "outer": {
              "type": "minecraft:range",
              "config": {
                "height": {
                  "type": "minecraft:uniform",
                  "min_inclusive": {
                    "above_bottom": 30
                  },
                  "max_inclusive": {
                    "below_top": 10
                  }
                }
              }
            },
            "inner": {
              "type": "minecraft:square",
              "config": {}
            }
          }
        },
        "feature": {
          "type": "minecraft:delta_feature",
          "config": {
            "contents": {
              "Name": "minecraft:slime_block"
            },
            "rim": {
              "Name": "minecraft:waxed_oxidized_cut_copper"
            },
            "size": {
              "type": "minecraft:uniform",
              "value": {
                "min_inclusive": 2,
                "max_inclusive": 8
              }
            },
            "rim_size": {
              "type": "minecraft:uniform",
              "value": {
                "min_inclusive": 1,
                "max_inclusive": 3
              }
            }
          }
        }
      }
    }
  }
}