{
  "type": "minecraft:the_nether",
  "generator": {
    "biome_source": {
      "humidity_noise": {
        "firstOctave": -7,
        "amplitudes": [
          1.0,
          1.0
        ]
      },
      "altitude_noise": {
        "firstOctave": -7,
        "amplitudes": [
          1.0,
          1.0
        ]
      },
      "weirdness_noise": {
        "firstOctave": -7,
        "amplitudes": [
          1.0,
          1.0
        ]
      },
      "temperature_noise": {
        "firstOctave": -7,
        "amplitudes": [
          1.0,
          1.0
        ]
      },
      "seed": 0,
      "biomes": [
        {
          "biome": "nether-survival:spectre_forest",
          "parameters": {
            "temperature": 0.1,
            "humidity": -0.5,
            "altitude": 0.5,
            "weirdness": -0.5,
            "offset": 0
          }
        },
        {
          "biome": "nether-survival:midnight_forest",
          "parameters": {
            "temperature": 0.5,
            "humidity": -0.7,
            "altitude": -0.5,
            "weirdness": 0.1,
            "offset": 0.5
          }
        },
        {
          "biome": "nether-survival:croaker_forest",
          "parameters": {
            "temperature": 0.5,
            "humidity": -0.1,
            "altitude": 0.3,
            "weirdness": -0.3,
            "offset": 0
          }
        },
        {
          "biome": "nether-survival:crimson_forest",
          "parameters": {
            "temperature": 0.6,
            "humidity": 0.1,
            "altitude": -0.3,
            "weirdness": -0.1,
            "offset": 0
          }
        },
        {
          "biome": "nether-survival:anirrum_valley",
          "parameters": {
            "temperature": -0.3,
            "humidity": -0.8,
            "altitude": 0.5,
            "weirdness": 0.3,
            "offset": 0
          }
        },
        {
          "biome": "nether-survival:carnelium_deltas",
          "parameters": {                
            "temperature": -0.7,
            "humidity": 0.7,
            "altitude": -0.5,
            "weirdness": -0.6,
            "offset": 0.2
          }
        },
        {
          "biome": "nether-survival:black_desert",
          "parameters": {
            "temperature": -0.7,
            "humidity": 0.7,
            "altitude": 0.1,
            "weirdness": 0.5,
            "offset": 0.5
          }
        },
        {
          "biome": "nether-survival:lava_sea",
          "parameters": {
            "temperature": 0,
            "humidity": 0,
            "altitude": 0,
            "weirdness": 0,
            "offset": 0.625
          }
        }
      ],
      "type": "minecraft:multi_noise"
    },
    "seed": 2,
    "settings": "nether-survival:floating_islands",
    "type": "minecraft:noise"
  }
}