{
	"credit": "Made with Blockbench",
	"texture_size": [64, 16],
	"textures": {
		"particle": "entity/illager/vindicator_head",
		"head": "entity/illager/vindicator_head",
		"crown": "entity/illager/piglin_crown"
	},
	"elements": [
		{
			"name": "head",
			"from": [3, 0, 4],
			"to": [13, 8, 12],
			"rotation": {"angle": 0, "axis": "y", "origin": [8, 4, 8]},
			"faces": {
				"north": {"uv": [2, 8, 4.5, 16], "texture": "#head"},
				"east": {"uv": [0, 8, 2, 16], "texture": "#head"},
				"south": {"uv": [6.5, 8, 9, 16], "texture": "#head"},
				"west": {"uv": [4.5, 8, 6.5, 16], "texture": "#head"},
				"up": {"uv": [2, 0, 4.5, 8], "texture": "#head"},
				"down": {"uv": [4.5, 0, 7, 8], "texture": "#head"}
			}
		},
		{
			"name": "snout",
			"from": [6, 0, 3],
			"to": [10, 4, 4],
			"rotation": {"angle": 0, "axis": "y", "origin": [8, 2, 3.5]},
			"faces": {
				"north": {"uv": [8, 2, 9, 6], "texture": "#head"},
				"east": {"uv": [7.75, 2, 8, 6], "texture": "#head"},
				"south": {"uv": [9.25, 2, 10.25, 6], "texture": "#head"},
				"west": {"uv": [9, 2, 9.25, 6], "texture": "#head"},
				"up": {"uv": [8, 1, 9, 2], "texture": "#head"},
				"down": {"uv": [9, 1, 10, 2], "texture": "#head"}
			}
		},
		{
			"name": "right_tusk",
			"from": [10, 0, 3],
			"to": [11, 2, 4],
			"rotation": {"angle": 0, "axis": "y", "origin": [10.5, 1, 3.5]},
			"faces": {
				"north": {"uv": [0.75, 1, 1, 3], "texture": "#head"},
				"east": {"uv": [0.5, 1, 0.75, 3], "texture": "#head"},
				"south": {"uv": [1.25, 1, 1.5, 3], "texture": "#head"},
				"west": {"uv": [1, 1, 1.25, 3], "texture": "#head"},
				"up": {"uv": [0.75, 0, 1, 1], "texture": "#head"},
				"down": {"uv": [0.75, 4, 1, 5], "texture": "#head"}
			}
		},
		{
			"name": "left_tusk",
			"from": [5, 0, 3],
			"to": [6, 2, 4],
			"rotation": {"angle": 0, "axis": "y", "origin": [5.5, 1, 3.5]},
			"faces": {
				"north": {"uv": [0.75, 5, 1, 7], "texture": "#head"},
				"east": {"uv": [0.5, 5, 0.75, 7], "texture": "#head"},
				"south": {"uv": [1.25, 5, 1.5, 7], "texture": "#head"},
				"west": {"uv": [1, 5, 1.25, 7], "texture": "#head"},
				"up": {"uv": [0.75, 4, 1, 5], "texture": "#head"},
				"down": {"uv": [1, 4, 1.25, 5], "texture": "#head"}
			}
		},
		{
			"name": "right_ear",
			"from": [12.5, 1.5, 6],
			"to": [13.5, 6.5, 10],
			"rotation": {"angle": 22.5, "axis": "z", "origin": [12.5, 6.5, 8]},
			"faces": {
				"north": {"uv": [13.75, 10, 14, 15], "texture": "#head"},
				"east": {"uv": [12.75, 10, 13.75, 15], "texture": "#head"},
				"south": {"uv": [15, 10, 15.25, 15], "texture": "#head"},
				"west": {"uv": [14, 10, 15, 15], "texture": "#head"},
				"up": {"uv": [13.75, 6, 14, 10], "texture": "#head"},
				"down": {"uv": [14, 6, 14.25, 10], "texture": "#head"}
			}
		},
		{
			"name": "left_ear",
			"from": [2.5, 1.5, 6],
			"to": [3.5, 6.5, 10],
			"rotation": {"angle": -22.5, "axis": "z", "origin": [2.5, 6.5, 8]},
			"faces": {
				"north": {"uv": [10.75, 10, 11, 15], "texture": "#head"},
				"east": {"uv": [11, 10, 12, 14.999], "texture": "#head"},
				"south": {"uv": [12, 10, 12.25, 15], "texture": "#head"},
				"west": {"uv": [9.75, 10, 10.75, 15], "texture": "#head"},
				"up": {"uv": [11, 6, 11.25, 10], "texture": "#head"},
				"down": {"uv": [10.75, 6, 11, 10], "texture": "#head"}
			}
		},
		{
			"from": [0.4, 1, 7.5],
			"to": [2.4, 3, 8.5],
			"rotation": {"angle": -22.5, "axis": "z", "origin": [1.5, 2.5, 7.5]},
			"faces": {
				"north": {"uv": [14.75, 1, 15.25, 3], "texture": "#head"},
				"east": {"uv": [14.5, 1, 14.75, 3], "texture": "#head"},
				"south": {"uv": [15.5, 1, 16, 3], "texture": "#head"},
				"west": {"uv": [15.25, 1, 15.5, 3], "texture": "#head"},
				"up": {"uv": [14.75, 0, 15.25, 1], "texture": "#head"},
				"down": {"uv": [15.25, 0, 15.75, 1], "texture": "#head"}
			}
		},
		{
			"name": "crown_south",
			"from": [2.5, 5.5, 12.5],
			"to": [13.5, 9.5, 12.5],
			"rotation": {"angle": 0, "axis": "y", "origin": [8, 7.5, 12.5]},
			"faces": {
				"north": {"uv": [9, 1, 6.5, 5], "texture": "#crown"},
				"east": {"uv": [0, 0, 0, 0], "texture": "#crown"},
				"south": {"uv": [6.5, 1, 9, 5], "texture": "#crown"},
				"west": {"uv": [0, 0, 0, 0], "texture": "#crown"},
				"up": {"uv": [0, 0, 0, 0], "texture": "#crown"},
				"down": {"uv": [0, 0, 0, 0], "texture": "#crown"}
			}
		},
		{
			"name": "crown_north",
			"from": [2.5, 5.5, 3.5],
			"to": [13.5, 9.5, 3.5],
			"rotation": {"angle": 0, "axis": "y", "origin": [8, 7.5, 3.5]},
			"faces": {
				"north": {"uv": [2, 1, 4.5, 5], "texture": "#crown"},
				"east": {"uv": [0, 1, 2.0981, 5], "texture": "#crown"},
				"south": {"uv": [4.5, 1, 2, 5], "texture": "#crown"},
				"west": {"uv": [4.72131, 1, 6.81915, 5], "texture": "#crown"},
				"up": {"uv": [0, 0, 0, 0], "texture": "#crown"},
				"down": {"uv": [0, 0, 0, 0], "texture": "#crown"}
			}
		},
		{
			"name": "crown_east",
			"from": [13.5, 5.5, 3.5],
			"to": [13.5, 9.5, 12.5],
			"rotation": {"angle": 0, "axis": "y", "origin": [14, 7.5, 9.5]},
			"faces": {
				"north": {"uv": [0, 0, 0, 0], "texture": "#crown"},
				"east": {"uv": [0, 1, 2, 5], "texture": "#crown"},
				"south": {"uv": [0, 0, 0, 0], "texture": "#crown"},
				"west": {"uv": [2, 1, 0, 5], "texture": "#crown"},
				"up": {"uv": [0, 0, 0, 0], "rotation": 270, "texture": "#crown"},
				"down": {"uv": [0, 0, 0, 0], "rotation": 90, "texture": "#crown"}
			}
		},
		{
			"name": "crown_west",
			"from": [2.5, 5.5, 3.5],
			"to": [2.5, 9.5, 12.5],
			"rotation": {"angle": 0, "axis": "y", "origin": [3, 7.5, 9.5]},
			"faces": {
				"north": {"uv": [0, 0, 0, 0], "texture": "#crown"},
				"east": {"uv": [6.5, 1, 4.5, 4.997], "texture": "#crown"},
				"south": {"uv": [0, 0, 0, 0], "texture": "#crown"},
				"west": {"uv": [4.5, 1, 6.5, 5], "texture": "#crown"},
				"up": {"uv": [0, 0, 0, 0], "rotation": 270, "texture": "#crown"},
				"down": {"uv": [0, 0, 0, 0], "rotation": 90, "texture": "#crown"}
			}
		}
	],
	"display": {
		"thirdperson_righthand": {
			"rotation": [45, 45, 0],
			"translation": [0, 2, -0.5],
			"scale": [0.7, 0.7, 0.7]
		},
		"thirdperson_lefthand": {
			"rotation": [80, 0, 0],
			"translation": [0, -4.5, 0],
			"scale": [0.7, 0.7, 0.7]
		},
		"firstperson_righthand": {
			"rotation": [0, -180, 0],
			"translation": [-9, 13, -0.75],
			"scale": [1.3, 1.3, 1.3]
		},
		"firstperson_lefthand": {
			"rotation": [0, -180, 0],
			"translation": [-9, 13, -0.17],
			"scale": [1.3, 1.3, 1.3]
		},
		"ground": {
			"translation": [0, 5, 0]
		},
		"gui": {
			"rotation": [40, -135, 0],
			"translation": [0, 3, 0]
		},
		"head": {
			"translation": [0, 7, 0],
			"scale": [1.7, 1.7, 1.7]
		},
		"fixed": {
			"translation": [0, 7.5, -6],
			"scale": [1.7, 1.7, 1.7]
		}
	},
	"groups": [
		{
			"name": "piglin_king_head",
			"origin": [8, 4, 8],
			"children": [0,
				{
					"name": "snout",
					"origin": [8, 2, 3.5],
					"children": [1, 2, 3]
				},
				{
					"name": "ears",
					"origin": [8, 8, 8],
					"children": [4, 5, 6]
				},
				{
					"name": "crown",
					"origin": [8, 7.5, 3.5],
					"children": [7, 8, 9, 10]
				}
			]
		}
	]
}