{
    "type": "minecraft:decorated",
    "config": {
      "decorator": {
        "type": "minecraft:decorated",
        "config": {
          "outer": {
            "type": "minecraft:count_multilayer",
            "config": {
              "count": 128
            }
          },
          "inner": {
            "type": "minecraft:range",
            "config": {
              "height": {
                "type": "minecraft:uniform",
                "min_inclusive": {
                  "absolute": 140
                },
                "max_inclusive": {
                  "absolute": 160
                }
              }
            }
          }
        }
      },
      "feature": {
        "type": "minecraft:decorated",
        "config": {
          "decorator": {
            "type": "minecraft:count_noise_biased",
            "config": {
              "noise_to_count_ratio": 1,
              "noise_factor": 20,
              "noise_offset": -0.7
            }
          },
          "feature": {
            "type": "minecraft:block_pile",
            "config": {
              "state_provider": {
                "type": "minecraft:simple_state_provider",
                "state": {
                  "Name": "minecraft:obsidian"
                }
              }
            }
          }
        }
      }
    }
  }