{
    "parent": "minecraft:recipes/root",
    "rewards": {
      "recipes": [
        "minecraft:spruce_stairs",
        "minecraft:spruce_slab",
        "minecraft:spruce_pressure_plate",
        "minecraft:spruce_sign",
        "minecraft:spruce_door",
        "minecraft:spruce_trapdoor",
        "minecraft:spruce_button",
        "minecraft:spruce_fence",
        "minecraft:spruce_fence_gate",
        "minecraft:dark_oak_planks"

      ]
    },
    "criteria": {
      "has_blaze_rod": {
        "trigger": "minecraft:inventory_changed",
        "conditions": {
          "items": [
            {
              "items": ["minecraft:spruce_planks"]
            }
          ]
        }
      },
      "has_the_recipe": {
        "trigger": "minecraft:recipe_unlocked",
        "conditions": {
          "recipe": "minecraft:spruce_stairs"
        }
      }
    },
    "requirements": [
      [
        "has_blaze_rod",
        "has_the_recipe"
      ]
    ]
  }