{
    "display": {
      "icon": {
        "item": "minecraft:clay_ball"
      },
      "title": {
        "text": "Demon Quartz"
      },
      "description": {
        "text": "Harvest Demon Quartz from the exterior of the giant Quartz Geodes found in the Nether Wastes, it is a very useful resource."
      },
      "frame": "task",
      "show_toast": true,
      "announce_to_chat": true,
      "hidden": false
    },
    "parent": "inferno:inferno/get_blackstone",
    "criteria": {
      "quartz": {
        "trigger": "minecraft:inventory_changed",
        "conditions": {
          "items": [
            {
              "items": [
                "minecraft:clay_ball"
              ]
            }
          ]
        }
      }
    },
    "requirements": [
      [
        "quartz"
      ]
    ]
  }
  