{
    "display": {
      "icon": {
        "item": "minecraft:ender_chest"
      },
      "title": {
        "text": "Extradimensional Storage"
      },
      "description": {
        "text": "Using Demon Quartz and a Moonstone, craft a Soul Chest."
      },
      "frame": "task",
      "show_toast": true,
      "announce_to_chat": true,
      "hidden": false
    },
    "parent": "inferno:inferno/demon_quartz",
    "criteria": {
      "chest": {
        "trigger": "minecraft:inventory_changed",
        "conditions": {
          "items": [
            {
              "items": [
                "minecraft:ender_chest"
              ]
            }
          ]
        }
      }
    },
    "requirements": [
      [
        "chest"
      ]
    ]
  }
  