{
  "type": "minecraft:the_nether",
  "generator": {
    "type": "minecraft:noise",
    "seed": 2,
    "biome_source": {
      "type": "minecraft:multi_noise",
      "seed": 0,
      "altitude_noise": {
        "firstOctave": -8,
        "amplitudes": [
          1,
          1
        ]
      },
      "temperature_noise": {
        "firstOctave": -8,
        "amplitudes": [
          1,  
          1
        ]
      },
      "humidity_noise": {
        "firstOctave": -8,
        "amplitudes": [
          1,
          1
        ]
      },
      "weirdness_noise": {
        "firstOctave": -8,
        "amplitudes": [
          1,
          1
        ]
      },
      "biomes": [
        {
          "biome": "nether-survival:midnight_forest",
          "parameters": {
            "altitude": 0.5,
            "temperature": 0,
            "humidity": 0,
            "weirdness": 0,
            "offset": 0.5
          }
        },
        {
          "biome": "nether-survival:infested_midnight_forest",
          "parameters": {
            "altitude": 0.625,
            "temperature": 0.25,
            "humidity": 0,
            "weirdness": 0,
            "offset": 0.5
          }
        },
        {
          "biome": "nether-survival:carnelium_deltas",
          "parameters": {
            "altitude": -0.5,
            "temperature": 0,
            "humidity": 0,
            "weirdness": 0,
            "offset": 0.425
          }
        },
        {
          "biome": "nether-survival:scorched_remains",
          "parameters": {
            "altitude": -0.7,
            "temperature": -0.35,
            "humidity": 0,
            "weirdness": 0,
            "offset": 0.5
          }
        },
        {
          "biome": "nether-survival:croaker_forest",
          "parameters": {
            "altitude": 0,
            "temperature": 0.5,
            "humidity": 0,
            "weirdness": 0,
            "offset": 0.375
          }
        },
        {
          "biome": "nether-survival:petrified_forest",
          "parameters": {
            "altitude": 0,
            "temperature": 0.625,
            "humidity": 0.1,
            "weirdness": 0.25,
            "offset": 0.7
          }
        },
        {
          "biome": "nether-survival:scrap_pit",
          "parameters": {
            "altitude": 0,
            "temperature": -0.5,
            "humidity": 0,
            "weirdness": 0,
            "offset": 0.5
          }
        },
        {
          "biome": "nether-survival:scrap_pit_outskirts",
          "parameters": {
            "altitude": 0,
            "temperature": -0.5,
            "humidity": 0.1,
            "weirdness": -0.1,
            "offset": 0.55
          }
        },
        {
          "biome": "nether-survival:scrap_mountains",
          "parameters": {
            "altitude": 0,
            "temperature": -0.665,
            "humidity": -0.175,
            "weirdness": 0.1,
            "offset": 0.5
          }
        },
        {
          "biome": "nether-survival:crimson_forest",
          "parameters": {
            "altitude": 0,
            "temperature": 0,
            "humidity": 0.5,
            "weirdness": 0,
            "offset": 0.4
          }
        },
        {
          "biome": "nether-survival:crimson_forest_hot",
          "parameters": {
            "altitude": 0,
            "temperature": 0.25,
            "humidity": 0.667,
            "weirdness": 0.125,
            "offset": 0.5
          }
        },
        {
          "biome": "nether-survival:anirrum_valley",
          "parameters": {
            "altitude": 0,
            "temperature": 0,
            "humidity": -0.5,
            "weirdness": 0,
            "offset": 0.375
          }
        },
        {
          "biome": "nether-survival:spectre_forest",
          "parameters": {
            "altitude": 0.25,
            "temperature": -0.125,
            "humidity": -0.625,
            "weirdness": 0,
            "offset": 0.5
          }
        },
        {
          "biome": "nether-survival:sunstone_caverns",
          "parameters": {
            "altitude": 0,
            "temperature": 0,
            "humidity": 0,
            "weirdness": 0.5,
            "offset": 0.5
          }
        },
        {
          "biome": "nether-survival:moonstone_caverns",
          "parameters": {
            "altitude": -0.125,
            "temperature": 0,
            "humidity": 0.25,
            "weirdness": 0.625,
            "offset": 0.6
          }
        },
        {
          "biome": "nether-survival:black_desert",
          "parameters": {
            "altitude": 0,
            "temperature": 0,
            "humidity": 0,
            "weirdness": -0.5,
            "offset": 0.445
          }
        },
        {
          "biome": "nether-survival:black_desert_outskirts",
          "parameters": {
            "altitude": 0.1,
            "temperature": 0,
            "humidity": -0.2,
            "weirdness": -0.425,
            "offset": 0.475
          }
        },
        {
          "biome": "nether-survival:black_desert_wasteland",
          "parameters": {
            "altitude": -0.05,
            "temperature": 0,
            "humidity": 0.125,
            "weirdness": -0.7,
            "offset": 0.55
          }
        },
        {
          "biome": "nether-survival:lava_sea",
          "parameters": {
            "altitude": 0,
            "temperature": 0,
            "humidity": 0,
            "weirdness": 0,
            "offset": 0.5
          }
        }
      ]
    },
    "settings": "nether-survival:inferno"
  }
}