{
    "type": "minecraft:decorated",
    "config": {
      "decorator": {
        "type": "minecraft:count",
        "config": {
          "count": 25
        }
      },
      "feature": {
        "type": "minecraft:decorated",
        "config": {
          "decorator": {
            "type": "minecraft:square",
            "config": {}
          },
          "feature": {
            "type": "minecraft:decorated",
            "config": {
              "decorator": {
                "type": "minecraft:range",
                "config": {
                  "height": {
                    "type": "minecraft:uniform",
                    "min_inclusive": {
                      "above_bottom": 0
                    },
                    "max_inclusive": {
                      "below_top": 30
                    }
                  }
                }
              },
              "feature": {
                "type": "minecraft:netherrack_replace_blobs",
                "config": {
                  "state": {
                    "Name": "minecraft:blackstone"
                  },
                  "target": {
                    "Name": "minecraft:netherrack"
                  },
                  "radius": {
                    "type": "minecraft:uniform",
                    "value": {
                      "min_inclusive": 3,
                      "max_inclusive": 7
                    }
                  }
                }
              }
            }
          }
        }
      }
    }
  }