{
  "config": {
    "vegetation_chance": 0.8,
    "xz_radius": {
      "base": 4,
      "spread": 3
    },
    "extra_edge_column_chance": 0.3,
    "extra_bottom_block_chance": 0.0,
    "vertical_range": 5,
    "vegetation_feature": "inferno:umbra_forest/umbra_roots",
    "surface": "floor",
    "depth": 1,
    "replaceable": "minecraft:lush_plants_replaceable",
    "ground_state": {
      "state": {
        "Name": "minecraft:grass_block",
        "Properties": {
          "snowy": "false"
        }
      },
      "type": "minecraft:simple_state_provider"
    }
  },
  "type": "minecraft:vegetation_patch"
}