{
  "config": {
    "body_provider": {
      "entries": [
        {
          "weight": 8,
          "data": {
            "Name": "minecraft:bamboo",
            "Properties": {
              "age": "1",
              "leaves": "none",
              "stage": "0"
            }
          }
        },
        {
          "weight": 4,
          "data": {
            "Name": "minecraft:bamboo",
            "Properties": {
              "age": "1",
              "leaves": "small",
              "stage": "0"
            }
          }
        },
        {
          "weight": 1,
          "data": {
            "Name": "minecraft:bamboo",
            "Properties": {
              "age": "1",
              "leaves": "large",
              "stage": "0"
            }
          }
        }
      ],
      "type": "minecraft:weighted_state_provider"
    },
    "head_provider": {
      "source": {
        "entries": [
          {
            "weight": 4,
            "data": {
              "Name": "minecraft:bamboo",
              "Properties": {
                "age": "1",
                "leaves": "large",
                "stage": "1"
              }
            }
          }
        ],
        "type": "minecraft:weighted_state_provider"
      },
      "property": "stage",
      "values": {
        "base": 0,
        "spread": 1
      },
      "type": "minecraft:randomized_int_state_provider"
    },
    "allow_water": false,
    "height_distribution": [
      {
        "weight": 2,
        "data": {
          "base": 1,
          "spread": 9
        }
      },
      {
        "weight": 1,
        "data": {
          "base": 1,
          "spread": 4
        }
      },
      {
        "weight": 10,
        "data": {
          "base": 1,
          "spread": 15
        }
      }
    ],
    "direction": "up"
  },
  "type": "minecraft:growing_plant"
}