{
  "type": "minecraft:decorated",
  "config": {
    "decorator": {
      "type": "minecraft:count",
      "config": {
        "count": {
          "type": "minecraft:uniform",
          "value": {
            "min_inclusive": 6,
            "max_inclusive": 12
          }
        }
      }
    },
    "feature": {
      "type": "minecraft:decorated",
      "config": {
        "decorator": {
          "type": "minecraft:square",
          "config": {}
        },
        "feature": {
          "type": "minecraft:decorated",
          "config": {
            "decorator": {
              "type": "minecraft:range",
              "config": {
                "height": {
                  "type": "minecraft:uniform",
                  "min_inclusive": {
                    "absolute": 0
                  },
                  "max_inclusive": {
                    "absolute": 128
                  }
                }
              }
            },
            "feature": {
              "type": "minecraft:ore",
              "config": {
                "size": 14,
                "discard_chance_on_air_exposure": 0,
                "targets": [
                  {
                    "target": {
                      "predicate_type": "minecraft:block_match",
                      "block": "minecraft:netherrack"
                    },
                    "state": {
                      "Name": "minecraft:nether_quartz_ore"
                    }
                  }
                ]
              }
            }
          }
        }
      }
    }
  }
}