{
    "type": "minecraft:decorated",
    "config": {
      "decorator": {
        "type": "minecraft:decorated",
        "config": {
          "outer": {
            "type": "minecraft:count",
            "config": {
              "count": {
                "type": "minecraft:constant",
                "value": 8
              }
            }
          },
          "inner": {
            "type": "minecraft:decorated",
            "config": {
              "outer": {
                "type": "minecraft:range",
                "config": {
                  "height": {
                    "type": "minecraft:uniform",
                    "min_inclusive": {
                      "absolute": 150
                    },
                    "max_inclusive": {
                      "absolute": 175
                    }
                  }
                }
              },
              "inner": {
                "type": "minecraft:square",
                "config": {}
              }
            }
          }
        }
      },
      "feature": {
        "type": "minecraft:block_pile",
        "config": {
          "state_provider": {
            "type": "minecraft:simple_state_provider",
            "state": {
              "Name": "minecraft:lightning_rod",
              "Properties": {
                "facing": "up",
                "powered": "false",
                "waterlogged": "false"
              }
            }
          }
        }
      }
    }
  }