{
	"credit": "Made with Blockbench, Modeler: DMTHGM",
	"texture_size": [64, 32],
	"textures": {
		"0": "models/armor/diamond_layer_1",
		"1": "models/armor/diamond_layer_2",
		"2": "block/netherite_block",
		"particle": "models/armor/diamond_layer_1"
	},
	"elements": [
		{
			"name": "Helmet",
			"from": [-11, 24, 4],
			"to": [-3, 32, 12],
			"rotation": {"angle": 0, "axis": "y", "origin": [8, 28, 8]},
			"faces": {
				"north": {"uv": [2, 4, 4, 8], "texture": "#0"},
				"east": {"uv": [0, 4, 2, 8], "texture": "#0"},
				"south": {"uv": [6, 4, 8, 8], "texture": "#0"},
				"west": {"uv": [4, 4, 6, 8], "texture": "#0"},
				"up": {"uv": [2, 0, 4, 4], "rotation": 180, "texture": "#0"},
				"down": {"uv": [4, 0, 6, 4], "texture": "#0"}
			}
		},
		{
			"name": "Inverted Helmet",
			"from": [-3, 32, 12],
			"to": [-11, 24, 4],
			"rotation": {"angle": 0, "axis": "y", "origin": [8, 28, 8]},
			"faces": {
				"north": {"uv": [6, 8, 8, 4], "texture": "#0"},
				"east": {"uv": [4, 8, 6, 4], "texture": "#0"},
				"south": {"uv": [2, 8, 4, 4], "texture": "#0"},
				"west": {"uv": [0, 8, 2, 4], "texture": "#0"},
				"up": {"uv": [4, 4, 6, 0], "texture": "#0"},
				"down": {"uv": [2, 4, 4, 0], "texture": "#0"}
			}
		},
		{
			"name": "Chestplate",
			"from": [-11, 12, 6],
			"to": [-3, 24, 10],
			"rotation": {"angle": 0, "axis": "y", "origin": [8, 18, 8]},
			"faces": {
				"north": {"uv": [5, 10, 7, 16], "texture": "#0"},
				"east": {"uv": [4, 10, 5, 16], "texture": "#0"},
				"south": {"uv": [8, 10, 10, 16], "texture": "#0"},
				"west": {"uv": [7, 10, 8, 16], "texture": "#0"},
				"up": {"uv": [5, 8, 7, 10], "rotation": 180, "texture": "#0"},
				"down": {"uv": [7, 8, 9, 10], "texture": "#0"}
			}
		},
		{
			"name": "Inverted Chestplate",
			"from": [-3, 23, 10],
			"to": [-11, 11, 6],
			"rotation": {"angle": 0, "axis": "y", "origin": [8, 18, 8]},
			"faces": {
				"north": {"uv": [8, 16, 10, 10], "texture": "#0"},
				"east": {"uv": [7, 16, 8, 10], "texture": "#0"},
				"south": {"uv": [5, 16, 7, 10], "texture": "#0"},
				"west": {"uv": [4, 16, 5, 10], "texture": "#0"},
				"up": {"uv": [7, 8, 9, 10], "texture": "#0"},
				"down": {"uv": [5, 10, 7, 8], "texture": "#0"}
			}
		},
		{
			"name": "Arm",
			"from": [-2.75, 11, 6],
			"to": [1.25, 23, 10],
			"rotation": {"angle": 0, "axis": "y", "origin": [14.25, 23, 8]},
			"faces": {
				"north": {"uv": [11, 10, 12, 16], "texture": "#0"},
				"east": {"uv": [10, 10, 11, 16], "texture": "#0"},
				"south": {"uv": [13, 10, 14, 16], "texture": "#0"},
				"west": {"uv": [12, 10, 13, 16], "texture": "#0"},
				"up": {"uv": [11, 8, 12, 10], "rotation": 180, "texture": "#0"},
				"down": {"uv": [4, 0, 6, 4], "texture": "#0"}
			}
		},
		{
			"name": "Inverted Arm",
			"from": [1.25, 23, 10],
			"to": [-2.75, 11, 6],
			"rotation": {"angle": 0, "axis": "y", "origin": [14.25, 23, 8]},
			"faces": {
				"north": {"uv": [13, 16, 14, 10], "texture": "#0"},
				"east": {"uv": [12, 16, 13, 10], "texture": "#0"},
				"south": {"uv": [11, 16, 12, 10], "texture": "#0"},
				"west": {"uv": [10, 16, 11, 10], "texture": "#0"},
				"up": {"uv": [12, 8, 13, 10], "texture": "#0"},
				"down": {"uv": [12, 8, 11, 10], "rotation": 180, "texture": "#0"}
			}
		},
		{
			"name": "Arm",
			"from": [-15.25, 11, 6],
			"to": [-11.25, 23, 10],
			"rotation": {"angle": 0, "axis": "y", "origin": [1.25, 23, 8]},
			"faces": {
				"north": {"uv": [12, 10, 11, 16], "texture": "#0"},
				"east": {"uv": [13, 10, 12, 16], "texture": "#0"},
				"south": {"uv": [14, 10, 13, 16], "texture": "#0"},
				"west": {"uv": [11, 10, 10, 16], "texture": "#0"},
				"up": {"uv": [12, 8, 11, 10], "rotation": 180, "texture": "#0"},
				"down": {"uv": [4, 0, 6, 4], "texture": "#0"}
			}
		},
		{
			"name": "Inverted Arm",
			"from": [-11.25, 23, 10],
			"to": [-15.25, 11, 6],
			"rotation": {"angle": 0, "axis": "y", "origin": [1.25, 23, 8]},
			"faces": {
				"north": {"uv": [14, 16, 13, 10], "texture": "#0"},
				"east": {"uv": [11, 16, 10, 10], "texture": "#0"},
				"south": {"uv": [12, 16, 11, 10], "texture": "#0"},
				"west": {"uv": [13, 16, 12, 10], "texture": "#0"},
				"up": {"uv": [12, 8, 13, 10], "texture": "#0"},
				"down": {"uv": [11, 8, 12, 10], "rotation": 180, "texture": "#0"}
			}
		},
		{
			"name": "Hip",
			"from": [-10.75, 11.5, 6.25],
			"to": [-3.25, 16, 9.75],
			"rotation": {"angle": 0, "axis": "y", "origin": [8, 13.5, 8]},
			"faces": {
				"north": {"uv": [5, 13.5, 7, 16], "texture": "#1"},
				"east": {"uv": [4, 13.5, 5, 16], "texture": "#1"},
				"south": {"uv": [8, 13.5, 10, 16], "texture": "#1"},
				"west": {"uv": [7, 13.5, 8, 16], "texture": "#1"},
				"up": {"uv": [0, 0, 1, 0.5], "texture": "#1"},
				"down": {"uv": [0, 0, 1, 0.5], "texture": "#1"}
			}
		},
		{
			"name": "Leg",
			"from": [-6.75, -0.75, 6],
			"to": [-2.75, 11.25, 10],
			"rotation": {"angle": 0, "axis": "y", "origin": [8.25, -0.75, 6]},
			"faces": {
				"north": {"uv": [1, 10, 2, 16], "texture": "#1"},
				"east": {"uv": [0, 10, 1, 16], "texture": "#1"},
				"south": {"uv": [4, 10, 3, 16], "texture": "#1"},
				"west": {"uv": [2, 10, 3, 16], "texture": "#1"},
				"up": {"uv": [1, 8, 2, 10], "texture": "#1"},
				"down": {"uv": [2, 8, 3, 10], "texture": "#1"}
			}
		},
		{
			"name": "Inverted Leg",
			"from": [-2.75, 11.25, 10],
			"to": [-6.75, -0.75, 6],
			"rotation": {"angle": 0, "axis": "y", "origin": [12, 11.25, 10]},
			"faces": {
				"north": {"uv": [4, 16, 3, 10], "texture": "#1"},
				"east": {"uv": [2, 16, 3, 10], "texture": "#1"},
				"south": {"uv": [1, 16, 2, 10], "texture": "#1"},
				"west": {"uv": [0, 16, 1, 10], "texture": "#1"},
				"up": {"uv": [2, 8, 3, 10], "texture": "#1"},
				"down": {"uv": [1, 8, 2, 10], "texture": "#1"}
			}
		},
		{
			"name": "Leg",
			"from": [-11.25, -0.75, 6],
			"to": [-7.25, 11.25, 10],
			"rotation": {"angle": 0, "axis": "y", "origin": [3.75, -0.75, 6]},
			"faces": {
				"north": {"uv": [2, 10, 1, 16], "texture": "#1"},
				"east": {"uv": [3, 10, 2, 16], "texture": "#1"},
				"south": {"uv": [3, 10, 4, 16], "texture": "#1"},
				"west": {"uv": [1, 10, 0, 16], "texture": "#1"},
				"up": {"uv": [1, 8, 2, 10], "texture": "#1"},
				"down": {"uv": [2, 8, 3, 10], "texture": "#1"}
			}
		},
		{
			"name": "Inverted Leg",
			"from": [-7.25, 11.25, 10],
			"to": [-11.25, -0.75, 6],
			"rotation": {"angle": 0, "axis": "y", "origin": [12, 11.25, 10]},
			"faces": {
				"north": {"uv": [4, 16, 3, 10], "texture": "#1"},
				"east": {"uv": [1, 16, 0, 10], "texture": "#1"},
				"south": {"uv": [2, 16, 1, 10], "texture": "#1"},
				"west": {"uv": [3, 16, 2, 10], "texture": "#1"},
				"up": {"uv": [2, 8, 3, 10], "texture": "#1"},
				"down": {"uv": [1, 8, 2, 10], "texture": "#1"}
			}
		},
		{
			"name": "Boot",
			"from": [-6.85, -0.95, 5.9],
			"to": [-2.65, 11.15, 10.1],
			"rotation": {"angle": 0, "axis": "y", "origin": [8.25, -0.75, 6]},
			"faces": {
				"north": {"uv": [1, 10, 2, 16], "texture": "#0"},
				"east": {"uv": [0, 10, 1, 16], "texture": "#0"},
				"south": {"uv": [4, 10, 3, 16], "texture": "#0"},
				"west": {"uv": [2, 10, 3, 16], "texture": "#0"},
				"up": {"uv": [1, 8, 2, 10], "texture": "#0"},
				"down": {"uv": [2, 8, 3, 10], "texture": "#0"}
			}
		},
		{
			"name": "Boot",
			"from": [-11.35, -0.95, 5.9],
			"to": [-7.15, 11.15, 10.1],
			"rotation": {"angle": 0, "axis": "y", "origin": [8.25, -0.75, 6]},
			"faces": {
				"north": {"uv": [2, 10, 1, 16], "texture": "#0"},
				"east": {"uv": [0, 10, 1, 16], "texture": "#0"},
				"south": {"uv": [4, 10, 3, 16], "texture": "#0"},
				"west": {"uv": [2, 10, 3, 16], "texture": "#0"},
				"up": {"uv": [1, 8, 2, 10], "texture": "#0"},
				"down": {"uv": [2, 8, 3, 10], "texture": "#0"}
			}
		},
		{
			"name": "Reference",
			"from": [16, 0, 0],
			"to": [32, 16, 16],
			"faces": {
				"north": {"uv": [0, 0, 16, 16], "texture": "#2"},
				"east": {"uv": [0, 0, 16, 16], "texture": "#2"},
				"south": {"uv": [0, 0, 16, 16], "texture": "#2"},
				"west": {"uv": [0, 0, 16, 16], "texture": "#2"},
				"up": {"uv": [0, 0, 16, 16], "texture": "#2"},
				"down": {"uv": [0, 0, 16, 16], "texture": "#2"}
			}
		}
	],
	"groups": [
		{
			"name": "Armor",
			"origin": [8, 8, 8],
			"children": [
				{
					"name": "Helmet",
					"origin": [4, 4, 4],
					"children": [0, 1]
				},
				{
					"name": "Chestplate",
					"origin": [4, 4, 4],
					"children": [2, 3]
				},
				{
					"name": "Arms",
					"origin": [8, 8, 8],
					"children": [
						{
							"name": "Right Arm",
							"origin": [4, 4, 4],
							"children": [4, 5]
						},
						{
							"name": "Left Arm",
							"origin": [4, 4, 4],
							"children": [6, 7]
						}
					]
				}, 8,
				{
					"name": "Legs",
					"origin": [8, 8, 8],
					"children": [
						{
							"name": "Right Leg",
							"origin": [0, 0, 0],
							"children": [9, 10]
						},
						{
							"name": "Left Leg",
							"origin": [0, 0, 0],
							"children": [11, 12]
						}
					]
				},
				{
					"name": "Boots",
					"origin": [8, 8, 8],
					"children": [
						{
							"name": "Right Boot",
							"origin": [0, 0, 0],
							"children": [13]
						},
						{
							"name": "Right Boot",
							"origin": [0, 0, 0],
							"children": [14]
						}
					]
				}
			]
		}, 15]
}