{
  "processors": [
    {
      "processor_type": "minecraft:rule",
      "rules": [
        {
          "location_predicate": {
            "predicate_type": "minecraft:always_true"
          },
          "input_predicate": {
            "predicate_type": "minecraft:random_block_match",
            "block": "minecraft:crimson_nylium",
            "probability": 0.2
          },
          "output_state": {
            "Name": "minecraft:netherrack"
          }
        },
        {
          "location_predicate": {
            "predicate_type": "minecraft:always_true"
          },
          "input_predicate": {
            "predicate_type": "minecraft:random_block_match",
            "block": "minecraft:crimson_nylium",
            "probability": 0.2
          },
          "output_state": {
            "Name": "minecraft:magma_block"
          }
        },
        {
          "location_predicate": {
            "predicate_type": "minecraft:always_true"
          },
          "input_predicate": {
            "predicate_type": "minecraft:random_block_match",
            "block": "minecraft:crimson_nylium",
            "probability": 0.1
          },
          "output_state": {
            "Name": "minecraft:nether_wart_block"
          }
        },
        {
          "location_predicate": {
            "predicate_type": "minecraft:always_true"
          },
          "input_predicate": {
            "predicate_type": "minecraft:random_block_match",
            "block": "minecraft:nether_wart_block",
            "probability": 0.05
          },
          "output_state": {
            "Name": "minecraft:air"
          }
        },
        {
          "location_predicate": {
            "predicate_type": "minecraft:always_true"
          },
          "input_predicate": {
            "predicate_type": "minecraft:random_block_match",
            "block": "minecraft:nether_wart_block",
            "probability": 0.02
          },
          "output_state": {
            "Name": "minecraft:shroomlight"
          }
        }
      ]
    }
  ]
}