{
  "processors": [
    {
      "processor_type": "minecraft:rule",
      "rules": [
        {
          "location_predicate": {
            "predicate_type": "minecraft:always_true"
          },
          "input_predicate": {
            "predicate_type": "minecraft:block_match",
            "block": "minecraft:red_stained_glass"
          },
          "output_state": {
            "Name": "minecraft:air"
          }
        },
        {
          "location_predicate": {
            "predicate_type": "minecraft:always_true"
          },
          "input_predicate": {
            "predicate_type": "minecraft:random_block_match",
            "block": "minecraft:blackstone",
            "probability": 0.02
          },
          "output_state": {
            "Name": "minecraft:gilded_blackstone"
          }
        },
        {
          "location_predicate": {
            "predicate_type": "minecraft:always_true"
          },
          "input_predicate": {
            "predicate_type": "minecraft:random_block_match",
            "block": "minecraft:blackstone",
            "probability": 0.02
          },
          "output_state": {
            "Name": "minecraft:iron_ore"
          }
        },
        {
          "location_predicate": {
            "predicate_type": "minecraft:always_true"
          },
          "input_predicate": {
            "predicate_type": "minecraft:random_block_match",
            "block": "minecraft:blackstone",
            "probability": 0.005
          },
          "output_state": {
            "Name": "minecraft:coal_block"
          }
        },
        {
          "location_predicate": {
            "predicate_type": "minecraft:always_true"
          },
          "input_predicate": {
            "predicate_type": "minecraft:random_block_match",
            "block": "minecraft:rail",
            "probability": 0.4
          },
          "output_state": {
            "Name": "minecraft:air"
          }
        },
        {
          "location_predicate": {
            "predicate_type": "minecraft:always_true"
          },
          "input_predicate": {
            "predicate_type": "minecraft:random_block_match",
            "block": "minecraft:blackstone",
            "probability": 0.005
          },
          "output_state": {
            "Name": "minecraft:bone_block",
            "Properties": {
              "axis": "y"
            }
          }
        }
      ]
    }
  ]
}