{
    "processors": [
      {
        "processor_type": "minecraft:rule",
        "rules": [
          {
            "location_predicate": {
              "predicate_type": "minecraft:always_true"
            },
            "input_predicate": {
              "predicate_type": "minecraft:random_block_match",
              "block": "minecraft:waxed_copper_block",
              "probability": 0.2
            },
            "output_state": {
              "Name": "minecraft:waxed_exposed_copper"
            }
          },
          {
            "location_predicate": {
              "predicate_type": "minecraft:always_true"
            },
            "input_predicate": {
              "predicate_type": "minecraft:random_block_match",
              "block": "minecraft:waxed_copper_block",
              "probability": 0.3
            },
            "output_state": {
              "Name": "minecraft:waxed_weathered_copper"
            }
          },
          {
            "location_predicate": {
              "predicate_type": "minecraft:always_true"
            },
            "input_predicate": {
              "predicate_type": "minecraft:random_block_match",
              "block": "minecraft:waxed_copper_block",
              "probability": 0.4
            },
            "output_state": {
              "Name": "minecraft:waxed_oxidized_copper"
            }
          }
        ]
      }
    ]
  }