{
  "type": "minecraft:decorated",
  "config": {
    "decorator": {
      "type": "minecraft:decorated",
      "config": {
        "outer": {
          "type": "minecraft:count",
          "config": {
            "count": {
              "type": "minecraft:constant",
              "value": 64
            }
          }
        },
        "inner": {
          "type": "minecraft:decorated",
          "config": {
            "outer": {
              "type": "minecraft:decorated",
              "config": {
                "outer": {
                  "type": "minecraft:square",
                  "config": {}
                },
                "inner": {
                  "type": "minecraft:count_noise_biased",
                  "config": {
                    "noise_to_count_ratio": 1,
                    "noise_factor": 150,
                    "noise_offset": 0.2
                  }
                }
              }
            },
            "inner": {
              "type": "minecraft:range",
              "config": {
                "height": {
                  "type": "minecraft:uniform",
                  "min_inclusive": {
                    "absolute": 1
                  },
                  "max_inclusive": {
                    "absolute": 45
                  }
                }
              }
            }
          }
        }
      }
    },
    "feature": {
      "type": "minecraft:scattered_ore",
      "config": {
        "size": 48,
        "discard_chance_on_air_exposure": 0,
        "targets": [
          {
            "target": {
              "predicate_type": "minecraft:block_match",
              "block": "minecraft:lava"
            },
            "state": {
              "Name": "minecraft:hay_block",
              "Properties": {
                "axis": "y"
              }
            }
          }
        ]
      }
    }
  }
}