{
  "type": "minecraft:decorated",
  "config": {
    "decorator": {
      "type": "minecraft:decorated",
      "config": {
        "outer": {
          "type": "minecraft:decorated",
          "config": {
            "outer": {
              "type": "minecraft:count",
              "config": {
                "count": 8
              }
            },
            "inner": {
              "type": "minecraft:square",
              "config": {}
            }
          }
        },
        "inner": {
          "type": "minecraft:decorated",
          "config": {
            "outer": {
              "type": "minecraft:range",
              "config": {
                "height": {
                  "type": "minecraft:uniform",
                  "min_inclusive": {
                    "above_bottom": 0
                  },
                  "max_inclusive": {
                    "below_top": 20
                  }
                }
              }
            },
            "inner": {
              "type": "minecraft:cave_surface",
              "config": {
                "surface": "floor",
                "floor_to_ceiling_search_range": 128
              }
            }
          }
        }
      }
    },
    "feature": {
      "type": "minecraft:decorated",
      "config": {
        "decorator": {
          "type": "minecraft:count_noise_biased",
          "config": {
            "noise_to_count_ratio": -1,
            "noise_factor": 50,
            "noise_offset": -0.3
          }
        },
        "feature": {
          "type": "minecraft:vegetation_patch",
          "config": {
            "surface": "floor",
            "depth": 1,
            "vertical_range": 3,
            "extra_bottom_block_chance": 0,
            "extra_edge_column_chance": 0.5,
            "vegetation_chance": 0.9,
            "xz_radius": {
              "type": "minecraft:uniform",
              "value": {
                "min_inclusive": 3,
                "max_inclusive": 5
              }
            },
            "replaceable": "minecraft:base_stone_nether",
            "ground_state": {
              "type": "minecraft:weighted_state_provider",
              "entries": [
                {
                  "weight": 10,
                  "data": {
                    "Name": "minecraft:basalt",
                    "Properties": {
                      "axis": "y"
                    }
                  }
                }
              ]
            },
            "vegetation_feature": {
              "type": "minecraft:growing_plant",
              "config": {
                "direction": "up",
                "allow_water": false,
                "height_distribution": [
                  {
                    "weight": 3,
                    "data": {
                      "type": "minecraft:uniform",
                      "value": {
                        "min_inclusive": 0,
                        "max_inclusive": 2
                      }
                    }
                  },
                  {
                    "weight": 5,
                    "data": {
                      "type": "minecraft:uniform",
                      "value": {
                        "min_inclusive": 3,
                        "max_inclusive": 4
                      }
                    }
                  }
                ],
                "body_provider": {
                  "type": "minecraft:simple_state_provider",
                  "state": {
                    "Name": "minecraft:basalt",
                    "Properties": {
                      "axis": "y"
                    }
                  }
                },
                "head_provider": {
                  "type": "minecraft:simple_state_provider",
                  "state": {
                    "Name": "minecraft:basalt",
                    "Properties": {
                      "axis": "y"
                    }
                  }
                }
              }
            }
          }
        }
      }
    }
  }
}
