{
    "name": "inferno:demon_fortress",
    "fallback": "inferno:demon_fortress",
    "elements": [
      {	
        "weight": 100,
        "element": {
          "location": "inferno:demon_fortress/dead_end",
          "processors": "inferno:fortress_degradation",
              "projection": "rigid",
          "element_type": "minecraft:single_pool_element"
        }
      },
      {	
        "weight": 100,
        "element": {
          "location": "inferno:demon_fortress/pit_tube",
          "processors": "inferno:fortress_degradation",
              "projection": "rigid",
          "element_type": "minecraft:single_pool_element"
        }
      }
    ]
  }