{
    "name": "inferno:pipeline",
    "fallback": "minecraft:empty",
    "elements": [
      {	
        "weight": 1,
        "element": {
          "location": "inferno:pipeline/1h",
          "processors": "inferno:pipe_degradation",
              "projection": "rigid",
          "element_type": "minecraft:single_pool_element"
        }
      },
      {	
        "weight": 1,
        "element": {
          "location": "inferno:pipeline/1v",
          "processors": "inferno:pipe_degradation",
              "projection": "rigid",
          "element_type": "minecraft:single_pool_element"
        }
      },
      {	
        "weight": 1,
        "element": {
          "location": "inferno:pipeline/2u",
          "processors": "inferno:pipe_degradation",
              "projection": "rigid",
          "element_type": "minecraft:single_pool_element"
        }
      },
      {	
        "weight": 1,
        "element": {
          "location": "inferno:pipeline/2d",
          "processors": "inferno:pipe_degradation",
              "projection": "rigid",
          "element_type": "minecraft:single_pool_element"
        }
      },
      {	
        "weight": 1,
        "element": {
          "location": "inferno:pipeline/2h",
          "processors": "inferno:pipe_degradation",
              "projection": "rigid",
          "element_type": "minecraft:single_pool_element"
        }
      },
      {	
        "weight": 1,
        "element": {
          "location": "inferno:pipeline/3d",
          "processors": "inferno:pipe_degradation",
              "projection": "rigid",
          "element_type": "minecraft:single_pool_element"
        }
      },
      {	
        "weight": 1,
        "element": {
          "location": "inferno:pipeline/3u",
          "processors": "inferno:pipe_degradation",
              "projection": "rigid",
          "element_type": "minecraft:single_pool_element"
        }
      },
      {	
        "weight": 1,
        "element": {
          "location": "inferno:pipeline/4u",
          "processors": "inferno:pipe_degradation",
              "projection": "rigid",
          "element_type": "minecraft:single_pool_element"
        }
      },
      {	
        "weight": 1,
        "element": {
          "location": "inferno:pipeline/4d",
          "processors": "inferno:pipe_degradation",
              "projection": "rigid",
          "element_type": "minecraft:single_pool_element"
        }
      },
      {	
        "weight": 1,
        "element": {
          "location": "inferno:pipeline/4h",
          "processors": "inferno:pipe_degradation",
              "projection": "rigid",
          "element_type": "minecraft:single_pool_element"
        }
      },
      {	
        "weight": 1,
        "element": {
          "location": "inferno:pipeline/4v",
          "processors": "inferno:pipe_degradation",
              "projection": "rigid",
          "element_type": "minecraft:single_pool_element"
        }
      },
      {	
        "weight": 1,
        "element": {
          "location": "inferno:pipeline/5u",
          "processors": "inferno:pipe_degradation",
              "projection": "rigid",
          "element_type": "minecraft:single_pool_element"
        }
      },
      {	
        "weight": 1,
        "element": {
          "location": "inferno:pipeline/5d",
          "processors": "inferno:pipe_degradation",
              "projection": "rigid",
          "element_type": "minecraft:single_pool_element"
        }
      },
      {	
        "weight": 1,
        "element": {
          "location": "inferno:pipeline/5v",
          "processors": "inferno:pipe_degradation",
              "projection": "rigid",
          "element_type": "minecraft:single_pool_element"
        }
      },
      {	
        "weight": 1,
        "element": {
          "location": "inferno:pipeline/6",
          "processors": "inferno:pipe_degradation",
              "projection": "rigid",
          "element_type": "minecraft:single_pool_element"
        }
      }
    ]
  }