{
    "name": "inferno:demon_fortress",
    "fallback": "inferno:mineshaft_fallback",
    "elements": [
      {
        "weight": 40,
        "element": {
          "location": "inferno:mineshaft/dead_end",
          "processors": "inferno:mineshaft_ore",
              "projection": "rigid",
          "element_type": "minecraft:single_pool_element"
        }
      },
      {
        "weight": 100,
        "element": {
          "location": "inferno:mineshaft/corridor",
          "processors": "inferno:mineshaft_ore",
              "projection": "rigid",
          "element_type": "minecraft:single_pool_element"
        }
      },
      {
        "weight": 70,
        "element": {
          "location": "inferno:mineshaft/corner",
          "processors": "inferno:mineshaft_ore",
              "projection": "rigid",
          "element_type": "minecraft:single_pool_element"
        }
      },
      {
        "weight": 30,
        "element": {
          "location": "inferno:mineshaft/cross",
          "processors": "inferno:mineshaft_ore",
              "projection": "rigid",
          "element_type": "minecraft:single_pool_element"
        }
      },
      {
        "weight": 30,
        "element": {
          "location": "inferno:mineshaft/t_junction",
          "processors": "inferno:mineshaft_ore",
              "projection": "rigid",
          "element_type": "minecraft:single_pool_element"
        }
      }
    ]
  }