{
  "type": "minecraft:decorated",
  "config": {
    "decorator": {
      "type": "minecraft:count",
      "config": {
        "count": 64
      }
    },
    "feature": {
      "type": "minecraft:decorated",
      "config": {
        "decorator": {
          "type": "minecraft:decorated",
          "config": {
            "outer": {
              "type": "minecraft:square",
              "config": {}
            },
            "inner": {
              "type": "minecraft:decorated",
              "config": {
                "outer": {
                  "type": "minecraft:count_noise_biased",
                  "config": {
                    "noise_to_count_ratio": 1,
                    "noise_factor": 75,
                    "noise_offset": 0.2
                  }
                },
                "inner": {
                  "type": "minecraft:count_noise_biased",
                  "config": {
                    "noise_to_count_ratio": -1,
                    "noise_factor": 75,
                    "noise_offset": -0.2
                  }
                }
              }
            }
          }
        },
        "feature": {
          "type": "minecraft:decorated",
          "config": {
            "decorator": {
              "type": "minecraft:range",
              "config": {
                "height": {
                  "type": "minecraft:uniform",
                  "min_inclusive": {
                    "above_bottom": 0
                  },
                  "max_inclusive": {
                    "absolute": 0
                  }
                }
              }
            },
            "feature": {
              "type": "minecraft:basalt_pillar",
              "config": {}
            }
          }
        }
      }
    }
  }
}
