{
  "config": {
    "to_place": {
      "entries": [
        {
          "weight": 7,
          "data": {
            "Name": "minecraft:bamboo_sapling"
          }
        },
        {
          "weight": 25,
          "data": {
            "Name": "minecraft:dandelion"
          }
        },
        {
          "weight": 50,
          "data": {
            "Name": "minecraft:grass"
          }
        },
        {
          "weight": 10,
          "data": {
            "Properties": {
              "half": "lower"
            },
            "Name": "minecraft:tall_grass"
          }
        }
      ],
      "type": "minecraft:weighted_state_provider"
    },
    "place_on": [],
    "place_in": [],
    "place_under": []
  },
  "type": "minecraft:simple_block"
}