{
  "config": {
    "feature": {
      "config": {
        "feature": {
          "config": {
            "feature": {
              "config": {
                "feature": "inferno:umbra_forest/umbra_vine",
                "decorator": {
                  "config": {
                    "surface": "ceiling",
                    "floor_to_ceiling_search_range": 16
                  },
                  "type": "minecraft:cave_surface"
                }
              },
              "type": "minecraft:decorated"
            },
            "decorator": {
              "config": {
                "bottom_inclusive": {
                  "above_bottom": 0
                },
                "top_inclusive": {
                  "below_top": 5
                }
              },
              "type": "minecraft:range"
            }
          },
          "type": "minecraft:decorated"
        },
        "decorator": {
          "config": {},
          "type": "minecraft:square"
        }
      },
      "type": "minecraft:decorated"
    },
    "decorator": {
      "config": {
        "count": 60
      },
      "type": "minecraft:count"
    }
  },
  "type": "minecraft:decorated"
}