{
    "type": "minecraft:decorated",
    "config": {
      "decorator": {
        "type": "minecraft:decorated",
        "config": {
          "outer": {
            "type": "minecraft:count_extra",
            "config": {
              "count": 0,
              "extra_count": 2000,
              "extra_chance": 1
            }
          },
          "inner": {
            "type": "minecraft:decorated",
            "config": {
              "outer": {
                "type": "minecraft:range",
                "config": {
                  "height": {
                    "type": "minecraft:uniform",
                    "min_inclusive": {
                      "above_bottom": 10
                    },
                    "max_inclusive": {
                      "absolute": 45
                    }
                  }
                }
              },
              "inner": {
                "type": "minecraft:square",
                "config": {}
              }
            }
          }
        }
      },
      "feature": {
        "type": "minecraft:decorated",
        "config": {
          "decorator": {
            "type": "minecraft:decorated",
            "config": {
              "outer": {
                "type": "minecraft:count_noise_biased",
                "config": {
                  "noise_to_count_ratio": 1,
                  "noise_factor": 10,
                  "noise_offset": 0.3
                }
              },
              "inner": {
                "type": "minecraft:count_noise_biased",
                "config": {
                  "noise_to_count_ratio": -1,
                  "noise_factor": 10,
                  "noise_offset": 0.2
                }
              }
            }
          },
          "feature": {
            "type": "minecraft:vegetation_patch",
            "config": {
              "surface": "floor",
              "depth": 2,
              "vertical_range": 5,
              "extra_bottom_block_chance": 0,
              "extra_edge_column_chance": 0,
              "vegetation_chance": 1,
              "xz_radius": 1,
              "replaceable": "minecraft:soul_fire_base_blocks",
              "ground_state": {
                "type": "minecraft:simple_state_provider",
                "state": {
                  "Name": "minecraft:air"
                }
              },
              "vegetation_feature": {
                "type": "minecraft:growing_plant",
                "config": {
                  "direction": "down",
                  "allow_water": false,
                  "height_distribution": [
                    {
                      "weight": 1,
                      "data": 3
                    }
                  ],
                  "body_provider": {
                    "type": "minecraft:simple_state_provider",
                    "state": {
                      "Name": "minecraft:air"
                    }
                  },
                  "head_provider": {
                    "type": "minecraft:weighted_state_provider",
                    "entries": [
                      {
                        "weight": 1,
                        "data": {
                          "Name": "minecraft:terracotta"
                        }
                      },
                      {
                        "weight": 100,
                        "data": {
                          "Name": "minecraft:blue_ice"
                        }
                      },
                      {
                        "weight": 10,
                        "data": {
                          "Name": "minecraft:smooth_basalt"
                        }
                      }
                    ]
                  }
                }
              }
            }
          }
        }
      }
    }
  }
  