{
    "bedrock_roof_position": 0,
    "bedrock_floor_position": 0,
    "sea_level": 32,
    "disable_mob_generation": false,
    "structures": {
      "structures": {
        "minecraft:ruined_portal": {
          "spacing": 25,
          "separation": 10,
          "salt": 34222645
        },
        "minecraft:nether_fossil": {
          "spacing": 2,
          "separation": 1,
          "salt": 14357921
        },
        "minecraft:fortress": {
          "spacing": 27,
          "separation": 4,
          "salt": 30084232
        },
        "minecraft:bastion_remnant": {
          "spacing": 10,
          "separation": 4,
          "salt": 30084232
        }
      }
    },
    "noise": {
      "density_factor": 0.0,
      "density_offset": 0.019921875,
      "simplex_surface_noise": false,
      "bottom_slide": {
        "target": 320,
        "size": 4,
        "offset": -1
      },
      "size_horizontal": 1,
      "size_vertical": 2,
      "height": 128,
      "sampling": {
        "xz_scale": 1.0,
        "y_scale": 3.0,
        "xz_factor": 80.0,
        "y_factor": 60.0
      },
      "top_slide": {
        "target": 120,
        "size": 3,
        "offset": 0
      }
    },
    "default_block": {
      "Name": "minecraft:netherrack"
    },
    "default_fluid": {
      "Properties": {
        "level": "0"
      },
      "Name": "minecraft:lava"
    }
  }