{
  "bedrock_roof_position": 32,
  "bedrock_floor_position": 0,
  "sea_level": 0,
  "disable_mob_generation": false,
  "structures": {
    "structures": {
      "minecraft:ruined_portal": {
        "spacing": 25,
        "separation": 10,
        "salt": 34222645
      }
    }
  },
  "noise": {
    "density_factor": 0.0,
    "density_offset": 0.019921875,
    "simplex_surface_noise": false,
    "bottom_slide": {
      "target": 320,
      "size": 4,
      "offset": -1
    },
    "size_horizontal": 3,
    "size_vertical": 2,
    "height": 200,
    "sampling": {
      "xz_scale": 6.0,
      "y_scale": 1.0,
      "xz_factor": 80.0,
      "y_factor": 60.0
    },
    "top_slide": {
      "target": 120,
      "size": 3,
      "offset": 0
    }
  },
  "default_block": {
    "Name": "minecraft:obsidian"
  },
  "default_fluid": {
    "Properties": {
      "level": "0"
    },
    "Name": "minecraft:water"
  }
}