
{
    "effects": {
      "mood_sound": {
        "sound": "minecraft:ambient.crimson_forest.mood",
        "tick_delay": 6000,
        "block_search_extent": 8,
        "offset": 2.0
      },
      "additions_sound": {
        "sound": "minecraft:ambient.crimson_forest.additions",
        "tick_chance": 0.0111
      },
      "music": {
        "sound": "minecraft:music.nether.crimson_forest",
        "min_delay": 12000,
        "max_delay": 24000,
        "replace_current_music": false
      },
      "particle": {
        "options": {
          "type": "minecraft:crimson_spore"
        },
        "probability": 0.025
      },
      "ambient_sound": "minecraft:ambient.crimson_forest.loop",
      "sky_color": 7254527,
      "fog_color": 3343107,
      "water_color": 4159204,
      "water_fog_color": 329011
    },
    "surface_builder": "inferno:crimson_forest",
    "carvers": {
    },
    "features": [
      [],
      [],
      [],
      [],
      [],
      [],
      [
        "inferno:crimson_forest/crimson_deltas"
      ],
      [
        "minecraft:spring_open",
        "minecraft:patch_fire",
        "minecraft:glowstone_extra",
        "minecraft:glowstone",
        "minecraft:ore_magma",
        "minecraft:spring_closed",
        "minecraft:ore_gravel_nether",
        "minecraft:ore_blackstone",
        "inferno:crimson_forest/ore_gold",
        "inferno:base/ore_quartz",
        "inferno:base/scoria",
        "inferno:base/rachite"
      ],
      [
        "minecraft:spring_lava",
        "minecraft:weeping_vines",
        "minecraft:crimson_fungi",
        "minecraft:crimson_forest_vegetation"
      ]
    ],
    "starts": [],
    "spawners": {
      "monster": [
        {
          "type": "minecraft:zombified_piglin",
          "weight": 1,
          "minCount": 2,
          "maxCount": 4
        },
        {
          "type": "minecraft:hoglin",
          "weight": 9,
          "minCount": 3,
          "maxCount": 4
        },
        {
          "type": "minecraft:piglin",
          "weight": 5,
          "minCount": 3,
          "maxCount": 4
        }
      ],
      "creature": [
        {
          "type": "minecraft:strider",
          "weight": 60,
          "minCount": 1,
          "maxCount": 2
        }
      ],
      "ambient": [],
      "water_creature": [],
      "water_ambient": [],
      "misc": []
    },
    "spawn_costs": {},
    "precipitation": "none",
    "temperature": 2.0,
    "downfall": 0.0,
    "category": "nether",
    "depth": 0.1,
    "scale": 0.2
  }