{
  "effects": {
    "mood_sound": {
      "sound": "minecraft:ambient.warped_forest.mood",
      "tick_delay": 6000,
      "block_search_extent": 8,
      "offset": 2.0
    },
    "additions_sound": {
      "sound": "minecraft:ambient.warped_forest.additions",
      "tick_chance": 0.0111
    },
    "music": {
      "sound": "minecraft:music.nether.warped_forest",
      "min_delay": 12000,
      "max_delay": 24000,
      "replace_current_music": false
    },
    "particle": {
      "options": {
        "type": "minecraft:warped_spore"
      },
      "probability": 0.01428
    },
    "ambient_sound": "minecraft:ambient.warped_forest.loop",
    "sky_color": 37314,
    "fog_color": 789773,
    "water_color": 2333555,
    "water_fog_color": 1205064
  },
  "surface_builder": "inferno:umbra_forest",
  "carvers": {
  },
  "features": [
    [],
    [],
    [],
    [],
    [],
    [
      "inferno:umbra_forest/umbra_vines",
      "inferno:umbra_forest/umbra_fungi",
      "inferno:umbra_forest/umbra_vegetation"
    ],
    [],
    [
      "minecraft:spring_open",
      "minecraft:patch_fire",
      "minecraft:patch_soul_fire",
      "minecraft:glowstone_extra",
      "minecraft:glowstone",
      "minecraft:ore_magma",
      "minecraft:spring_closed",
      "minecraft:ore_gravel_nether",
      "minecraft:ore_blackstone",
      "inferno:base/ore_gold",
      "inferno:base/ore_quartz",
      "inferno:base/scoria",
      "inferno:base/rachite"
    ],
    [
      "minecraft:spring_lava"
    ]
  ],
  "starts": [],
  "spawners": {
    "monster": [
      {
        "type": "minecraft:cave_spider",
        "weight": 8,
        "minCount": 4,
        "maxCount": 6
      }
    ],
    "creature": [
      {
        "type": "minecraft:strider",
        "weight": 60,
        "minCount": 1,
        "maxCount": 2
      }
    ],
    "ambient": [],
    "water_creature": [],
    "water_ambient": [],
    "misc": []
  },
  "spawn_costs": {
    "minecraft:cave_spider": {
      "energy_budget": 0.12,
      "charge": 1.0
    }
  },
  "precipitation": "none",
  "temperature": 2.0,
  "downfall": 0.0,
  "category": "nether",
  "depth": 0.1,
  "scale": 0.2
}