{"stats":{"minecraft:killed":{"minecraft:cave_spider":1,"minecraft:zombified_piglin":1,"minecraft:witch":32,"minecraft:skeleton":14,"minecraft:guardian":54,"minecraft:bee":1,"minecraft:axolotl":2,"minecraft:skeleton_horse":1,"minecraft:piglin":1,"minecraft:elder_guardian":22,"minecraft:iron_golem":9,"minecraft:creeper":9,"minecraft:pillager":33,"minecraft:zombie":1,"minecraft:vindicator":59,"minecraft:zoglin":7,"minecraft:phantom":5,"minecraft:horse":6,"minecraft:drowned":17,"minecraft:snow_golem":1,"minecraft:husk":7,"minecraft:wandering_trader":1,"minecraft:ravager":2,"minecraft:wither_skeleton":1,"minecraft:enderman":4},"minecraft:mined":{"minecraft:grass_block":2,"minecraft:gilded_blackstone":9,"minecraft:polished_blackstone_bricks":2,"minecraft:glowstone":1,"minecraft:iron_ore":2,"minecraft:pointed_dripstone":14,"minecraft:azalea":3,"minecraft:brown_mushroom":12,"minecraft:powder_snow":1,"minecraft:clay":1,"minecraft:nether_quartz_ore":9,"minecraft:slime_block":94,"minecraft:dirt":1,"minecraft:netherrack":27,"minecraft:nether_gold_ore":7,"minecraft:red_mushroom":2,"minecraft:shroomlight":2,"minecraft:chorus_plant":8,"minecraft:podzol":2,"minecraft:honey_block":84,"minecraft:dropper":2,"minecraft:tall_grass":1,"minecraft:deepslate_gold_ore":1,"minecraft:lapis_ore":1,"minecraft:sea_pickle":1,"minecraft:coal_ore":1},"minecraft:picked_up":{"minecraft:chainmail_boots":1,"minecraft:redstone_block":64,"minecraft:creeper_head":1,"minecraft:flower_pot":1,"minecraft:prismarine_shard":77,"minecraft:potion":1,"minecraft:gilded_blackstone":8,"minecraft:string":10,"minecraft:armor_stand":3,"minecraft:shroomlight":2,"minecraft:sea_pickle":5,"minecraft:diamond_leggings":2,"minecraft:gold_nugget":37,"minecraft:redstone_torch":3,"minecraft:azalea":3,"minecraft:stick":36,"minecraft:big_dripleaf":37,"minecraft:torch":1,"minecraft:pointed_dripstone":98,"minecraft:nether_gold_ore":32,"minecraft:command_block":1,"minecraft:rotten_flesh":35,"minecraft:snowball":41,"minecraft:cod":29,"minecraft:nautilus_shell":1,"minecraft:leather_chestplate":1,"minecraft:repeater":1,"minecraft:iron_door":1,"minecraft:jungle_log":225,"minecraft:lapis_lazuli":4,"minecraft:dirt":5,"minecraft:twisting_vines":14,"minecraft:hanging_roots":2,"minecraft:bone":27,"minecraft:wheat_seeds":1,"minecraft:bamboo":20,"minecraft:diamond_helmet":2,"minecraft:glowstone_dust":8,"minecraft:dropper":2,"minecraft:sugar":10,"minecraft:slime_block":94,"minecraft:lever":1,"minecraft:polished_blackstone_button":6,"minecraft:deepslate_gold_ore":1,"minecraft:crossbow":2,"minecraft:emerald":25,"minecraft:chorus_fruit":44,"minecraft:light_gray_carpet":3,"minecraft:netherrack":27,"minecraft:crimson_roots":6,"minecraft:charcoal":31,"minecraft:clay_ball":4,"minecraft:brown_mushroom":13,"minecraft:heavy_weighted_pressure_plate":1,"minecraft:iron_axe":2,"minecraft:netherite_sword":1,"minecraft:poppy":9,"minecraft:lectern":1,"minecraft:phantom_membrane":4,"minecraft:polished_blackstone_bricks":2,"minecraft:redstone":24,"minecraft:prismarine_crystals":32,"minecraft:arrow":121,"minecraft:weeping_vines":4,"minecraft:diamond_chestplate":2,"minecraft:diamond_boots":2,"minecraft:saddle":2,"minecraft:wet_sponge":20,"minecraft:birch_leaves":1,"minecraft:tripwire_hook":1,"minecraft:leather":3,"minecraft:red_mushroom":2,"minecraft:chainmail_chestplate":1,"minecraft:gunpowder":36,"minecraft:white_banner":6,"minecraft:gray_carpet":1,"minecraft:iron_ingot":36,"minecraft:iron_ore":2,"minecraft:glass_bottle":10,"minecraft:quartz":11,"minecraft:amethyst_shard":4,"minecraft:spider_eye":10,"minecraft:firework_rocket":2304,"minecraft:honey_block":84,"minecraft:chainmail_leggings":1,"minecraft:painting":1,"minecraft:coal":315,"minecraft:ender_pearl":1},"minecraft:used":{"minecraft:moss_block":4,"minecraft:moss_carpet":5,"minecraft:jack_o_lantern":9,"minecraft:polished_blackstone":5239,"minecraft:dispenser":61,"minecraft:carrot_on_a_stick":7,"minecraft:ladder":5,"minecraft:polished_basalt":45,"minecraft:axolotl_spawn_egg":1,"minecraft:shield":3,"minecraft:stone":129,"minecraft:iron_sword":96,"minecraft:creeper_head":1,"minecraft:grass":1,"minecraft:rotten_flesh":1,"minecraft:sculk_sensor":46,"minecraft:soul_campfire":1,"minecraft:spruce_leaves":4,"minecraft:soul_sand":48,"minecraft:skeleton_spawn_egg":7,"minecraft:weeping_vines":42,"minecraft:obsidian":1166,"minecraft:big_dripleaf":93,"minecraft:wandering_trader_spawn_egg":1,"minecraft:polished_blackstone_slab":53,"minecraft:glass":8,"minecraft:honey_block":141,"minecraft:coal_ore":37,"minecraft:lava_bucket":204,"minecraft:bricks":1,"minecraft:red_wool":378,"minecraft:grass_block":4,"minecraft:warped_nylium":5,"minecraft:dark_oak_leaves":1,"minecraft:crimson_roots":70,"minecraft:waxed_weathered_cut_copper":25,"minecraft:diorite_wall":11,"minecraft:birch_button":7,"minecraft:deepslate_diamond_ore":3,"minecraft:repeater":84,"minecraft:redstone_lamp":48,"minecraft:red_nether_brick_wall":79,"minecraft:magma_block":118,"minecraft:bow":132,"minecraft:warped_fungus":7,"minecraft:hay_block":4,"minecraft:scaffolding":175,"minecraft:infested_cracked_stone_bricks":1,"minecraft:yellow_glazed_terracotta":1,"minecraft:furnace":39,"minecraft:gold_block":8,"minecraft:polished_blackstone_stairs":296,"minecraft:large_fern":1,"minecraft:zoglin_spawn_egg":5,"minecraft:emerald_ore":1,"minecraft:chiseled_polished_blackstone":16,"minecraft:mossy_stone_bricks":5,"minecraft:damaged_anvil":1,"minecraft:end_rod":2,"minecraft:end_stone_bricks":4,"minecraft:spruce_door":1,"minecraft:dropper":83,"minecraft:stripped_acacia_log":16,"minecraft:gray_carpet":4,"minecraft:infested_stone":22,"minecraft:witch_spawn_egg":26,"minecraft:birch_leaves":6,"minecraft:chorus_fruit":30,"minecraft:acacia_trapdoor":40,"minecraft:dark_oak_sign":2,"minecraft:prismarine":70,"minecraft:cactus":6,"minecraft:blackstone":1378,"minecraft:ender_pearl":1,"minecraft:wooden_pickaxe":27,"minecraft:sandstone":18,"minecraft:redstone_block":249,"minecraft:clay":321,"minecraft:purpur_pillar":174,"minecraft:jungle_boat":1,"minecraft:oak_leaves":1,"minecraft:glow_berries":9,"minecraft:golden_apple":2,"minecraft:dark_oak_trapdoor":47,"minecraft:sand":267,"minecraft:infested_chiseled_stone_bricks":8,"minecraft:acacia_leaves":1,"minecraft:crossbow":918,"minecraft:blue_ice":33,"minecraft:lingering_potion":49,"minecraft:blackstone_wall":3,"minecraft:note_block":10,"minecraft:skeleton_horse_spawn_egg":1,"minecraft:black_concrete_powder":104,"minecraft:deepslate_lapis_ore":132,"minecraft:end_stone":143,"minecraft:lightning_rod":16,"minecraft:creeper_spawn_egg":1,"minecraft:redstone_torch":67,"minecraft:sticky_piston":32,"minecraft:enderman_spawn_egg":1,"minecraft:lever":17,"minecraft:firework_rocket":158,"minecraft:crying_obsidian":3036,"minecraft:gray_shulker_box":2,"minecraft:birch_slab":5,"minecraft:heavy_weighted_pressure_plate":27,"minecraft:nether_sprouts":1,"minecraft:string":6,"minecraft:brown_stained_glass":64,"minecraft:lectern":6,"minecraft:polished_granite":4,"minecraft:diamond_ore":2,"minecraft:iron_door":21,"minecraft:prismarine_wall":38,"minecraft:gravel":1,"minecraft:polished_andesite_slab":3,"minecraft:blackstone_slab":28,"minecraft:evoker_spawn_egg":1,"minecraft:fire_charge":9,"minecraft:nether_wart_block":57,"minecraft:diamond_sword":37,"minecraft:wooden_sword":28,"minecraft:grindstone":6,"minecraft:crimson_door":2,"minecraft:birch_log":2,"minecraft:chain":14,"minecraft:coarse_dirt":3,"minecraft:chorus_plant":247,"minecraft:bone_meal":360,"minecraft:gray_stained_glass":1,"minecraft:oak_fence":4,"minecraft:azalea":5,"minecraft:purpur_block":9,"minecraft:netherite_sword":243,"minecraft:jungle_leaves":1,"minecraft:polished_blackstone_brick_slab":4,"minecraft:iron_bars":51,"minecraft:flint_and_steel":3,"minecraft:dead_bush":5,"minecraft:carved_pumpkin":1,"minecraft:armor_stand":16,"minecraft:redstone":485,"minecraft:light_gray_carpet":5,"minecraft:tinted_glass":379,"minecraft:ender_chest":8,"minecraft:wither_skeleton_spawn_egg":4,"minecraft:deepslate_gold_ore":77,"minecraft:wooden_shovel":30,"minecraft:polished_blackstone_wall":512,"minecraft:sandstone_wall":31,"minecraft:structure_block":75,"minecraft:netherrack":501,"minecraft:oak_door":3,"minecraft:orange_stained_glass":37,"minecraft:torch":26,"minecraft:end_stone_brick_wall":16,"minecraft:anvil":6,"minecraft:dirt":57,"minecraft:warped_wart_block":4,"minecraft:target":2,"minecraft:chorus_flower":12,"minecraft:nether_quartz_ore":35,"minecraft:prismarine_bricks":17,"minecraft:twisting_vines":74,"minecraft:shulker_box":3,"minecraft:light_blue_stained_glass":14,"minecraft:small_dripleaf":22,"minecraft:shroomlight":153,"minecraft:andesite_wall":8,"minecraft:dark_oak_planks":2,"minecraft:ravager_spawn_egg":1,"minecraft:sea_lantern":2,"minecraft:waxed_cut_copper":321,"minecraft:yellow_stained_glass":220,"minecraft:rooted_dirt":6,"minecraft:slime_block":198,"minecraft:crimson_planks":4,"minecraft:barrel":7,"minecraft:smooth_basalt":953,"minecraft:bamboo":46,"minecraft:tripwire_hook":5,"minecraft:glowstone":10,"minecraft:basalt":367,"minecraft:waxed_cut_copper_slab":146,"minecraft:black_stained_glass":34,"minecraft:tall_grass":1,"minecraft:iron_trapdoor":116,"minecraft:soul_soil":57,"minecraft:oxidized_copper":111,"minecraft:podzol":19,"minecraft:drowned_spawn_egg":15,"minecraft:granite_wall":21,"minecraft:acacia_planks":8,"minecraft:powder_snow_bucket":43,"minecraft:observer":308,"minecraft:turtle_egg":254,"minecraft:enchanted_golden_apple":2,"minecraft:hanging_roots":11,"minecraft:pointed_dripstone":118,"minecraft:crimson_stem":4,"minecraft:water_bucket":42,"minecraft:warped_stem":8,"minecraft:amethyst_block":153,"minecraft:iron_ore":32,"minecraft:birch_planks":2,"minecraft:polished_andesite":29,"minecraft:cartography_table":4,"minecraft:copper_block":1,"minecraft:cut_sandstone":1918,"minecraft:cauldron":2,"minecraft:fletching_table":3,"minecraft:beacon":171,"minecraft:vindicator_spawn_egg":126,"minecraft:horse_spawn_egg":6,"minecraft:gold_ore":5,"minecraft:warped_roots":23,"minecraft:waxed_copper_block":31,"minecraft:conduit":5,"minecraft:polished_blackstone_bricks":36,"minecraft:gilded_blackstone":24,"minecraft:polished_blackstone_pressure_plate":9,"minecraft:diamond_block":4,"minecraft:comparator":65,"minecraft:terracotta":29,"minecraft:oak_slab":3,"minecraft:crafting_table":4,"minecraft:azalea_leaves_flowers":3,"minecraft:dead_fire_coral_block":28,"minecraft:birch_sign":1,"minecraft:campfire":12,"minecraft:cod":26,"minecraft:painting":120,"minecraft:spruce_log":16,"minecraft:dark_oak_door":2,"minecraft:nether_gold_ore":71,"minecraft:deepslate_tile_wall":85,"minecraft:amethyst_cluster":15,"minecraft:piston":50,"minecraft:dark_prismarine":1,"minecraft:flower_pot":14,"minecraft:acacia_stairs":13,"minecraft:acacia_sign":16,"minecraft:command_block":5,"minecraft:iron_pickaxe":35,"minecraft:lapis_ore":14,"minecraft:spruce_pressure_plate":2,"minecraft:budding_amethyst":8,"minecraft:crimson_nylium":155,"minecraft:crimson_sign":5,"minecraft:chiseled_stone_bricks":1,"minecraft:crimson_fungus":17,"minecraft:azalea_leaves":2,"minecraft:cooked_porkchop":1,"minecraft:warped_fence_gate":6,"minecraft:bucket":40,"minecraft:lapis_block":15,"minecraft:black_candle":5,"minecraft:polished_blackstone_button":28,"minecraft:end_portal_frame":48,"minecraft:sea_pickle":42,"minecraft:stripped_oak_log":4,"minecraft:dandelion":24,"minecraft:gray_wool":3,"minecraft:splash_potion":404,"minecraft:jukebox":1,"minecraft:pillager_spawn_egg":100},"minecraft:custom":{"minecraft:interact_with_crafting_table":12,"minecraft:open_barrel":17,"minecraft:leave_game":30,"minecraft:time_since_death":48803,"minecraft:damage_resisted":8936,"minecraft:sprint_one_cm":4722868,"minecraft:damage_blocked_by_shield":15490,"minecraft:drop":236,"minecraft:deaths":43,"minecraft:jump":57281,"minecraft:walk_on_water_one_cm":1550,"minecraft:interact_with_furnace":11,"minecraft:play_one_minute":1979395,"minecraft:open_enderchest":1,"minecraft:damage_dealt":30162,"minecraft:interact_with_beacon":12,"minecraft:crouch_one_cm":157035,"minecraft:inspect_dispenser":10,"minecraft:inspect_dropper":5,"minecraft:mob_kills":291,"minecraft:interact_with_anvil":11,"minecraft:fill_cauldron":1,"minecraft:climb_one_cm":42850,"minecraft:walk_one_cm":3392479,"minecraft:sneak_time":73577,"minecraft:walk_under_water_one_cm":21567,"minecraft:boat_one_cm":1185,"minecraft:tune_noteblock":115,"minecraft:pot_flower":75,"minecraft:interact_with_grindstone":1,"minecraft:time_since_rest":48825,"minecraft:damage_taken":49425,"minecraft:damage_absorbed":200,"minecraft:swim_one_cm":1357,"minecraft:fly_one_cm":24261822,"minecraft:open_chest":1,"minecraft:aviate_one_cm":39290,"minecraft:fall_one_cm":226428},"minecraft:killed_by":{"minecraft:creeper":10,"minecraft:ravager":1,"minecraft:zoglin":2,"minecraft:vindicator":1,"minecraft:witch":1,"minecraft:elder_guardian":1,"minecraft:player":9,"minecraft:enderman":6,"minecraft:iron_golem":3,"minecraft:skeleton":1},"minecraft:broken":{"minecraft:wooden_shovel":1,"minecraft:diamond_helmet":1,"minecraft:diamond_boots":1,"minecraft:diamond_chestplate":1,"minecraft:diamond_leggings":1,"minecraft:shield":2},"minecraft:crafted":{"minecraft:firework_star":129,"minecraft:firework_rocket":201},"minecraft:dropped":{"minecraft:crossbow":1,"minecraft:rooted_dirt":64,"minecraft:cod":1,"minecraft:crimson_roots":1,"minecraft:bone_meal":64,"minecraft:bone":1,"minecraft:pointed_dripstone":26,"minecraft:painting":64,"minecraft:iron_bars":1,"minecraft:quartz":1,"minecraft:lectern":1,"minecraft:birch_leaves":1,"minecraft:polished_blackstone":1,"minecraft:prismarine_shard":2,"minecraft:jungle_leaves":64,"minecraft:bucket":1,"minecraft:redstone":2,"minecraft:hanging_roots":66,"minecraft:acacia_leaves":64}},"DataVersion":2698}