{
  "variants": {
    "": [
      {
        "model": "minecraft:block/diamond_ore"
      },
	  {
        "model": "minecraft:block/diamond_ore",
        "y": 90,
		"x": 90,
		"z": 90
      },
	  {
        "model": "minecraft:block/diamond_ore",
        "y": 180,
		"x": 180,
		"z": 180
      },
      {
        "model": "minecraft:block/diamond_ore",
        "y": 270,
		"x": 270,
		"z": 270
      },
	  {
        "model": "minecraft:block/diamond_ore_mirrored"
      },
	  {
        "model": "minecraft:block/diamond_ore_mirrored",
        "y": 90,
		"x": 90,
		"z": 90
      },
	  {
        "model": "minecraft:block/diamond_ore_mirrored",
        "y": 180,
		"x": 180,
		"z": 180
      },
      {
        "model": "minecraft:block/diamond_ore_mirrored",
        "y": 270,
		"x": 270,
		"z": 270
      },
	  {
        "model": "minecraft:block/diamond_ore_1"
      },
	  {
        "model": "minecraft:block/diamond_ore_1",
        "y": 90,
		"x": 90,
		"z": 90
      },
	  {
        "model": "minecraft:block/diamond_ore_1",
        "y": 180,
		"x": 180,
		"z": 180
      },
      {
        "model": "minecraft:block/diamond_ore_1",
        "y": 270,
		"x": 270,
		"z": 270
      },
	  {
        "model": "minecraft:block/diamond_ore_mirrored_1"
      },
	  {
        "model": "minecraft:block/diamond_ore_mirrored_1",
        "y": 90,
		"x": 90,
		"z": 90
      },
	  {
        "model": "minecraft:block/diamond_ore_mirrored_1",
        "y": 180,
		"x": 180,
		"z": 180
      },
      {
        "model": "minecraft:block/diamond_ore_mirrored_1",
        "y": 270,
		"x": 270,
		"z": 270
      }
    ]
  }
}