{
  "variants": {
    "": [
      {
        "model": "minecraft:block/diorite"
      },
	  {
        "model": "minecraft:block/diorite",
        "y": 90,
		"x": 90,
		"z": 90
      },
	  {
        "model": "minecraft:block/diorite",
        "y": 180,
		"x": 180,
		"z": 180
      },
      {
        "model": "minecraft:block/diorite",
        "y": 270,
		"x": 270,
		"z": 270
      },
	  {
        "model": "minecraft:block/diorite_mirrored"
      },
	  {
        "model": "minecraft:block/diorite_mirrored",
        "y": 90,
		"x": 90,
		"z": 90
      },
	  {
        "model": "minecraft:block/diorite_mirrored",
        "y": 180,
		"x": 180,
		"z": 180
      },
      {
        "model": "minecraft:block/diorite_mirrored",
        "y": 270,
		"x": 270,
		"z": 270
      },
	  {
        "model": "minecraft:block/diorite_1"
      },
	  {
        "model": "minecraft:block/diorite_1",
        "y": 90,
		"x": 90,
		"z": 90
      },
	  {
        "model": "minecraft:block/diorite_1",
        "y": 180,
		"x": 180,
		"z": 180
      },
      {
        "model": "minecraft:block/diorite_1",
        "y": 270,
		"x": 270,
		"z": 270
      },
	  {
        "model": "minecraft:block/diorite_mirrored_1"
      },
	  {
        "model": "minecraft:block/diorite_mirrored_1",
        "y": 90,
		"x": 90,
		"z": 90
      },
	  {
        "model": "minecraft:block/diorite_mirrored_1",
        "y": 180,
		"x": 180,
		"z": 180
      },
      {
        "model": "minecraft:block/diorite_mirrored_1",
        "y": 270,
		"x": 270,
		"z": 270
      }
    ]
  }
}