{
    "display": {
      "icon": {
        "item": "minecraft:anvil"
      },
      "title": {
        "text": "Fly me to the Moon"
      },
      "description": {
        "text": "Craft a Moonstone Altar on which you can combine your tools with magical Moonstones to make them more powerful."
      },
      "frame": "task",
      "show_toast": true,
      "announce_to_chat": true,
      "hidden": false
    },
    "parent": "inferno:inferno/demon_quartz",
    "criteria": {
      "enchant": {
        "trigger": "minecraft:inventory_changed",
        "conditions": {
          "items": [
            {
              "items": [
                "minecraft:anvil"
              ]
            }
          ]
        }
      }
    },
    "requirements": [
      [
        "enchant"
      ]
    ]
  }
  