{
	"credit": "Made with Blockbench, Modeler: DMTHGM",
	"texture_size": [64, 48],
	"textures": {
		"particle": "entity/z-orda-ns-entities/kinglin_head",
		"head": "entity/z-orda-ns-entities/kinglin_head",
		"crown": "entity/z-orda-ns-entities/kinglin_crown"
	},
	"elements": [
		{
			"name": "head",
			"from": [3, 0, 4],
			"to": [13, 8, 12],
			"rotation": {"angle": 0, "axis": "y", "origin": [8, 4, 8]},
			"faces": {
				"north": {"uv": [2, 2.66667, 4.5, 5.33333], "texture": "#head"},
				"east": {"uv": [0, 2.66667, 2, 5.33333], "texture": "#head"},
				"south": {"uv": [6.5, 2.66667, 9, 5.33333], "texture": "#head"},
				"west": {"uv": [4.5, 2.66667, 6.5, 5.33333], "texture": "#head"},
				"up": {"uv": [2, 0, 4.5, 2.66667], "texture": "#head"},
				"down": {"uv": [4.5, 0, 7, 2.66667], "texture": "#head"}
			}
		},
		{
			"name": "snout",
			"from": [6, 0, 3],
			"to": [10, 4, 4],
			"rotation": {"angle": 0, "axis": "y", "origin": [8, 2, 3.5]},
			"faces": {
				"north": {"uv": [8, 0.66667, 9, 2], "texture": "#head"},
				"east": {"uv": [7.75, 0.66667, 8, 2], "texture": "#head"},
				"south": {"uv": [9.25, 0.66667, 10.25, 2], "texture": "#head"},
				"west": {"uv": [9, 0.66667, 9.25, 2], "texture": "#head"},
				"up": {"uv": [8, 0.33333, 9, 0.66667], "texture": "#head"},
				"down": {"uv": [9, 0.33333, 10, 0.66667], "texture": "#head"}
			}
		},
		{
			"name": "right_tusk",
			"from": [10, 0, 3],
			"to": [11, 2, 4],
			"rotation": {"angle": 0, "axis": "y", "origin": [10.5, 1, 3.5]},
			"faces": {
				"north": {"uv": [0.75, 0.33333, 1, 1], "texture": "#head"},
				"east": {"uv": [0.5, 0.33333, 0.75, 1], "texture": "#head"},
				"south": {"uv": [1.25, 0.33333, 1.5, 1], "texture": "#head"},
				"west": {"uv": [1, 0.33333, 1.25, 1], "texture": "#head"},
				"up": {"uv": [0.75, 0, 1, 0.33333], "texture": "#head"},
				"down": {"uv": [1, 0, 1.25, 0.33333], "texture": "#head"}
			}
		},
		{
			"name": "left_tusk",
			"from": [5, 0, 3],
			"to": [6, 2, 4],
			"rotation": {"angle": 0, "axis": "y", "origin": [5.5, 1, 3.5]},
			"faces": {
				"north": {"uv": [0.75, 1.66667, 1, 2.33333], "texture": "#head"},
				"east": {"uv": [0.5, 1.66667, 0.75, 2.33333], "texture": "#head"},
				"south": {"uv": [1.25, 1.66667, 1.5, 2.33333], "texture": "#head"},
				"west": {"uv": [1, 1.66667, 1.25, 2.33333], "texture": "#head"},
				"up": {"uv": [0.75, 1.33333, 1, 1.66667], "texture": "#head"},
				"down": {"uv": [1, 1.33333, 1.25, 1.66667], "texture": "#head"}
			}
		},
		{
			"name": "right_ear",
			"from": [12.5, 1.5, 6],
			"to": [13.5, 6.5, 10],
			"rotation": {"angle": 22.5, "axis": "z", "origin": [12.5, 6.5, 8]},
			"faces": {
				"north": {"uv": [13.75, 3.33333, 14, 5], "texture": "#head"},
				"east": {"uv": [12.75, 3.33333, 13.75, 5], "texture": "#head"},
				"south": {"uv": [15, 3.33333, 15.25, 5], "texture": "#head"},
				"west": {"uv": [14, 3.33333, 15, 5], "texture": "#head"},
				"up": {"uv": [13.75, 2, 14, 3.33333], "texture": "#head"},
				"down": {"uv": [14, 2, 14.25, 3.33333], "texture": "#head"}
			}
		},
		{
			"name": "left_ear",
			"from": [2.5, 1.5, 6],
			"to": [3.5, 6.5, 10],
			"rotation": {"angle": -22.5, "axis": "z", "origin": [2.5, 6.5, 8]},
			"faces": {
				"north": {"uv": [10.75, 3.33333, 11, 5], "texture": "#head"},
				"east": {"uv": [11, 3.33333, 12, 5], "texture": "#head"},
				"south": {"uv": [12, 3.33333, 12.25, 5], "texture": "#head"},
				"west": {"uv": [9.75, 3.33333, 10.75, 5], "texture": "#head"},
				"up": {"uv": [10.75, 2, 11, 3.33333], "texture": "#head"},
				"down": {"uv": [11, 2, 11.25, 3.33333], "texture": "#head"}
			}
		},
		{
			"from": [0.4, 1, 7.5],
			"to": [2.4, 3, 8.5],
			"rotation": {"angle": -22.5, "axis": "z", "origin": [1.5, 2.5, 7.5]},
			"faces": {
				"north": {"uv": [14.75, 0.33333, 15.25, 1], "texture": "#head"},
				"east": {"uv": [14.5, 0.33333, 14.75, 1], "texture": "#head"},
				"south": {"uv": [15.5, 0.33333, 16, 1], "texture": "#head"},
				"west": {"uv": [15.25, 0.33333, 15.5, 1], "texture": "#head"},
				"up": {"uv": [14.75, 0, 15.25, 0.33333], "texture": "#head"},
				"down": {"uv": [15.25, 0, 15.75, 0.33333], "texture": "#head"}
			}
		},
		{
			"name": "crown",
			"from": [2.5, 5.5, 3.5],
			"to": [13.5, 9.5, 12.5],
			"rotation": {"angle": 0, "axis": "y", "origin": [8, 7.5, 8]},
			"faces": {
				"north": {"uv": [2, 1, 4.5, 5], "texture": "#crown"},
				"east": {"uv": [0, 1, 2, 5], "texture": "#crown"},
				"south": {"uv": [9, 1, 6.5, 5], "texture": "#crown"},
				"west": {"uv": [4.5, 1, 6.5, 5], "texture": "#crown"}
			}
		},
		{
			"name": "crown_invert",
			"from": [13.5, 9.5, 12.5],
			"to": [2.5, 5.5, 3.5],
			"rotation": {"angle": 0, "axis": "y", "origin": [8, 7.5, 8]},
			"faces": {
				"north": {"uv": [2, 5, 4.5, 1], "texture": "#crown"},
				"east": {"uv": [0, 5, 2, 1], "texture": "#crown"},
				"south": {"uv": [6.5, 5, 9, 1], "texture": "#crown"},
				"west": {"uv": [4.5, 5, 6.5, 1], "texture": "#crown"}
			}
		}
	],
	"display": {
		"thirdperson_righthand": {
			"rotation": [45, 45, 0],
			"translation": [0, 2, -0.5],
			"scale": [0.7, 0.7, 0.7]
		},
		"thirdperson_lefthand": {
			"rotation": [80, 0, 0],
			"translation": [0, -4.5, 0],
			"scale": [0.7, 0.7, 0.7]
		},
		"firstperson_righthand": {
			"rotation": [0, -180, 0],
			"translation": [-9, 13, -0.75],
			"scale": [1.3, 1.3, 1.3]
		},
		"firstperson_lefthand": {
			"rotation": [0, -180, 0],
			"translation": [-9, 13, -0.17],
			"scale": [1.3, 1.3, 1.3]
		},
		"ground": {
			"translation": [0, 5, 0]
		},
		"gui": {
			"rotation": [40, -135, 0],
			"translation": [0, 3, 0]
		},
		"head": {
			"translation": [0, 7, 0],
			"scale": [1.7, 1.7, 1.7]
		},
		"fixed": {
			"translation": [0, 7.5, -6],
			"scale": [1.7, 1.7, 1.7]
		}
	},
	"groups": [0,
		{
			"name": "snout",
			"origin": [8, 2, 3.5],
			"children": [1, 2, 3]
		},
		{
			"name": "ears",
			"origin": [8, 8, 8],
			"children": [4, 5, 6]
		},
		{
			"name": "crown",
			"origin": [8, 7.5, 3.5],
			"children": [7, 8]
		}
	]
}