{
    "type": "minecraft:crafting_shaped",
    "pattern": [
        "XXX",
        "#W#",
		"MMM"
    ],
    "key": {
        "M": {
            "item": "minecraft:cut_sandstone"
        },
        "X": {
            "item": "minecraft:nautilus_shell"
        },
        "#": {
            "item": "minecraft:cobbled_deepslate"
        },
        "W": {
            "item": "minecraft:conduit"
        }
    },
    "result": {
        "item": "minecraft:end_portal_frame"
    }
}