{
  "type": "minecraft:growing_plant",
  "config": {
    "direction": "down",
    "allow_water": false,
    "height_distribution": [
      {
        "weight": 2,
        "data": {
          "type": "minecraft:uniform",
          "value": {
            "min_inclusive": 1,
            "max_inclusive": 19
          }
        }
      },
      {
        "weight": 3,
        "data": {
          "type": "minecraft:uniform",
          "value": {
            "min_inclusive": 1,
            "max_inclusive": 2
          }
        }
      },
      {
        "weight": 10,
        "data": {
          "type": "minecraft:uniform",
          "value": {
            "min_inclusive": 1,
            "max_inclusive": 6
          }
        }
      }
    ],
    "body_provider": {
      "type": "minecraft:weighted_state_provider",
      "entries": [
        {
          "weight": 4,
          "data": {
            "Name": "minecraft:cave_vines_plant",
            "Properties": {
              "berries": "false"
            }
          }
        },
        {
          "weight": 1,
          "data": {
            "Name": "minecraft:cave_vines_plant",
            "Properties": {
              "berries": "true"
            }
          }
        }
      ]
    },
    "head_provider": {
      "type": "minecraft:randomized_int_state_provider",
      "property": "age",
      "values": {
        "type": "minecraft:uniform",
        "value": {
          "min_inclusive": 8,
          "max_inclusive": 17
        }
      },
      "source": {
        "type": "minecraft:weighted_state_provider",
        "entries": [
          {
            "weight": 4,
            "data": {
              "Name": "minecraft:cave_vines",
              "Properties": {
                "berries": "false",
                "age": "0"
              }
            }
          },
          {
            "weight": 1,
            "data": {
              "Name": "minecraft:cave_vines",
              "Properties": {
                "berries": "true",
                "age": "0"
              }
            }
          }
        ]
      }
    }
  }
}