{
  "type": "minecraft:decorated",
  "config": {
    "decorator": {
      "type": "minecraft:decorated",
      "config": {
        "outer": {
          "type": "minecraft:count_multilayer",
          "config": {
            "count": 64
          }
        },
        "inner": {
          "type": "minecraft:range",
          "config": {
            "height": {
              "type": "minecraft:uniform",
              "min_inclusive": {
                "absolute": 1
              },
              "max_inclusive": {
                "absolute": 64
              }
            }
          }
        }
      }
    },
    "feature": {
      "type": "minecraft:decorated",
      "config": {
        "decorator": {
          "type": "minecraft:count_noise_biased",
          "config": {
            "noise_to_count_ratio": 1,
            "noise_factor": 150,
            "noise_offset": -0.3
          }
        },
        "feature": {
          "type": "minecraft:block_pile",
          "config": {
            "state_provider": {
              "type": "minecraft:simple_state_provider",
              "state": {
                "Name": "minecraft:sand"
              }
            }
          }
        }
      }
    }
  }
}