{
  "type": "minecraft:decorated",
  "config": {
    "decorator": {
      "type": "minecraft:count",
      "config": {
        "count": {
          "type": "minecraft:constant",
          "value": 12
        }
      }
    },
    "feature": {
      "type": "minecraft:decorated",
      "config": {
        "decorator": {
          "type": "minecraft:square",
          "config": {}
        },
        "feature": {
          "type": "minecraft:decorated",
          "config": {
            "decorator": {
              "type": "minecraft:range",
              "config": {
                "height": {
                  "type": "minecraft:uniform",
                  "min_inclusive": {
                    "absolute": 45
                  },
                  "max_inclusive": {
                    "below_top": 1
                  }
                }
              }
            },
            "feature": {
              "type": "minecraft:decorated",
              "config": {
                "decorator": {
                  "type": "minecraft:cave_surface",
                  "config": {
                    "surface": "floor",
                    "floor_to_ceiling_search_range": 12
                  }
                },
                "feature": {
                  "type": "minecraft:vegetation_patch",
                  "config": {
                    "surface": "floor",
                    "depth": 1,
                    "vertical_range": 4,
                    "extra_bottom_block_chance": 0,
                    "extra_edge_column_chance": 0.5,
                    "vegetation_chance": 0.01,
                    "xz_radius": {
                      "type": "minecraft:uniform",
                      "value": {
                        "min_inclusive": 2,
                        "max_inclusive": 16
                      }
                    },
                    "replaceable": "minecraft:sand",
                    "ground_state": {
                      "type": "minecraft:simple_state_provider",
                      "state": {
                        "Name": "minecraft:sand"
                      }
                    },
                    "vegetation_feature": {
                      "type": "minecraft:simple_block",
                      "config": {
                        "to_place": {
                          "type": "minecraft:weighted_state_provider",
                          "entries": [
                            {
                              "weight": 1,
                              "data": {
                                "Name": "minecraft:cactus",
                                "Properties": {
                                  "age": "0"
                                }
                              }
                            },
                            {
                              "weight": 3,
                              "data": {
                                "Name": "minecraft:dead_bush"
                              }
                            }
                          ]
                        },
                        "place_on": [],
                        "place_in": [],
                        "place_under": []
                      }
                    }
                  }
                }
              }
            }
          }
        }
      }
    }
  }
}