{
  "type": "minecraft:decorated",
  "config": {
    "decorator": {
      "type": "minecraft:count",
      "config": {
        "count": {
          "type": "minecraft:constant",
          "value": 8
        }
      }
    },
    "feature": {
      "type": "minecraft:decorated",
      "config": {
        "decorator": {
          "type": "minecraft:square",
          "config": {}
        },
        "feature": {
          "type": "minecraft:decorated",
          "config": {
            "decorator": {
              "type": "minecraft:range",
              "config": {
                "height": {
                  "type": "minecraft:uniform",
                  "min_inclusive": {
                    "absolute": 45
                  },
                  "max_inclusive": {
                    "below_top": 1
                  }
                }
              }
            },
            "feature": {
              "type": "minecraft:decorated",
              "config": {
                "decorator": {
                  "type": "minecraft:cave_surface",
                  "config": {
                    "surface": "floor",
                    "floor_to_ceiling_search_range": 12
                  }
                },
                "feature": {
                  "type": "minecraft:random_patch",
                  "config": {
                    "can_replace": false,
                    "project": false,
                    "need_water": false,
                    "xspread": 16,
                    "yspread": 3,
                    "zspread": 16,
                    "tries": 16,
                    "state_provider": {
                      "type": "minecraft:weighted_state_provider",
                      "entries": [
                        {
                          "weight": 1,
                          "data": {
                            "Name": "minecraft:cactus",
                            "Properties": {
                              "age": "0"
                            }
                          }
                        }
                      ]
                    },
                    "block_placer": {
                      "type": "minecraft:column_placer",
                      "size": {
                        "type": "minecraft:biased_to_bottom",
                        "value": {
                          "min_inclusive": 2,
                          "max_inclusive": 5
                        }
                      }
                    },
                    "whitelist": [],
                    "blacklist": []
                  }
                }
              }
            }
          }
        }
      }
    }
  }
}