{
	"credit": "Made with Blockbench",
	"texture_size": [48, 16],
	"textures": {
		"particle": "entity/z-orda-ns-entities/soul/wandering_soul_hurt",
		"soul": "entity/z-orda-ns-entities/soul/wandering_soul_hurt"
	},
	"elements": [
		{
			"name": "Head",
			"from": [4, 6, 4],
			"to": [12, 14, 12],
			"rotation": {"angle": 0, "axis": "y", "origin": [8, 10, 8]},
			"faces": {
				"north": {"uv": [2.66667, 8, 5.33333, 16], "texture": "#soul", "tintindex": 0},
				"east": {"uv": [0, 8, 2.66667, 16], "texture": "#soul", "tintindex": 0},
				"south": {"uv": [8, 8, 10.66667, 16], "texture": "#soul", "tintindex": 0},
				"west": {"uv": [5.33333, 8, 8, 16], "texture": "#soul", "tintindex": 0},
				"up": {"uv": [2.66667, 0, 5.33333, 8], "texture": "#soul", "tintindex": 0},
				"down": {"uv": [5.33333, 0, 8, 8], "texture": "#soul", "tintindex": 0}
			}
		},
		{
			"name": "Cloth",
			"from": [5, 0, 4],
			"to": [11, 8, 10],
			"rotation": {"angle": -22.5, "axis": "x", "origin": [8, 8, 7]},
			"faces": {
				"north": {"uv": [14, 0, 16, 8], "texture": "#soul", "tintindex": 0},
				"east": {"uv": [12, 0, 14, 8], "texture": "#soul", "tintindex": 0},
				"south": {"uv": [14, 8, 16, 16], "texture": "#soul", "tintindex": 0},
				"west": {"uv": [14, 0, 12, 8], "texture": "#soul", "tintindex": 0}
			}
		},
		{
			"name": "Inverted Cloth",
			"from": [11, 8, 10],
			"to": [5, 0, 4],
			"rotation": {"angle": -22.5, "axis": "x", "origin": [8, 8, 7]},
			"faces": {
				"north": {"uv": [14, 16, 16, 8], "texture": "#soul", "tintindex": 0},
				"east": {"uv": [14, 8, 12, 0], "texture": "#soul", "tintindex": 0},
				"south": {"uv": [14, 8, 16, 0], "texture": "#soul", "tintindex": 0},
				"west": {"uv": [12, 8, 14, 0], "texture": "#soul", "tintindex": 0}
			}
		}
	],
	"display": {
		"thirdperson_righthand": {
			"rotation": [75, 45, 0],
			"translation": [0, 2.5, 0],
			"scale": [0.375, 0.375, 0.375]
		},
		"thirdperson_lefthand": {
			"rotation": [75, 45, 0],
			"translation": [0, 2.5, 0],
			"scale": [0.375, 0.375, 0.375]
		},
		"firstperson_righthand": {
			"rotation": [-26, 140, 0],
			"translation": [0, 1.5, 0],
			"scale": [0.4, 0.4, 0.4]
		},
		"firstperson_lefthand": {
			"rotation": [-25, 140, 0],
			"translation": [0, 1.5, 0],
			"scale": [0.4, 0.4, 0.4]
		},
		"gui": {
			"rotation": [30, 225, 0],
			"scale": [0.625, 0.625, 0.625]
		},
		"head": {
			"rotation": [-1, 0, 0],
			"scale": [1.85, 1.85, 1.85]
		}
	},
	"groups": [0,
		{
			"name": "Cloth",
			"origin": [8, 8, 8],
			"color": 0,
			"children": [1, 2]
		}
	]
}