{
    "display": {
      "icon": {
        "item": "minecraft:lightning_rod"
      },
      "title": {
        "text": "Moonstone Master",
        "color": "dark_aqua"
      },
      "description": {
        "text": "Around your altar, place two more Sunstone Beacons and four Orichalcum Clusters. These will imbue your Moonstones with power never before seen."
      },
      "frame": "challenge",
      "show_toast": true,
      "announce_to_chat": true,
      "hidden": false
    },
    "parent": "inferno:inferno/altar_lvl_4",
    "criteria": {
      "enchant": {
        "trigger": "minecraft:impossible"
      }
    },
    "requirements": [
      [
        "enchant"
      ]
    ]
  }
  