{
    "display": {
      "icon": {
        "item": "minecraft:bundle"
      },
      "title": {
        "text": "Bundle of Joy"
      },
      "description": {
        "text": "Kill a Lanothrope in the Nether Wastes and harvest its bladder for a nifty little bag."
      },
      "frame": "task",
      "show_toast": true,
      "announce_to_chat": true,
      "hidden": false
    },
    "parent": "inferno:inferno/get_stem",
    "criteria": {
      "ingot": {
        "trigger": "minecraft:inventory_changed",
        "conditions": {
          "items": [
            {
              "items": [
                "minecraft:bundle"
              ]
            }
          ]
        }
      }
    },
    "requirements": [
      [
        "ingot"
      ]
    ]
  }
  