{
    "display": {
      "icon": {
        "item": "minecraft:diamond"
      },
      "title": {
        "text": "From Nothing"
      },
      "description": {
        "text": "Use a Carnelium Forge to smelt down Altered Scrap Metal into Nihiline Scrap. Combine that scrap with fresh Carnelium Ingots to obtain Nihiline."
      },
      "frame": "task",
      "show_toast": true,
      "announce_to_chat": true,
      "hidden": false
    },
    "parent": "inferno:inferno/scrap_pit",
    "criteria": {
      "nihiline": {
        "trigger": "minecraft:inventory_changed",
        "conditions": {
          "items": [
            {
              "items": [
                "minecraft:diamond"
              ]
            }
          ]
        }
      }
    },
    "requirements": [
      [
        "nihiline"
      ]
    ]
  }
  