{
    "display": {
        "title": {
            "text": "The Inferno",
            "color": "dark_red"
        },
        "description": {
            "text": "Congradulations! You've made it to the end of beta 1.8, feel free to keep exploring, try to get every advancement! Look forward to the full release."
        },
        "icon": {
            "item": "minecraft:netherrack"
        },
        "frame": "task",
        "show_toast": true,
        "announce_to_chat": true,
        "hidden": false
    },
    "criteria": {
        "end": {
            "trigger": "minecraft:player_killed_entity",
            "conditions": {
                "entity": {
                    "type": "minecraft:ender_dragon"
                }
            }
        }
    },
    "requirements": [
        [
            "end"
        ]
    ],
    "parent": "inferno:inferno/heart"
}