{
    "display": {
      "icon": {
        "item": "minecraft:lightning_rod"
      },
      "title": {
        "text": "Hypercharged",
        "color": "gold",
        "bold": true
      },
      "description": {
        "text": "You should try digging through the Rachite cieling, you never know what you might find up there..."
      },
      "frame": "challenge",
      "show_toast": true,
      "announce_to_chat": true,
      "hidden": false
    },
    "parent": "inferno:inferno/get_nihiline",
    "criteria": {
      "orichalcum": {
        "trigger": "minecraft:inventory_changed",
        "conditions": {
          "items": [
            {
              "items": [
                "minecraft:netherite_ingot"
              ]
            }
          ]
        }
      }
    },
    "requirements": [
      [
        "orichalcum"
      ]
    ]
  }
  