{
	"credit": "Made with Blockbench, Modeler: DMTHGM",
	"textures": {
		"top": "block/bamboo_small_leaves_top",
		"side": "block/bamboo_small_leaves_side",
		"bottom": "block/bamboo_small_leaves_bottom",
		"particle": "block/bamboo_small_leaves_bottom"
	},
	"elements": [
		{
			"from": [3, 13, 3],
			"to": [13, 16, 13],
			"rotation": {"angle": 0, "axis": "y", "origin": [8, 13, 8]},
			"faces": {
				"north": {"uv": [3, 0, 13, 3], "texture": "#side"},
				"east": {"uv": [3, 0, 13, 3], "texture": "#side"},
				"south": {"uv": [3, 0, 13, 3], "texture": "#side"},
				"west": {"uv": [3, 0, 13, 3], "texture": "#side"},
				"up": {"uv": [3, 3, 13, 13], "texture": "#top"},
				"down": {"uv": [3, 3, 13, 13], "texture": "#bottom"}
			}
		}
	]
}