{
	"credit": "Made with Blockbench, Modeler: DMTHGM",
	"parent": "block/block",
	"textures": {
		"top": "block/big_dripleaf_top",
		"stem": "block/big_dripleaf_stem",
		"side": "block/big_dripleaf_side",
		"particle": "block/big_dripleaf_top"
	},
	"elements": [
		{
			"from": [5, 0, 10],
			"to": [11, 10, 10],
			"shade": false,
			"rotation": {"angle": 45, "axis": "y", "origin": [8, 8, 10], "rescale": true},
			"faces": {
				"north": {"uv": [3, 6, 14, 16], "texture": "#stem"},
				"south": {"uv": [3, 6, 14, 16], "texture": "#stem"}
			}
		},
		{
			"from": [5, 0, 10],
			"to": [11, 10, 10],
			"shade": false,
			"rotation": {"angle": -45, "axis": "y", "origin": [8, 8, 10], "rescale": true},
			"faces": {
				"north": {"uv": [3, 6, 14, 16], "texture": "#stem"},
				"south": {"uv": [3, 6, 14, 16], "texture": "#stem"}
			}
		},
		{
			"from": [8, 10, 7],
			"to": [8, 11, 12],
			"shade": false,
			"rotation": {"angle": 0, "axis": "y", "origin": [8, 8, 10]},
			"faces": {
				"east": {"uv": [0, 15, 5, 16], "texture": "#side"},
				"west": {"uv": [5, 15, 0, 16], "texture": "#side"}
			}
		},
		{
			"name": "petals",
			"from": [0, 14, 0],
			"to": [16, 14, 16],
			"rotation": {"angle": -22.5, "axis": "x", "origin": [8, 15, 16]},
			"faces": {
				"up": {"uv": [0, 0, 16, 16], "texture": "#top"},
				"down": {"uv": [0, 16, 16, 0], "texture": "#top"}
			}
		},
		{
			"name": "disk",
			"from": [5, 13, 5],
			"to": [11, 15, 11],
			"rotation": {"angle": -22.5, "axis": "x", "origin": [8, 15, 16]},
			"faces": {
				"north": {"uv": [6, 0, 12, 2], "texture": "#side"},
				"east": {"uv": [6, 0, 12, 2], "texture": "#side"},
				"south": {"uv": [6, 0, 12, 2], "texture": "#side"},
				"west": {"uv": [6, 0, 12, 2], "texture": "#side"},
				"up": {"uv": [0, 0, 6, 6], "texture": "#side"},
				"down": {"uv": [0, 0, 6, 6], "texture": "#side"}
			}
		}
	],
	"display": {},
	"groups": [0, 1, 2,
		{
			"name": "Drip",
			"origin": [8, 15, 16],
			"children": [3, 4]
		}
	]
}