{
	"credit": "Made with Blockbench",
	"parent": "block/block",
	"ambientocclusion": false,
	"textures": {
		"side": "block/chorus_flower",
		"top": "block/chorus_flower_top",
		"bottom": "block/chorus_flower_bottom",
		"inside": "block/chorus_flower_inside",
		"particle": "block/chorus_flower_top"
	},
	"elements": [
		{
			"name": "Cap",
			"from": [0, 2, 0],
			"to": [16, 16, 16],
			"rotation": {"angle": 0, "axis": "y", "origin": [8, 7.5, 8]},
			"faces": {
				"north": {"uv": [0, 0, 16, 14], "texture": "#side"},
				"east": {"uv": [0, 0, 16, 14], "texture": "#side"},
				"south": {"uv": [0, 0, 16, 14], "texture": "#side"},
				"west": {"uv": [0, 0, 16, 14], "texture": "#side"},
				"up": {"uv": [0, 0, 16, 16], "texture": "#top"},
				"down": {"uv": [0, 0, 16, 16], "texture": "#bottom"}
			}
		},
		{
			"name": "Gill",
			"from": [2, 0, 2],
			"to": [14, 2, 14],
			"faces": {
				"north": {"uv": [2, 14, 14, 16], "texture": "#inside"},
				"east": {"uv": [2, 14, 14, 16], "texture": "#inside"},
				"south": {"uv": [2, 14, 14, 16], "texture": "#inside"},
				"west": {"uv": [2, 14, 14, 16], "texture": "#inside"},
				"down": {"uv": [14, 14, 2, 2], "texture": "#inside"}
			}
		}
	]
}