{
	"credit": "Made with Blockbench, Modeler: DMTHGM",
	"ambientocclusion": false,
	"textures": {
		"all": "block/mossball",
		"particle": "block/mossball"
	},
	"elements": [
		{
			"name": "ball",
			"from": [4, 4, 12],
			"to": [8, 8, 16],
			"rotation": {"angle": 0, "axis": "y", "origin": [6, 6.5, 14]},
			"faces": {
				"north": {"uv": [0, 4, 4, 8], "texture": "#all"},
				"east": {"uv": [0, 4, 4, 8], "texture": "#all"},
				"south": {"uv": [0, 4, 4, 8], "texture": "#all"},
				"west": {"uv": [0, 4, 4, 8], "texture": "#all"},
				"up": {"uv": [0, 0, 4, 4], "texture": "#all"},
				"down": {"uv": [0, 0, 4, 4], "texture": "#all"}
			}
		},
		{
			"name": "ball",
			"from": [7, 9, 14],
			"to": [10, 12, 16],
			"rotation": {"angle": 0, "axis": "y", "origin": [9, 10.5, 15]},
			"faces": {
				"north": {"uv": [1, 5, 4, 8], "texture": "#all"},
				"east": {"uv": [1, 5, 3, 8], "texture": "#all"},
				"south": {"uv": [1, 5, 4, 8], "texture": "#all"},
				"west": {"uv": [1, 5, 3, 8], "texture": "#all"},
				"up": {"uv": [1, 2, 4, 4], "texture": "#all"},
				"down": {"uv": [1, 2, 4, 4], "texture": "#all"}
			}
		},
		{
			"name": "ball",
			"from": [9, 5, 14],
			"to": [12, 8, 16],
			"rotation": {"angle": 0, "axis": "y", "origin": [11, 6.5, 15]},
			"faces": {
				"north": {"uv": [1, 5, 4, 8], "texture": "#all"},
				"east": {"uv": [1, 5, 3, 8], "texture": "#all"},
				"south": {"uv": [1, 5, 4, 8], "texture": "#all"},
				"west": {"uv": [1, 5, 3, 8], "texture": "#all"},
				"up": {"uv": [1, 2, 4, 4], "texture": "#all"},
				"down": {"uv": [1, 2, 4, 4], "texture": "#all"}
			}
		}
	]
}