{
	"credit": "Made with Blockbench, Modeler: DMTHGM",
	"ambientocclusion": false,
	"textures": {
		"top": "block/wires/comparator_top",
		"side": "block/wires/comparator_side",
		"bulb": "block/wires/repeater_bulb",
		"particle": "block/wires/comparator_top"
	},
	"elements": [
		{
			"from": [0, 0, 0],
			"to": [16, 2, 16],
			"rotation": {"angle": 0, "axis": "y", "origin": [8, 1, 8]},
			"faces": {
				"north": {"uv": [0, 7, 16, 9], "texture": "#side"},
				"east": {"uv": [0, 0, 16, 2], "texture": "#side"},
				"south": {"uv": [0, 14, 16, 16], "texture": "#side"},
				"west": {"uv": [0, 0, 16, 2], "texture": "#side"},
				"up": {"uv": [0, 0, 16, 16], "texture": "#top"},
				"down": {"uv": [0, 0, 16, 16], "texture": "#top", "cullface": "down"}
			}
		},
		{
			"from": [3, 2, 14],
			"to": [13, 6, 16],
			"rotation": {"angle": 0, "axis": "y", "origin": [8, 2, 15]},
			"faces": {
				"north": {"uv": [3, 10, 13, 14], "texture": "#side"},
				"east": {"uv": [13, 10, 15, 14], "texture": "#side"},
				"south": {"uv": [3, 10, 13, 14], "texture": "#side"},
				"west": {"uv": [1, 10, 3, 14], "texture": "#side"},
				"up": {"uv": [3, 9, 13, 11], "texture": "#side"}
			}
		},
		{
			"from": [5, 2, 0],
			"to": [11, 4, 6],
			"rotation": {"angle": 0, "axis": "y", "origin": [8, 3, 3]},
			"faces": {
				"north": {"uv": [5, 5, 11, 7], "texture": "#side"},
				"east": {"uv": [0, 0, 6, 2], "texture": "#side"},
				"south": {"uv": [0, 0, 6, 2], "texture": "#side"},
				"west": {"uv": [0, 0, 6, 2], "texture": "#side"},
				"up": {"uv": [5, 0, 11, 6], "texture": "#top"}
			}
		},
		{
			"from": [10, 1, 6],
			"to": [12, 6, 8],
			"rotation": {"angle": -45, "axis": "z", "origin": [11, 2, 7]},
			"faces": {
				"north": {"uv": [0, 2, 2, 7], "texture": "#side"},
				"east": {"uv": [0, 2, 2, 7], "texture": "#side"},
				"south": {"uv": [0, 2, 2, 7], "texture": "#side"},
				"west": {"uv": [0, 2, 2, 7], "texture": "#side"},
				"up": {"uv": [2, 2, 4, 4], "texture": "#side"}
			}
		},
		{
			"from": [4, 1, 6],
			"to": [6, 6, 8],
			"rotation": {"angle": 45, "axis": "z", "origin": [5, 2, 7]},
			"faces": {
				"north": {"uv": [0, 2, 2, 7], "texture": "#side"},
				"east": {"uv": [0, 2, 2, 7], "texture": "#side"},
				"south": {"uv": [0, 2, 2, 7], "texture": "#side"},
				"west": {"uv": [0, 2, 2, 7], "texture": "#side"},
				"up": {"uv": [2, 2, 4, 4], "texture": "#side"}
			}
		},
		{
			"name": "bulb",
			"from": [2, 2, 1],
			"to": [4, 3, 3],
			"rotation": {"angle": 0, "axis": "y", "origin": [3, 2.5, 2]},
			"faces": {
				"north": {"uv": [0, 2, 2, 3], "texture": "#bulb"},
				"east": {"uv": [0, 2, 2, 3], "texture": "#bulb"},
				"south": {"uv": [0, 2, 2, 3], "texture": "#bulb"},
				"west": {"uv": [0, 2, 2, 3], "texture": "#bulb"},
				"up": {"uv": [0, 0, 2, 2], "texture": "#bulb"}
			}
		},
		{
			"name": "bulb",
			"from": [12, 2, 1],
			"to": [14, 3, 3],
			"rotation": {"angle": 0, "axis": "y", "origin": [13, 2.5, 2]},
			"faces": {
				"north": {"uv": [0, 2, 2, 3], "texture": "#bulb"},
				"east": {"uv": [0, 2, 2, 3], "texture": "#bulb"},
				"south": {"uv": [0, 2, 2, 3], "texture": "#bulb"},
				"west": {"uv": [0, 2, 2, 3], "texture": "#bulb"},
				"up": {"uv": [0, 0, 2, 2], "texture": "#bulb"}
			}
		}
	],
	"groups": [0, 1, 2,
		{
			"name": "quartz",
			"origin": [9, 2, 7],
			"children": [3, 4]
		},
		{
			"name": "bulbs",
			"origin": [0, 0, 0],
			"children": [5, 6]
		}
	]
}