{
	"credit": "Made with Blockbench",
	"ambientocclusion": false,
	"textures": {
		"0": "block/kelp",
		"1": "block/kelp_flower",
		"2": "block/kelp_fruit",
		"particle": "block/kelp"
	},
	"elements": [
		{
			"from": [0.8, 0, 8],
			"to": [15.2, 16, 8],
			"shade": false,
			"rotation": {"angle": 45, "axis": "y", "origin": [8, 8, 8], "rescale": true},
			"faces": {
				"north": {"uv": [0, 0, 16, 16], "texture": "#0"},
				"south": {"uv": [0, 0, 16, 16], "texture": "#0"}
			}
		},
		{
			"from": [8, 0, 0.8],
			"to": [8, 16, 15.2],
			"shade": false,
			"rotation": {"angle": 45, "axis": "y", "origin": [8, 8, 8], "rescale": true},
			"faces": {
				"east": {"uv": [0, 0, 16, 16], "texture": "#0"},
				"west": {"uv": [0, 0, 16, 16], "texture": "#0"}
			}
		},
		{
			"from": [5, 12, 5],
			"to": [11, 18, 11],
			"faces": {
				"north": {"uv": [0, 6, 6, 12], "texture": "#2"},
				"east": {"uv": [6, 6, 12, 12], "texture": "#2"},
				"south": {"uv": [6, 6, 12, 12], "texture": "#2"},
				"west": {"uv": [0, 6, 6, 12], "texture": "#2"},
				"up": {"uv": [0, 0, 6, 6], "texture": "#2"},
				"down": {"uv": [6, 0, 12, 6], "texture": "#2"}
			}
		},
		{
			"from": [0, 13, 0],
			"to": [16, 13, 8],
			"rotation": {"angle": -22.5, "axis": "x", "origin": [8, 13, 8], "rescale": true},
			"faces": {
				"up": {"uv": [0, 0, 8, 16], "rotation": 90, "texture": "#1"},
				"down": {"uv": [8, 0, 16, 16], "rotation": 90, "texture": "#1"}
			}
		},
		{
			"from": [8, 13, 0],
			"to": [16, 13, 16],
			"rotation": {"angle": -22.5, "axis": "z", "origin": [8, 13, 8], "rescale": true},
			"faces": {
				"up": {"uv": [0, 0, 8, 16], "rotation": 180, "texture": "#1"},
				"down": {"uv": [8, 0, 16, 16], "texture": "#1"}
			}
		},
		{
			"from": [0, 13, 0],
			"to": [8, 13, 16],
			"rotation": {"angle": 22.5, "axis": "z", "origin": [8, 13, 8], "rescale": true},
			"faces": {
				"up": {"uv": [0, 0, 8, 16], "texture": "#1"},
				"down": {"uv": [8, 0, 16, 16], "rotation": 180, "texture": "#1"}
			}
		},
		{
			"from": [0, 13, 8],
			"to": [16, 13, 16],
			"rotation": {"angle": 22.5, "axis": "x", "origin": [8, 13, 8], "rescale": true},
			"faces": {
				"up": {"uv": [8, 0, 16, 16], "rotation": 90, "texture": "#1"},
				"down": {"uv": [8, 0, 16, 16], "rotation": 270, "texture": "#1"}
			}
		}
	],
	"groups": [
		{
			"name": "cross",
			"origin": [8, 8, 8],
			"color": 0,
			"children": [0, 1]
		}, 2,
		{
			"name": "flower",
			"origin": [8, 8, 8],
			"color": 0,
			"children": [3, 4, 5, 6]
		}
	]
}