{
	"credit": "Made with Blockbench",
	"ambientocclusion": false,
	"textures": {
		"0": "block/kelp",
		"1": "block/kelp_flower",
		"particle": "block/kelp"
	},
	"elements": [
		{
			"from": [0.8, 0, 8],
			"to": [15.2, 16, 8],
			"shade": false,
			"rotation": {"angle": 45, "axis": "y", "origin": [8, 8, 8], "rescale": true},
			"faces": {
				"north": {"uv": [0, 0, 16, 16], "texture": "#0"},
				"south": {"uv": [0, 0, 16, 16], "texture": "#0"}
			}
		},
		{
			"from": [8, 0, 0.8],
			"to": [8, 16, 15.2],
			"shade": false,
			"rotation": {"angle": 45, "axis": "y", "origin": [8, 8, 8], "rescale": true},
			"faces": {
				"east": {"uv": [0, 0, 16, 16], "texture": "#0"},
				"west": {"uv": [0, 0, 16, 16], "texture": "#0"}
			}
		},
		{
			"from": [0, 13, 0],
			"to": [16, 13, 16],
			"rotation": {"angle": 22.5, "axis": "z", "origin": [8, 13, 8], "rescale": true},
			"faces": {
				"up": {"uv": [0, 0, 16, 16], "texture": "#1"},
				"down": {"uv": [0, 0, 16, 16], "texture": "#1"}
			}
		},
		{
			"from": [0, 13, 0],
			"to": [16, 13, 16],
			"rotation": {"angle": -22.5, "axis": "x", "origin": [8, 13, 8], "rescale": true},
			"faces": {
				"up": {"uv": [0, 0, 16, 16], "rotation": 90, "texture": "#1"},
				"down": {"uv": [0, 0, 16, 16], "rotation": 90, "texture": "#1"}
			}
		}
	],
	"groups": [
		{
			"name": "cross",
			"origin": [8, 8, 8],
			"children": [0, 1]
		}, 2, 3]
}