{
	"credit": "Made with Blockbench, Modeler: DMTHGM",
	"textures": {
		"0": "block/lightning_rod_on",
		"particle": "block/lightning_rod_on"
	},
	"elements": [
		{
			"name": "Cluster",
			"from": [6, 0, 6],
			"to": [10, 16, 10],
			"rotation": {"angle": 0, "axis": "x", "origin": [8, -1, 8]},
			"faces": {
				"north": {"uv": [9, 0, 13, 16], "texture": "#0"},
				"east": {"uv": [9, 0, 13, 16], "texture": "#0"},
				"south": {"uv": [9, 0, 13, 16], "texture": "#0"},
				"west": {"uv": [9, 0, 13, 16], "texture": "#0"},
				"up": {"uv": [0, 0, 4, 4], "texture": "#0"},
				"down": {"uv": [4, 0, 8, 4], "texture": "#0"}
			}
		},
		{
			"name": "Cluster",
			"from": [5, -1, 8],
			"to": [8, 7, 11],
			"rotation": {"angle": 22.5, "axis": "z", "origin": [7, -2, 10]},
			"faces": {
				"north": {"uv": [13, 8, 16, 16], "texture": "#0"},
				"east": {"uv": [13, 8, 16, 16], "texture": "#0"},
				"south": {"uv": [13, 8, 16, 16], "texture": "#0"},
				"west": {"uv": [13, 8, 16, 16], "texture": "#0"},
				"up": {"uv": [0, 4, 3, 7], "texture": "#0"},
				"down": {"uv": [4, 4, 7, 7], "texture": "#0"}
			}
		},
		{
			"name": "Cluster",
			"from": [8, -1, 8],
			"to": [11, 7, 11],
			"rotation": {"angle": 22.5, "axis": "x", "origin": [10, -2, 10]},
			"faces": {
				"north": {"uv": [13, 8, 16, 16], "texture": "#0"},
				"east": {"uv": [13, 8, 16, 16], "texture": "#0"},
				"south": {"uv": [13, 8, 16, 16], "texture": "#0"},
				"west": {"uv": [13, 8, 16, 16], "texture": "#0"},
				"up": {"uv": [0, 4, 3, 7], "texture": "#0"},
				"down": {"uv": [4, 4, 7, 7], "texture": "#0"}
			}
		},
		{
			"name": "Cluster",
			"from": [5, -1, 5],
			"to": [8, 7, 8],
			"rotation": {"angle": -22.5, "axis": "x", "origin": [7, -2, 7]},
			"faces": {
				"north": {"uv": [13, 8, 16, 16], "texture": "#0"},
				"east": {"uv": [13, 8, 16, 16], "texture": "#0"},
				"south": {"uv": [13, 8, 16, 16], "texture": "#0"},
				"west": {"uv": [13, 8, 16, 16], "texture": "#0"},
				"up": {"uv": [0, 4, 3, 7], "texture": "#0"},
				"down": {"uv": [4, 4, 7, 7], "texture": "#0"}
			}
		},
		{
			"name": "Cluster",
			"from": [8, -1, 5],
			"to": [11, 7, 8],
			"rotation": {"angle": -22.5, "axis": "z", "origin": [10, -2, 7]},
			"faces": {
				"north": {"uv": [13, 8, 16, 16], "texture": "#0"},
				"east": {"uv": [13, 8, 16, 16], "texture": "#0"},
				"south": {"uv": [13, 8, 16, 16], "texture": "#0"},
				"west": {"uv": [13, 8, 16, 16], "texture": "#0"},
				"up": {"uv": [0, 4, 3, 7], "texture": "#0"},
				"down": {"uv": [4, 4, 7, 7], "texture": "#0"}
			}
		}
	]
}