{
	"credit": "Made with Blockbench",
	"textures": {
		"2": "block/wires/carnelium_resonator_side",
		"4": "block/wires/carnelium_resonator_top",
		"5": "block/wires/carnelium_resonator_crystal",
		"particle": "block/wires/carnelium_resonator_top"
	},
	"elements": [
		{
			"name": "Main",
			"from": [0, 0, 0],
			"to": [16, 8, 16],
			"rotation": {"angle": 0, "axis": "y", "origin": [8, 4, 8]},
			"faces": {
				"north": {"uv": [0, 8, 16, 16], "texture": "#2"},
				"east": {"uv": [0, 8, 16, 16], "texture": "#2"},
				"south": {"uv": [0, 8, 16, 16], "texture": "#2"},
				"west": {"uv": [0, 8, 16, 16], "texture": "#2"},
				"up": {"uv": [0, 0, 16, 16], "texture": "#4"},
				"down": {"uv": [0, 0, 16, 16], "texture": "#4"}
			}
		},
		{
			"name": "Crystal",
			"from": [5, 10, 5],
			"to": [11, 16, 11],
			"rotation": {"angle": 0, "axis": "y", "origin": [8, 13, 8]},
			"faces": {
				"north": {"uv": [6, 0, 12, 6], "texture": "#5"},
				"east": {"uv": [6, 0, 12, 6], "texture": "#5"},
				"south": {"uv": [6, 0, 12, 6], "texture": "#5"},
				"west": {"uv": [6, 0, 12, 6], "texture": "#5"},
				"up": {"uv": [6, 0, 12, 6], "texture": "#5"},
				"down": {"uv": [6, 0, 12, 6], "texture": "#5"}
			}
		},
		{
			"name": "Bulb",
			"from": [1, 8, 1],
			"to": [3, 10, 3],
			"rotation": {"angle": 0, "axis": "y", "origin": [2, 9, 2]},
			"faces": {
				"north": {"uv": [2, 6, 4, 8], "texture": "#2"},
				"east": {"uv": [2, 6, 4, 8], "texture": "#2"},
				"south": {"uv": [2, 6, 4, 8], "texture": "#2"},
				"west": {"uv": [2, 6, 4, 8], "texture": "#2"},
				"up": {"uv": [2, 4, 4, 6], "texture": "#2"},
				"down": {"uv": [2, 6, 4, 8], "texture": "#2"}
			}
		},
		{
			"name": "Bulb",
			"from": [1, 8, 13],
			"to": [3, 10, 15],
			"rotation": {"angle": 0, "axis": "y", "origin": [2, 9, 14]},
			"faces": {
				"north": {"uv": [2, 6, 4, 8], "texture": "#2"},
				"east": {"uv": [2, 6, 4, 8], "texture": "#2"},
				"south": {"uv": [2, 6, 4, 8], "texture": "#2"},
				"west": {"uv": [2, 6, 4, 8], "texture": "#2"},
				"up": {"uv": [2, 4, 4, 6], "texture": "#2"},
				"down": {"uv": [2, 6, 4, 8], "texture": "#2"}
			}
		},
		{
			"name": "Bulb",
			"from": [13, 8, 13],
			"to": [15, 10, 15],
			"rotation": {"angle": 0, "axis": "y", "origin": [14, 9, 14]},
			"faces": {
				"north": {"uv": [2, 6, 4, 8], "texture": "#2"},
				"east": {"uv": [2, 6, 4, 8], "texture": "#2"},
				"south": {"uv": [2, 6, 4, 8], "texture": "#2"},
				"west": {"uv": [2, 6, 4, 8], "texture": "#2"},
				"up": {"uv": [2, 4, 4, 6], "texture": "#2"},
				"down": {"uv": [2, 6, 4, 8], "texture": "#2"}
			}
		},
		{
			"name": "Bulb",
			"from": [13, 8, 1],
			"to": [15, 10, 3],
			"rotation": {"angle": 0, "axis": "y", "origin": [14, 9, 2]},
			"faces": {
				"north": {"uv": [2, 6, 4, 8], "texture": "#2"},
				"east": {"uv": [2, 6, 4, 8], "texture": "#2"},
				"south": {"uv": [2, 6, 4, 8], "texture": "#2"},
				"west": {"uv": [2, 6, 4, 8], "texture": "#2"},
				"up": {"uv": [2, 4, 4, 6], "texture": "#2"},
				"down": {"uv": [2, 6, 4, 8], "texture": "#2"}
			}
		},
		{
			"from": [6, 8, 6],
			"to": [10, 10, 10],
			"rotation": {"angle": 0, "axis": "y", "origin": [6, 8, 6]},
			"faces": {
				"north": {"uv": [6, 6, 10, 8], "texture": "#2"},
				"east": {"uv": [6, 6, 10, 8], "texture": "#2"},
				"south": {"uv": [6, 6, 10, 8], "texture": "#2"},
				"west": {"uv": [6, 6, 10, 8], "texture": "#2"},
				"up": {"uv": [6, 4, 10, 8], "texture": "#2"},
				"down": {"uv": [6, 4, 10, 8], "texture": "#2"}
			}
		}
	]
}