{
	"credit": "Made with Blockbench",
	"textures": {
		"2": "block/wires/carnelium_resonator_side",
		"4": "block/wires/carnelium_resonator_top",
		"5": "block/wires/carnelium_resonator_crystal",
		"particle": "block/wires/carnelium_resonator_top"
	},
	"elements": [
		{
			"name": "Main",
			"from": [0, 0, 0],
			"to": [16, 8, 16],
			"faces": {
				"north": {"uv": [0, 8, 16, 16], "texture": "#2"},
				"east": {"uv": [0, 8, 16, 16], "texture": "#2"},
				"south": {"uv": [0, 8, 16, 16], "texture": "#2"},
				"west": {"uv": [0, 8, 16, 16], "texture": "#2"},
				"up": {"uv": [0, 0, 16, 16], "texture": "#4"},
				"down": {"uv": [0, 0, 16, 16], "texture": "#4"}
			}
		},
		{
			"name": "Crystal",
			"from": [5, 8, 5],
			"to": [11, 14, 11],
			"rotation": {"angle": 0, "axis": "y", "origin": [7, -0.5, 7]},
			"faces": {
				"north": {"uv": [0, 0, 6, 6], "texture": "#5"},
				"east": {"uv": [0, 0, 6, 6], "texture": "#5"},
				"south": {"uv": [0, 0, 6, 6], "texture": "#5"},
				"west": {"uv": [0, 0, 6, 6], "texture": "#5"},
				"up": {"uv": [0, 0, 6, 6], "texture": "#5"},
				"down": {"uv": [0, 0, 6, 6], "texture": "#5"}
			}
		},
		{
			"name": "Bulb",
			"from": [1, 8, 1],
			"to": [3, 10, 3],
			"rotation": {"angle": 0, "axis": "y", "origin": [2, 9, 2]},
			"faces": {
				"north": {"uv": [0, 6, 2, 8], "texture": "#2"},
				"east": {"uv": [0, 6, 2, 8], "texture": "#2"},
				"south": {"uv": [0, 6, 2, 8], "texture": "#2"},
				"west": {"uv": [0, 6, 2, 8], "texture": "#2"},
				"up": {"uv": [0, 4, 2, 6], "texture": "#2"},
				"down": {"uv": [0, 6, 2, 8], "texture": "#2"}
			}
		},
		{
			"name": "Bulb",
			"from": [1, 8, 13],
			"to": [3, 10, 15],
			"rotation": {"angle": 0, "axis": "y", "origin": [2, 9, 14]},
			"faces": {
				"north": {"uv": [0, 6, 2, 8], "texture": "#2"},
				"east": {"uv": [0, 6, 2, 8], "texture": "#2"},
				"south": {"uv": [0, 6, 2, 8], "texture": "#2"},
				"west": {"uv": [0, 6, 2, 8], "texture": "#2"},
				"up": {"uv": [0, 4, 2, 6], "texture": "#2"},
				"down": {"uv": [0, 6, 2, 8], "texture": "#2"}
			}
		},
		{
			"name": "Bulb",
			"from": [13, 8, 13],
			"to": [15, 10, 15],
			"rotation": {"angle": 0, "axis": "y", "origin": [14, 9, 14]},
			"faces": {
				"north": {"uv": [0, 6, 2, 8], "texture": "#2"},
				"east": {"uv": [0, 6, 2, 8], "texture": "#2"},
				"south": {"uv": [0, 6, 2, 8], "texture": "#2"},
				"west": {"uv": [0, 6, 2, 8], "texture": "#2"},
				"up": {"uv": [0, 4, 2, 6], "texture": "#2"},
				"down": {"uv": [0, 6, 2, 8], "texture": "#2"}
			}
		},
		{
			"name": "Bulb",
			"from": [13, 8, 1],
			"to": [15, 10, 3],
			"rotation": {"angle": 0, "axis": "y", "origin": [14, 9, 2]},
			"faces": {
				"north": {"uv": [0, 6, 2, 8], "texture": "#2"},
				"east": {"uv": [0, 6, 2, 8], "texture": "#2"},
				"south": {"uv": [0, 6, 2, 8], "texture": "#2"},
				"west": {"uv": [0, 6, 2, 8], "texture": "#2"},
				"up": {"uv": [0, 4, 2, 6], "texture": "#2"},
				"down": {"uv": [0, 6, 2, 8], "texture": "#2"}
			}
		}
	],
	"display": {
		"thirdperson_righthand": {
			"rotation": [75, 45, 0],
			"translation": [0, 2.5, 0],
			"scale": [0.375, 0.375, 0.375]
		},
		"thirdperson_lefthand": {
			"rotation": [75, 45, 0],
			"translation": [0, 2.5, 0],
			"scale": [0.375, 0.375, 0.375]
		},
		"firstperson_righthand": {
			"rotation": [0, 45, 0],
			"translation": [0, 2, 0],
			"scale": [0.4, 0.4, 0.4]
		},
		"firstperson_lefthand": {
			"rotation": [0, 225, 0],
			"translation": [0, 2, 0],
			"scale": [0.4, 0.4, 0.4]
		},
		"ground": {
			"translation": [0, 3, 0],
			"scale": [0.25, 0.25, 0.25]
		},
		"gui": {
			"rotation": [30, 225, 0],
			"scale": [0.625, 0.625, 0.625]
		},
		"head": {
			"translation": [0, 14.4, 0]
		},
		"fixed": {
			"scale": [0.5, 0.5, 0.5]
		}
	}
}