{
	"credit": "Made with Blockbench",
	"ambientocclusion": false,
	"textures": {
		"4": "block/cocoa_stage0_warped",
		"8": "block/cocoa_stage1_crimson",
		"particle": "block/cocoa_stage0"
	},
	"elements": [
		{
			"from": [4.5, 8, 9],
			"to": [11.5, 9, 16],
			"rotation": {"angle": 0, "axis": "y", "origin": [8, 8.5, 12.5]},
			"faces": {
				"north": {"uv": [9, 0, 16, 1], "texture": "#8"},
				"east": {"uv": [9, 0, 16, 1], "texture": "#8"},
				"south": {"uv": [9, 0, 16, 1], "texture": "#8"},
				"west": {"uv": [9, 0, 16, 1], "texture": "#8"},
				"up": {"uv": [0, 0, 7, 7], "texture": "#8"},
				"down": {"uv": [0, 9, 7, 16], "rotation": 180, "texture": "#8"}
			}
		},
		{
			"from": [2.5, 6, 12],
			"to": [7.5, 7, 16],
			"rotation": {"angle": 0, "axis": "y", "origin": [5, 6.5, 14]},
			"faces": {
				"north": {"uv": [11, 0, 16, 1], "texture": "#4"},
				"east": {"uv": [11, 0, 15, 1], "texture": "#4"},
				"south": {"uv": [0, 0, 5, 1], "texture": "#4"},
				"west": {"uv": [12, 0, 16, 1], "texture": "#4"},
				"up": {"uv": [0, 0, 5, 4], "texture": "#4"},
				"down": {"uv": [0, 12, 5, 16], "rotation": 180, "texture": "#4"}
			}
		},
		{
			"from": [9.5, 4, 12],
			"to": [14.5, 5, 16],
			"rotation": {"angle": 0, "axis": "y", "origin": [12, 4.5, 14]},
			"faces": {
				"north": {"uv": [11, 0, 16, 1], "texture": "#4"},
				"east": {"uv": [11, 0, 15, 1], "texture": "#4"},
				"south": {"uv": [0, 0, 5, 1], "texture": "#4"},
				"west": {"uv": [12, 0, 16, 1], "texture": "#4"},
				"up": {"uv": [0, 0, 5, 4], "texture": "#4"},
				"down": {"uv": [0, 12, 5, 16], "rotation": 180, "texture": "#4"}
			}
		}
	],
	"groups": [
		{
			"name": "cocoa_stage1",
			"origin": [8, 8, 8],
			"children": [
				{
					"name": "group",
					"origin": [8, 10.5, 11.5],
					"children": [0, 1, 2]
				}
			]
		}
	]
}