{
	"credit": "Made with Blockbench",
	"parent": "block/block",
	"textures": {
		"particle": "block/spectre_roots",
		"all": "block/spectre_roots"
	},
	"elements": [
		{
			"name": "main",
			"from": [6, 0, 6],
			"to": [10, 2, 10],
			"rotation": {"angle": 0, "axis": "y", "origin": [14, 6, 16]},
			"faces": {
				"north": {"uv": [0, 2, 4, 4], "texture": "#all"},
				"east": {"uv": [0, 2, 4, 4], "texture": "#all"},
				"south": {"uv": [0, 2, 4, 4], "texture": "#all"},
				"west": {"uv": [0, 2, 4, 4], "texture": "#all"},
				"up": {"uv": [8, 0, 12, 4], "texture": "#all"},
				"down": {"uv": [4, 0, 8, 4], "texture": "#all"}
			}
		},
		{
			"from": [4, 2, 8],
			"to": [12, 14, 8],
			"rotation": {"angle": -45, "axis": "y", "origin": [8, 8, 8]},
			"faces": {
				"north": {"uv": [0, 4, 8, 16], "texture": "#all"},
				"east": {"uv": [0, 0, 0, 13], "texture": "#missing"},
				"south": {"uv": [0, 4, 8, 16], "texture": "#all"},
				"west": {"uv": [0, 0, 0, 13], "texture": "#missing"},
				"up": {"uv": [0, 0, 12, 0], "texture": "#missing"},
				"down": {"uv": [0, 0, 12, 0], "texture": "#missing"}
			}
		},
		{
			"from": [4, 2, 8],
			"to": [12, 14, 8],
			"rotation": {"angle": 45, "axis": "y", "origin": [8, 8, 8]},
			"faces": {
				"north": {"uv": [0, 4, 8, 16], "texture": "#all"},
				"east": {"uv": [0, 0, 0, 13], "texture": "#missing"},
				"south": {"uv": [0, 4, 8, 16], "texture": "#all"},
				"west": {"uv": [0, 0, 0, 13], "texture": "#missing"},
				"up": {"uv": [0, 0, 12, 0], "texture": "#missing"},
				"down": {"uv": [0, 0, 12, 0], "texture": "#missing"}
			}
		}
	],
	"groups": [
		{
			"name": "dead_sea_pickle",
			"origin": [8, 8, 8],
			"children": [
				{
					"name": "root",
					"origin": [14, 8, 16],
					"children": [0, 1, 2]
				}
			]
		}
	]
}