{
	"credit": "Made with Blockbench",
	"parent": "block/block",
	"textures": {
		"particle": "block/spectre_roots",
		"all": "block/spectre_roots"
	},
	"elements": [
		{
			"name": "main",
			"from": [3, 0, 10],
			"to": [7, 2, 14],
			"rotation": {"angle": 0, "axis": "y", "origin": [11, 6, 20]},
			"faces": {
				"north": {"uv": [0, 2, 4, 4], "texture": "#all"},
				"east": {"uv": [0, 2, 4, 4], "texture": "#all"},
				"south": {"uv": [0, 2, 4, 4], "texture": "#all"},
				"west": {"uv": [0, 2, 4, 4], "texture": "#all"},
				"up": {"uv": [8, 0, 12, 4], "texture": "#all"},
				"down": {"uv": [4, 0, 8, 4], "texture": "#all"}
			}
		},
		{
			"from": [1, 2, 12],
			"to": [9, 14, 12],
			"rotation": {"angle": -45, "axis": "y", "origin": [5, 8, 12]},
			"faces": {
				"north": {"uv": [0, 4, 8, 16], "texture": "#all"},
				"east": {"uv": [0, 0, 0, 13], "texture": "#missing"},
				"south": {"uv": [0, 4, 8, 16], "texture": "#all"},
				"west": {"uv": [0, 0, 0, 13], "texture": "#missing"},
				"up": {"uv": [0, 0, 12, 0], "texture": "#missing"},
				"down": {"uv": [0, 0, 12, 0], "texture": "#missing"}
			}
		},
		{
			"from": [1, 2, 12],
			"to": [9, 14, 12],
			"rotation": {"angle": 45, "axis": "y", "origin": [5, 8, 12]},
			"faces": {
				"north": {"uv": [0, 4, 8, 16], "texture": "#all"},
				"east": {"uv": [0, 0, 0, 13], "texture": "#missing"},
				"south": {"uv": [0, 4, 8, 16], "texture": "#all"},
				"west": {"uv": [0, 0, 0, 13], "texture": "#missing"},
				"up": {"uv": [0, 0, 12, 0], "texture": "#missing"},
				"down": {"uv": [0, 0, 12, 0], "texture": "#missing"}
			}
		},
		{
			"name": "main",
			"from": [10, 0, 2],
			"to": [14, 2, 6],
			"rotation": {"angle": 0, "axis": "y", "origin": [18, 6, 12]},
			"faces": {
				"north": {"uv": [0, 2, 4, 4], "texture": "#all"},
				"east": {"uv": [0, 2, 4, 4], "texture": "#all"},
				"south": {"uv": [0, 2, 4, 4], "texture": "#all"},
				"west": {"uv": [0, 2, 4, 4], "texture": "#all"},
				"up": {"uv": [8, 0, 12, 4], "texture": "#all"},
				"down": {"uv": [4, 0, 8, 4], "texture": "#all"}
			}
		},
		{
			"from": [8, 2, 4],
			"to": [16, 14, 4],
			"rotation": {"angle": -45, "axis": "y", "origin": [12, 8, 4]},
			"faces": {
				"north": {"uv": [0, 4, 8, 16], "texture": "#all"},
				"east": {"uv": [0, 0, 0, 13], "texture": "#missing"},
				"south": {"uv": [0, 4, 8, 16], "texture": "#all"},
				"west": {"uv": [0, 0, 0, 13], "texture": "#missing"},
				"up": {"uv": [0, 0, 12, 0], "texture": "#missing"},
				"down": {"uv": [0, 0, 12, 0], "texture": "#missing"}
			}
		},
		{
			"from": [8, 2, 4],
			"to": [16, 14, 4],
			"rotation": {"angle": 45, "axis": "y", "origin": [12, 8, 4]},
			"faces": {
				"north": {"uv": [0, 4, 8, 16], "texture": "#all"},
				"east": {"uv": [0, 0, 0, 13], "texture": "#missing"},
				"south": {"uv": [0, 4, 8, 16], "texture": "#all"},
				"west": {"uv": [0, 0, 0, 13], "texture": "#missing"},
				"up": {"uv": [0, 0, 12, 0], "texture": "#missing"},
				"down": {"uv": [0, 0, 12, 0], "texture": "#missing"}
			}
		},
		{
			"name": "main",
			"from": [2, 0, 4],
			"to": [6, 1, 8],
			"rotation": {"angle": 0, "axis": "y", "origin": [10, 5, 14]},
			"faces": {
				"north": {"uv": [0, 3, 4, 4], "texture": "#all"},
				"east": {"uv": [0, 3, 4, 4], "texture": "#all"},
				"south": {"uv": [0, 3, 4, 4], "texture": "#all"},
				"west": {"uv": [0, 3, 4, 4], "texture": "#all"},
				"up": {"uv": [8, 0, 12, 4], "texture": "#all"},
				"down": {"uv": [4, 0, 8, 4], "texture": "#all"}
			}
		},
		{
			"from": [0, 1, 6],
			"to": [8, 13, 6],
			"rotation": {"angle": -45, "axis": "y", "origin": [4, 7, 6]},
			"faces": {
				"north": {"uv": [8, 4, 16, 16], "texture": "#all"},
				"east": {"uv": [0, 0, 0, 13], "texture": "#missing"},
				"south": {"uv": [8, 4, 16, 16], "texture": "#all"},
				"west": {"uv": [0, 0, 0, 13], "texture": "#missing"},
				"up": {"uv": [0, 0, 12, 0], "texture": "#missing"},
				"down": {"uv": [0, 0, 12, 0], "texture": "#missing"}
			}
		},
		{
			"from": [0, 1, 6],
			"to": [8, 13, 6],
			"rotation": {"angle": 45, "axis": "y", "origin": [4, 7, 6]},
			"faces": {
				"north": {"uv": [8, 4, 16, 16], "texture": "#all"},
				"east": {"uv": [0, 0, 0, 13], "texture": "#missing"},
				"south": {"uv": [8, 4, 16, 16], "texture": "#all"},
				"west": {"uv": [0, 0, 0, 13], "texture": "#missing"},
				"up": {"uv": [0, 0, 12, 0], "texture": "#missing"},
				"down": {"uv": [0, 0, 12, 0], "texture": "#missing"}
			}
		},
		{
			"name": "main",
			"from": [9, 0, 9],
			"to": [13, 1, 13],
			"rotation": {"angle": 0, "axis": "y", "origin": [17, 5, 19]},
			"faces": {
				"north": {"uv": [0, 3, 4, 4], "texture": "#all"},
				"east": {"uv": [0, 3, 4, 4], "texture": "#all"},
				"south": {"uv": [0, 3, 4, 4], "texture": "#all"},
				"west": {"uv": [0, 3, 4, 4], "texture": "#all"},
				"up": {"uv": [8, 0, 12, 4], "texture": "#all"},
				"down": {"uv": [4, 0, 8, 4], "texture": "#all"}
			}
		},
		{
			"from": [7, 1, 11],
			"to": [15, 13, 11],
			"rotation": {"angle": -45, "axis": "y", "origin": [11, 7, 11]},
			"faces": {
				"north": {"uv": [8, 4, 16, 16], "texture": "#all"},
				"east": {"uv": [0, 0, 0, 13], "texture": "#missing"},
				"south": {"uv": [8, 4, 16, 16], "texture": "#all"},
				"west": {"uv": [0, 0, 0, 13], "texture": "#missing"},
				"up": {"uv": [0, 0, 12, 0], "texture": "#missing"},
				"down": {"uv": [0, 0, 12, 0], "texture": "#missing"}
			}
		},
		{
			"from": [7, 1, 11],
			"to": [15, 13, 11],
			"rotation": {"angle": 45, "axis": "y", "origin": [11, 7, 11]},
			"faces": {
				"north": {"uv": [8, 4, 16, 16], "texture": "#all"},
				"east": {"uv": [0, 0, 0, 13], "texture": "#missing"},
				"south": {"uv": [8, 4, 16, 16], "texture": "#all"},
				"west": {"uv": [0, 0, 0, 13], "texture": "#missing"},
				"up": {"uv": [0, 0, 12, 0], "texture": "#missing"},
				"down": {"uv": [0, 0, 12, 0], "texture": "#missing"}
			}
		}
	],
	"groups": [
		{
			"name": "dead_sea_pickle",
			"origin": [8, 8, 8],
			"children": [
				{
					"name": "root",
					"origin": [14, 8, 16],
					"children": [0, 1, 2]
				},
				{
					"name": "root",
					"origin": [14, 8, 16],
					"children": [3, 4, 5]
				},
				{
					"name": "small_root",
					"origin": [14, 8, 16],
					"children": [6, 7, 8]
				},
				{
					"name": "small_root",
					"origin": [14, 8, 16],
					"children": [9, 10, 11]
				}
			]
		}
	]
}