{
	"credit": "Made with Blockbench",
	"ambientocclusion": false,
	"textures": {
		"all": "block/crimson_fungus",
		"particle": "item/crimson_fungus",
		"flowerpot": "block/flower_pot",
		"dirt": "block/netherrack"
	},
	"elements": [
		{
			"from": [5, 0, 5],
			"to": [6, 6, 11],
			"faces": {
				"north": {"uv": [10, 10, 11, 16], "texture": "#flowerpot"},
				"east": {"uv": [5, 10, 11, 16], "texture": "#flowerpot"},
				"south": {"uv": [5, 10, 6, 16], "texture": "#flowerpot"},
				"west": {"uv": [5, 10, 11, 16], "texture": "#flowerpot"},
				"up": {"uv": [5, 5, 6, 11], "texture": "#flowerpot"},
				"down": {"uv": [5, 5, 6, 11], "texture": "#flowerpot", "cullface": "down"}
			}
		},
		{
			"from": [10, 0, 5],
			"to": [11, 6, 11],
			"faces": {
				"north": {"uv": [5, 10, 6, 16], "texture": "#flowerpot"},
				"east": {"uv": [5, 10, 11, 16], "texture": "#flowerpot"},
				"south": {"uv": [10, 10, 11, 16], "texture": "#flowerpot"},
				"west": {"uv": [5, 10, 11, 16], "texture": "#flowerpot"},
				"up": {"uv": [10, 5, 11, 11], "texture": "#flowerpot"},
				"down": {"uv": [10, 5, 11, 11], "texture": "#flowerpot", "cullface": "down"}
			}
		},
		{
			"from": [6, 0, 5],
			"to": [10, 6, 6],
			"faces": {
				"north": {"uv": [6, 10, 10, 16], "texture": "#flowerpot"},
				"south": {"uv": [6, 10, 10, 16], "texture": "#flowerpot"},
				"up": {"uv": [6, 5, 10, 6], "texture": "#flowerpot"},
				"down": {"uv": [6, 10, 10, 11], "texture": "#flowerpot", "cullface": "down"}
			}
		},
		{
			"from": [6, 0, 10],
			"to": [10, 6, 11],
			"faces": {
				"north": {"uv": [6, 10, 10, 16], "texture": "#flowerpot"},
				"south": {"uv": [6, 10, 10, 16], "texture": "#flowerpot"},
				"up": {"uv": [6, 10, 10, 11], "texture": "#flowerpot"},
				"down": {"uv": [6, 5, 10, 6], "texture": "#flowerpot", "cullface": "down"}
			}
		},
		{
			"from": [6, 0, 6],
			"to": [10, 4, 10],
			"faces": {
				"up": {"uv": [6, 6, 10, 10], "texture": "#dirt"},
				"down": {"uv": [6, 12, 10, 16], "texture": "#flowerpot", "cullface": "down"}
			}
		},
		{
			"name": "cap",
			"from": [6, 14, 6],
			"to": [10, 15, 10],
			"rotation": {"angle": 0, "axis": "y", "origin": [16, 22, 13]},
			"faces": {
				"north": {"uv": [0, 6.5, 2, 7], "texture": "#all"},
				"east": {"uv": [0, 6.5, 2, 7], "texture": "#all"},
				"south": {"uv": [0, 6.5, 2, 7], "texture": "#all"},
				"west": {"uv": [0, 6.5, 2, 7], "texture": "#all"},
				"up": {"uv": [0, 4.5, 2, 6.5], "texture": "#all"},
				"down": {"uv": [0, 0, 6, 6], "texture": "#all"}
			}
		},
		{
			"name": "cap",
			"from": [5, 11, 5],
			"to": [11, 14, 11],
			"rotation": {"angle": 0, "axis": "y", "origin": [16, 19, 13]},
			"faces": {
				"north": {"uv": [0, 3, 3, 4.5], "texture": "#all"},
				"east": {"uv": [0, 3, 3, 4.5], "texture": "#all"},
				"south": {"uv": [0, 3, 3, 4.5], "texture": "#all"},
				"west": {"uv": [0, 3, 3, 4.5], "texture": "#all"},
				"up": {"uv": [0, 0, 3, 3], "texture": "#all"},
				"down": {"uv": [0, 0, 6, 6], "texture": "#all"}
			}
		},
		{
			"name": "arch",
			"from": [4, 9, 4],
			"to": [12, 11, 12],
			"rotation": {"angle": 0, "axis": "y", "origin": [15, 17, 16]},
			"faces": {
				"north": {"uv": [7, 4, 11, 5], "texture": "#all"},
				"east": {"uv": [7, 4, 11, 5], "texture": "#all"},
				"south": {"uv": [7, 4, 11, 5], "texture": "#all"},
				"west": {"uv": [7, 4, 11, 5], "texture": "#all"},
				"up": {"uv": [7, 0, 11, 4], "texture": "#all"},
				"down": {"uv": [3, 0, 7, 4], "texture": "#all"}
			}
		},
		{
			"name": "stem",
			"from": [7, 4, 7],
			"to": [9, 9, 9],
			"rotation": {"angle": 0, "axis": "y", "origin": [15, 12, 15]},
			"faces": {
				"north": {"uv": [4.5, 4, 5.5, 6.5], "texture": "#all"},
				"east": {"uv": [4.5, 4, 5.5, 6.5], "texture": "#all"},
				"south": {"uv": [4.5, 4, 5.5, 6.5], "texture": "#all"},
				"west": {"uv": [4.5, 4, 5.5, 6.5], "texture": "#all"},
				"up": {"uv": [4.5, 4, 5.5, 5], "texture": "#all"},
				"down": {"uv": [4.5, 4, 5.5, 5], "texture": "#all"}
			}
		}
	],
	"groups": [
		{
			"name": "flower_pot",
			"origin": [8, 8, 8],
			"children": [0, 1, 2, 3, 4]
		},
		{
			"name": "Crimson Fungus",
			"origin": [15, 8, 15],
			"children": [5, 6, 7, 8]
		}
	]
}