{
	"credit": "Made with Blockbench, Modeler: DMTHGM",
	"ambientocclusion": false,
	"textures": {
		"all": "block/mossball_stage1"
	},
	"elements": [
		{
			"name": "ball",
			"from": [5, 6, 10],
			"to": [11, 12, 16],
			"rotation": {"angle": 0, "axis": "y", "origin": [8, 9.5, 14]},
			"faces": {
				"north": {"uv": [0, 6, 6, 12], "texture": "#all"},
				"east": {"uv": [0, 6, 6, 12], "texture": "#all"},
				"south": {"uv": [0, 6, 6, 12], "texture": "#all"},
				"west": {"uv": [0, 6, 6, 12], "texture": "#all"},
				"up": {"uv": [0, 0, 6, 6], "texture": "#all"},
				"down": {"uv": [0, 0, 6, 6], "texture": "#all"}
			}
		},
		{
			"name": "cross",
			"from": [8, 1, 10],
			"to": [8, 7, 16],
			"shade": false,
			"rotation": {"angle": 45, "axis": "y", "origin": [8, 6.5, 13]},
			"faces": {
				"east": {"uv": [10, 10, 16, 16], "texture": "#all"},
				"west": {"uv": [16, 10, 10, 16], "texture": "#all"}
			}
		},
		{
			"name": "cross",
			"from": [5, 1, 13],
			"to": [11, 7, 13],
			"shade": false,
			"rotation": {"angle": 45, "axis": "y", "origin": [8, 6.5, 13]},
			"faces": {
				"north": {"uv": [10, 10, 16, 16], "texture": "#all"},
				"south": {"uv": [16, 10, 10, 16], "texture": "#all"}
			}
		}
	]
}