{
	"credit": "Made with Blockbench, Modeler: DMTHGM",
	"ambientocclusion": false,
	"textures": {
		"all": "block/mossball_stage0"
	},
	"elements": [
		{
			"name": "ball",
			"from": [6, 7, 12],
			"to": [10, 11, 16],
			"rotation": {"angle": 0, "axis": "y", "origin": [8, 9.5, 14]},
			"faces": {
				"north": {"uv": [0, 4, 4, 8], "texture": "#all"},
				"east": {"uv": [0, 4, 4, 8], "texture": "#all"},
				"south": {"uv": [0, 4, 4, 8], "texture": "#all"},
				"west": {"uv": [0, 4, 4, 8], "texture": "#all"},
				"up": {"uv": [0, 0, 4, 4], "texture": "#all"},
				"down": {"uv": [0, 0, 4, 4], "texture": "#all"}
			}
		},
		{
			"name": "cross",
			"from": [8, 3, 12],
			"to": [8, 7, 16],
			"rotation": {"angle": 45, "axis": "y", "origin": [8, 6.5, 14]},
			"shade": false,
			"faces": {
				"east": {"uv": [12, 12, 16, 16], "texture": "#all"},
				"west": {"uv": [16, 12, 12, 16], "texture": "#all"}
			}
		},
		{
			"name": "cross",
			"from": [6, 3, 14],
			"to": [10, 7, 14],
			"rotation": {"angle": 45, "axis": "y", "origin": [8, 6.5, 14]},
			"shade": false,
			"faces": {
				"north": {"uv": [16, 12, 12, 16], "texture": "#all"},
				"south": {"uv": [12, 12, 16, 16], "texture": "#all"}
			}
		}
	],
	"display": {}
}