{
	"credit": "Made with Blockbench, Modeler: DMTHGM",
	"ambientocclusion": false,
	"textures": {
		"all": "block/mossball_stage2"
	},
	"elements": [
		{
			"name": "ball",
			"from": [4, 4, 8],
			"to": [12, 12, 16],
			"rotation": {"angle": 0, "axis": "y", "origin": [7, 9.5, 14]},
			"faces": {
				"north": {"uv": [0, 8, 8, 16], "texture": "#all"},
				"east": {"uv": [0, 8, 8, 16], "texture": "#all"},
				"south": {"uv": [0, 8, 8, 16], "texture": "#all"},
				"west": {"uv": [0, 8, 8, 16], "texture": "#all"},
				"up": {"uv": [0, 0, 8, 8], "texture": "#all"},
				"down": {"uv": [0, 0, 8, 8], "texture": "#all"}
			}
		},
		{
			"name": "cross",
			"from": [8, -2, 8],
			"to": [8, 4, 16],
			"shade": false,
			"rotation": {"angle": 45, "axis": "y", "origin": [8, 3.5, 12]},
			"faces": {
				"east": {"uv": [8, 10, 16, 16], "texture": "#all"},
				"west": {"uv": [16, 10, 8, 16], "texture": "#all"}
			}
		},
		{
			"name": "cross",
			"from": [4, -2, 12],
			"to": [12, 4, 12],
			"shade": false,
			"rotation": {"angle": 45, "axis": "y", "origin": [8, 3.5, 12]},
			"faces": {
				"north": {"uv": [8, 10, 16, 16], "texture": "#all"},
				"south": {"uv": [16, 10, 8, 16], "texture": "#all"}
			}
		}
	],
	"display": {}
}