{
	"credit": "Made with Blockbench, Modeler: DMTHGM",
	"texture_size": [16, 32],
	"textures": {
		"all": "block/bamboo_small_leaves"
	},
	"elements": [
		{
			"from": [3, 13.001, 3],
			"to": [13, 16.001, 13],
			"faces": {
				"north": {"uv": [0, 14, 10, 15.5], "texture": "#all"},
				"east": {"uv": [0, 14, 10, 15.5], "texture": "#all"},
				"south": {"uv": [0, 14, 10, 15.5], "texture": "#all"},
				"west": {"uv": [0, 14, 10, 15.5], "texture": "#all"},
				"up": {"uv": [0, 0, 10, 5], "texture": "#all"},
				"down": {"uv": [0, 7, 10, 12], "texture": "#all"}
			}
		}
	]
}