{
	"credit": "Made with Blockbench",
	"parent": "block/block",
	"ambientocclusion": false,
	"textures": {
		"1": "block/chorus_flower_inside",
		"2": "block/chorus_flower_dead",
		"particle": "block/chorus_flower_dead"
	},
	"elements": [
		{
			"from": [2, 13.5, 2],
			"to": [14, 15.5, 14],
			"rotation": {"angle": 0, "axis": "y", "origin": [8, 7.5, 8]},
			"faces": {
				"north": {"uv": [2, 0, 14, 2], "texture": "#2"},
				"east": {"uv": [2, 0, 14, 2], "texture": "#2"},
				"south": {"uv": [2, 0, 14, 2], "texture": "#2"},
				"west": {"uv": [2, 0, 14, 2], "texture": "#2"},
				"up": {"uv": [2, 2, 14, 14], "texture": "#2"}
			}
		},
		{
			"from": [0, 2, 2],
			"to": [2, 14, 14],
			"faces": {
				"north": {"uv": [14, 2, 16, 14], "texture": "#2"},
				"south": {"uv": [0, 2, 2, 14], "texture": "#2"},
				"west": {"uv": [2, 2, 14, 14], "texture": "#2"},
				"up": {"uv": [0, 2, 2, 14], "texture": "#2"},
				"down": {"uv": [16, 14, 14, 2], "texture": "#2"}
			}
		},
		{
			"from": [2, 2, 0],
			"to": [14, 14, 2],
			"faces": {
				"north": {"uv": [2, 2, 14, 14], "texture": "#2"},
				"east": {"uv": [14, 2, 16, 14], "texture": "#2"},
				"west": {"uv": [0, 2, 2, 14], "texture": "#2"},
				"up": {"uv": [2, 0, 14, 2], "texture": "#2"},
				"down": {"uv": [14, 2, 2, 0], "texture": "#2"}
			}
		},
		{
			"from": [2, 2, 14],
			"to": [14, 14, 16],
			"faces": {
				"east": {"uv": [0, 2, 2, 14], "texture": "#2"},
				"south": {"uv": [2, 2, 14, 14], "texture": "#2"},
				"west": {"uv": [14, 2, 16, 14], "texture": "#2"},
				"up": {"uv": [2, 14, 14, 16], "texture": "#2"},
				"down": {"uv": [14, 16, 2, 14], "texture": "#2"}
			}
		},
		{
			"from": [14, 2, 2],
			"to": [16, 14, 14],
			"faces": {
				"north": {"uv": [0, 2, 2, 14], "texture": "#2"},
				"east": {"uv": [2, 2, 14, 14], "texture": "#2"},
				"south": {"uv": [14, 2, 16, 14], "texture": "#2"},
				"up": {"uv": [14, 2, 16, 14], "texture": "#2"},
				"down": {"uv": [2, 14, 0, 2], "texture": "#2"}
			}
		},
		{
			"from": [2, 0, 2],
			"to": [14, 14, 14],
			"faces": {
				"north": {"uv": [2, 2, 14, 16], "texture": "#1"},
				"east": {"uv": [2, 2, 14, 16], "texture": "#1"},
				"south": {"uv": [2, 2, 14, 16], "texture": "#1"},
				"west": {"uv": [2, 2, 14, 16], "texture": "#1"},
				"up": {"uv": [2, 2, 14, 14], "texture": "#1"},
				"down": {"uv": [14, 14, 2, 2], "texture": "#1"}
			}
		}
	],
	"groups": [
		{
			"name": "chorus_flower_dead",
			"origin": [8, 8, 8],
			"children": [0, 1, 2, 3, 4, 5]
		}
	]
}