{
	"credit": "Made with Blockbench",
	"parent": "block/block",
	"ambientocclusion": false,
	"textures": {
		"1": "block/chorus_flower_inside_item",
		"particle": "block/chorus_plant",
		"texture": "block/chorus_plant"
	},
	"elements": [
		{
			"from": [2, 0, 2],
			"to": [14, 16, 14],
			"faces": {
				"north": {"uv": [2, 0, 14, 16], "texture": "#texture"},
				"east": {"uv": [2, 0, 14, 16], "texture": "#texture"},
				"south": {"uv": [2, 0, 14, 16], "texture": "#texture"},
				"west": {"uv": [2, 0, 14, 16], "texture": "#texture"},
				"up": {"uv": [2, 2, 14, 14], "texture": "#1"},
				"down": {"uv": [14, 14, 2, 2], "texture": "#1"}
			}
		},
		{
			"from": [3, 1, 0],
			"to": [13, 11, 4],
			"rotation": {"angle": 0, "axis": "y", "origin": [8, 6, 2]},
			"faces": {
				"north": {"uv": [0, 0, 12, 10], "texture": "#texture"},
				"east": {"uv": [12, 5, 16, 15], "rotation": 180, "texture": "#texture"},
				"south": {"uv": [0, 0, 12, 10], "texture": "#texture"},
				"west": {"uv": [0, 0, 4, 10], "texture": "#texture"},
				"up": {"uv": [0, 0, 12, 4], "texture": "#texture"},
				"down": {"uv": [0, 0, 12, 4], "texture": "#texture"}
			}
		},
		{
			"from": [3, 5, 11],
			"to": [13, 15, 15],
			"rotation": {"angle": 0, "axis": "y", "origin": [8, 10, 13]},
			"faces": {
				"north": {"uv": [0, 0, 12, 10], "texture": "#texture"},
				"east": {"uv": [12, 5, 16, 15], "rotation": 180, "texture": "#texture"},
				"south": {"uv": [0, 0, 12, 10], "texture": "#texture"},
				"west": {"uv": [0, 0, 4, 10], "texture": "#texture"},
				"up": {"uv": [0, 0, 12, 4], "texture": "#texture"},
				"down": {"uv": [0, 0, 12, 4], "texture": "#texture"}
			}
		},
		{
			"from": [12, 3, 3],
			"to": [16, 13, 13],
			"rotation": {"angle": 0, "axis": "y", "origin": [14, 8, 8]},
			"faces": {
				"north": {"uv": [12, 5, 16, 15], "rotation": 180, "texture": "#texture"},
				"east": {"uv": [0, 0, 12, 10], "texture": "#texture"},
				"south": {"uv": [0, 0, 4, 10], "texture": "#texture"},
				"west": {"uv": [0, 0, 12, 10], "texture": "#texture"},
				"up": {"uv": [0, 0, 12, 4], "rotation": 270, "texture": "#texture"},
				"down": {"uv": [0, 0, 12, 4], "rotation": 90, "texture": "#texture"}
			}
		},
		{
			"from": [1, 3, 3],
			"to": [5, 13, 13],
			"rotation": {"angle": 0, "axis": "y", "origin": [3, 8, 8]},
			"faces": {
				"north": {"uv": [12, 5, 16, 15], "rotation": 180, "texture": "#texture"},
				"east": {"uv": [0, 0, 12, 10], "texture": "#texture"},
				"south": {"uv": [0, 0, 4, 10], "texture": "#texture"},
				"west": {"uv": [0, 0, 12, 10], "texture": "#texture"},
				"up": {"uv": [0, 0, 12, 4], "rotation": 270, "texture": "#texture"},
				"down": {"uv": [0, 0, 12, 4], "rotation": 90, "texture": "#texture"}
			}
		}
	],
	"display": {
		"head": {
			"translation": [0, 2, 0],
			"scale": [1.1, 1.1, 1.1]
		}
	}
}