{
	"credit": "Made with Blockbench, Modeler: DMTHGM",
	"textures": {
		"particle": "item/crimson_fungus",
		"all": "block/crimson_fungus"
	},
	"elements": [
		{
			"name": "cap",
			"from": [5, 7, 5],
			"to": [11, 10, 11],
			"rotation": {"angle": 0, "axis": "y", "origin": [16, 15, 13]},
			"faces": {
				"north": {"uv": [0, 3, 3, 4.5], "texture": "#all"},
				"east": {"uv": [0, 3, 3, 4.5], "texture": "#all"},
				"south": {"uv": [0, 3, 3, 4.5], "texture": "#all"},
				"west": {"uv": [0, 3, 3, 4.5], "texture": "#all"},
				"up": {"uv": [0, 0, 3, 3], "texture": "#all"},
				"down": {"uv": [0, 0, 6, 6], "texture": "#missing"}
			}
		},
		{
			"name": "arch",
			"from": [4, 5, 4],
			"to": [12, 7, 12],
			"rotation": {"angle": 0, "axis": "y", "origin": [15, 13, 16]},
			"faces": {
				"north": {"uv": [7, 4, 11, 5], "texture": "#all"},
				"east": {"uv": [7, 4, 11, 5], "texture": "#all"},
				"south": {"uv": [7, 4, 11, 5], "texture": "#all"},
				"west": {"uv": [7, 4, 11, 5], "texture": "#all"},
				"up": {"uv": [7, 0, 11, 4], "texture": "#all"},
				"down": {"uv": [3, 0, 7, 4], "texture": "#all"}
			}
		},
		{
			"name": "stem",
			"from": [7, 0, 7],
			"to": [9, 5, 9],
			"rotation": {"angle": 0, "axis": "y", "origin": [15, 8, 15]},
			"faces": {
				"north": {"uv": [4.5, 4, 5.5, 6.5], "texture": "#all"},
				"east": {"uv": [4.5, 4, 5.5, 6.5], "texture": "#all"},
				"south": {"uv": [4.5, 4, 5.5, 6.5], "texture": "#all"},
				"west": {"uv": [4.5, 4, 5.5, 6.5], "texture": "#all"},
				"up": {"uv": [4.5, 4, 5.5, 5], "texture": "#all"},
				"down": {"uv": [4.5, 4, 5.5, 5], "texture": "#all"}
			}
		}
	]
}