{
	"credit": "Made with Blockbench",
	"texture_size": [32, 16],
	"textures": {
		"particle": "#particle"
	},
	"elements": [
		{
			"from": [9, 0, 9],
			"to": [15, 4, 15],
			"rotation": {"angle": 0, "axis": "y", "origin": [8.5, 3.66667, 8.75]},
			"faces": {
				"north": {"uv": [0, 12, 3, 16], "texture": "#all"},
				"east": {"uv": [0, 12, 3, 16], "texture": "#all"},
				"south": {"uv": [0, 12, 3, 16], "texture": "#all"},
				"west": {"uv": [0, 12, 3, 16], "texture": "#all"},
				"up": {"uv": [13, 0, 16, 6], "texture": "#all"},
				"down": {"uv": [13, 6, 16, 12], "texture": "#all"}
			}
		},
		{
			"from": [4, 0, 10],
			"to": [8, 9, 14],
			"rotation": {"angle": 0, "axis": "y", "origin": [8.5, 3.66667, 8.75]},
			"faces": {
				"north": {"uv": [3, 7, 5, 16], "texture": "#all"},
				"east": {"uv": [3, 7, 5, 16], "texture": "#all"},
				"south": {"uv": [3, 7, 5, 16], "texture": "#all"},
				"west": {"uv": [3, 7, 5, 16], "texture": "#all"},
				"up": {"uv": [13.5, 1, 15.5, 5], "texture": "#all"},
				"down": {"uv": [13.5, 7, 15.5, 11], "texture": "#all"}
			}
		},
		{
			"from": [2, 0, 5],
			"to": [6, 6, 10],
			"rotation": {"angle": 0, "axis": "y", "origin": [8.5, 3.66667, 8.75]},
			"faces": {
				"north": {"uv": [3, 10, 5, 16], "texture": "#all"},
				"east": {"uv": [3, 7, 5, 16], "texture": "#all"},
				"south": {"uv": [3, 10, 5, 16], "texture": "#all"},
				"west": {"uv": [5, 10, 7.5, 16], "texture": "#all"},
				"up": {"uv": [13.5, 1, 15.5, 5], "texture": "#all"},
				"down": {"uv": [13.5, 7, 15.5, 11], "texture": "#all"}
			}
		},
		{
			"from": [10, 0, 5],
			"to": [14, 9, 9],
			"rotation": {"angle": 0, "axis": "y", "origin": [8.5, 3.66667, 8.75]},
			"faces": {
				"north": {"uv": [3, 7, 5, 16], "texture": "#all"},
				"east": {"uv": [3, 7, 5, 16], "texture": "#all"},
				"south": {"uv": [3, 7, 5, 16], "texture": "#all"},
				"west": {"uv": [3, 7, 5, 16], "texture": "#all"},
				"up": {"uv": [13.5, 1, 15.5, 5], "texture": "#all"},
				"down": {"uv": [13.5, 7, 15.5, 11], "texture": "#all"}
			}
		},
		{
			"from": [6, 0, 6],
			"to": [12, 12, 12],
			"rotation": {"angle": 0, "axis": "y", "origin": [8.5, 3.66667, 8.75]},
			"faces": {
				"north": {"uv": [0, 4, 3, 16], "texture": "#all"},
				"east": {"uv": [0, 4, 3, 16], "texture": "#all"},
				"south": {"uv": [0, 4, 3, 16], "texture": "#all"},
				"west": {"uv": [0, 4, 3, 16], "texture": "#all"},
				"up": {"uv": [13, 0, 16, 6], "texture": "#all"},
				"down": {"uv": [13, 6, 16, 12], "texture": "#all"}
			}
		},
		{
			"from": [5, 0, 2],
			"to": [11, 4, 8],
			"rotation": {"angle": 0, "axis": "y", "origin": [8.5, 3.66667, 8.75]},
			"faces": {
				"north": {"uv": [0, 12, 3, 16], "texture": "#all"},
				"east": {"uv": [0, 12, 3, 16], "texture": "#all"},
				"south": {"uv": [0, 12, 3, 16], "texture": "#all"},
				"west": {"uv": [0, 12, 3, 16], "texture": "#all"},
				"up": {"uv": [13, 0, 16, 6], "texture": "#all"},
				"down": {"uv": [13, 6, 16, 12], "texture": "#all"}
			}
		}
	],
	"display": {
		"thirdperson_righthand": {
			"rotation": [75, 45, 0],
			"translation": [0, 2.5, 0],
			"scale": [0.375, 0.375, 0.375]
		},
		"thirdperson_lefthand": {
			"rotation": [75, 45, 0],
			"translation": [0, 2.5, 0],
			"scale": [0.375, 0.375, 0.375]
		},
		"firstperson_righthand": {
			"rotation": [0, 45, 0],
			"translation": [-1, 2, 0],
			"scale": [0.4, 0.4, 0.4]
		},
		"firstperson_lefthand": {
			"rotation": [0, 225, 0],
			"translation": [-1, 2, 0],
			"scale": [0.4, 0.4, 0.4]
		},
		"ground": {
			"scale": [0.25, 0.25, 0.25]
		},
		"gui": {
			"rotation": [30, 225, 0],
			"translation": [1, 1, 0],
			"scale": [0.725, 0.725, 0.725]
		},
		"head": {
			"translation": [0, 12.5, 0],
			"scale": [0.8, 0.8, 0.8]
		},
		"fixed": {
			"scale": [0.5, 0.5, 0.5]
		}
	}
}