{
  "variants": {
    "axis=x": [
      {
        "model": "minecraft:block/cobbled_deepslate",
        "x": 90,
        "y": 90
      },
      {
        "model": "minecraft:block/cobbled_deepslate_mirrored",
        "x": 90,
        "y": 90
      },
      {
        "model": "minecraft:block/cobbled_deepslate",
        "y": 90,
        "x": 90
      },
      {
        "model": "minecraft:block/cobbled_deepslate_mirrored",
        "y": 90,
        "x": 90
      }
    ],
    "axis=y": [
      {
        "model": "minecraft:block/cobbled_deepslate"
      },
      {
        "model": "minecraft:block/cobbled_deepslate_mirrored"
      },
      {
        "model": "minecraft:block/cobbled_deepslate",
        "y": 180
      },
      {
        "model": "minecraft:block/cobbled_deepslate_mirrored",
        "y": 180
      }
    ],
    "axis=z": [
      {
        "model": "minecraft:block/cobbled_deepslate",
        "x": 90
      },
      {
        "model": "minecraft:block/cobbled_deepslate_mirrored",
        "x": 90
      },
      {
        "model": "minecraft:block/cobbled_deepslate",
        "y": 180,
        "x": 90
      },
      {
        "model": "minecraft:block/cobbled_deepslate_mirrored",
        "y": 180,
        "x": 90
      }
    ]
  }
}