{
	"credit": "Made with Blockbench, Modeler: DMTHGM",
	"texture_size": [16, 32],
	"textures": {
		"all": "block/bamboo_large_leaves",
		"particle": "block/bamboo_particle"
	},
	"elements": [
		{
			"from": [1, 12.001, 1],
			"to": [15, 16.001, 15],
			"faces": {
				"north": {"uv": [0, 14, 14, 16], "texture": "#all"},
				"east": {"uv": [0, 14, 14, 16], "texture": "#all"},
				"south": {"uv": [0, 14, 14, 16], "texture": "#all"},
				"west": {"uv": [0, 14, 14, 16], "texture": "#all"},
				"up": {"uv": [0, 0, 14, 7], "texture": "#all"},
				"down": {"uv": [0, 7, 14, 14], "texture": "#all"}
			}
		}
	]
}