{
	"credit": "Made with Blockbench, Modeler: DMTHGM",
	"textures": {
		"particle": "block/bamboo_stalk",
		"all": "block/bamboo_stalk"
	},
	"elements": [
		{
			"from": [7, 0, 7],
			"to": [9, 16, 9],
			"faces": {
				"north": {"uv": [0, 0, 3, 16], "texture": "#all"},
				"east": {"uv": [0, 0, 2, 16], "texture": "#all"},
				"south": {"uv": [0, 0, 2, 16], "texture": "#all"},
				"west": {"uv": [0, 0, 2, 16], "texture": "#all"},
				"down": {"uv": [14, 4, 16, 6], "texture": "#all", "cullface": "up"}
			}
		}
	]
}