{
	"credit": "Made with Blockbench, Modeler: DMTHGM",
	"parent": "block/tinted_cross",
	"ambientocclusion": false,
	"textures": {
		"all": "block/bamboo_sapling",
		"particle": "block/bamboo_particle"
	},
	"elements": [
		{
			"from": [7, 0, 7],
			"to": [9, 8, 9],
			"rotation": {"angle": 0, "axis": "y", "origin": [15, 8, 15]},
			"faces": {
				"north": {"uv": [11, 8, 13, 16], "texture": "#all"},
				"east": {"uv": [11, 8, 13, 16], "texture": "#all"},
				"south": {"uv": [11, 8, 13, 16], "texture": "#all"},
				"west": {"uv": [11, 8, 13, 16], "texture": "#all"},
				"up": {"uv": [11, 8, 13, 10], "texture": "#all"},
				"down": {"uv": [11, 8, 13, 10], "texture": "#all"}
			}
		},
		{
			"from": [4, 8, 4],
			"to": [12, 11, 12],
			"rotation": {"angle": 0, "axis": "y", "origin": [16, 20.75, 16]},
			"faces": {
				"north": {"uv": [0, 8, 8, 11], "texture": "#all"},
				"east": {"uv": [0, 8, 8, 11], "texture": "#all"},
				"south": {"uv": [0, 8, 8, 11], "texture": "#all"},
				"west": {"uv": [0, 8, 8, 11], "texture": "#all"},
				"up": {"uv": [0, 0, 8, 8], "texture": "#all"},
				"down": {"uv": [8, 0, 16, 8], "texture": "#all"}
			}
		}
	]
}