{
	"credit": "Made with Blockbench",
	"parent": "block/block",
	"ambientocclusion": false,
	"textures": {
		"cap": "block/potted_cactus_head",
		"spikes": "block/potted_cactus_spikes",
		"flowerpot": "block/flower_pot",
		"dirt": "block/netherrack",
		"bottom": "block/cactus_bottom",
		"particle": "block/cactus_side",
		"side": "block/cactus_side"
	},
	"elements": [
		{
			"from": [5, 0, 5],
			"to": [6, 6, 11],
			"faces": {
				"north": {"uv": [10, 10, 11, 16], "texture": "#flowerpot"},
				"east": {"uv": [5, 10, 11, 16], "texture": "#flowerpot"},
				"south": {"uv": [5, 10, 6, 16], "texture": "#flowerpot"},
				"west": {"uv": [5, 10, 11, 16], "texture": "#flowerpot"},
				"up": {"uv": [5, 5, 6, 11], "texture": "#flowerpot"},
				"down": {"uv": [5, 5, 6, 11], "texture": "#flowerpot", "cullface": "down"}
			}
		},
		{
			"from": [10, 0, 5],
			"to": [11, 6, 11],
			"faces": {
				"north": {"uv": [5, 10, 6, 16], "texture": "#flowerpot"},
				"east": {"uv": [5, 10, 11, 16], "texture": "#flowerpot"},
				"south": {"uv": [10, 10, 11, 16], "texture": "#flowerpot"},
				"west": {"uv": [5, 10, 11, 16], "texture": "#flowerpot"},
				"up": {"uv": [10, 5, 11, 11], "texture": "#flowerpot"},
				"down": {"uv": [10, 5, 11, 11], "texture": "#flowerpot", "cullface": "down"}
			}
		},
		{
			"from": [6, 0, 5],
			"to": [10, 6, 6],
			"faces": {
				"north": {"uv": [6, 10, 10, 16], "texture": "#flowerpot"},
				"south": {"uv": [6, 10, 10, 16], "texture": "#flowerpot"},
				"up": {"uv": [6, 5, 10, 6], "texture": "#flowerpot"},
				"down": {"uv": [6, 10, 10, 11], "texture": "#flowerpot", "cullface": "down"}
			}
		},
		{
			"from": [6, 0, 10],
			"to": [10, 6, 11],
			"faces": {
				"north": {"uv": [6, 10, 10, 16], "texture": "#flowerpot"},
				"south": {"uv": [6, 10, 10, 16], "texture": "#flowerpot"},
				"up": {"uv": [6, 10, 10, 11], "texture": "#flowerpot"},
				"down": {"uv": [6, 5, 10, 6], "texture": "#flowerpot", "cullface": "down"}
			}
		},
		{
			"from": [6, 0, 6],
			"to": [10, 4, 10],
			"faces": {
				"up": {"uv": [6, 6, 10, 10], "texture": "#dirt"},
				"down": {"uv": [6, 12, 10, 16], "texture": "#flowerpot", "cullface": "down"}
			}
		},
		{
			"name": "stem",
			"from": [6, 1, 6],
			"to": [10, 17, 10],
			"rotation": {"angle": 0, "axis": "y", "origin": [12, 9, 12]},
			"faces": {
				"north": {"uv": [6, 0, 10, 16], "texture": "#side"},
				"east": {"uv": [6, 0, 10, 16], "texture": "#side"},
				"south": {"uv": [6, 0, 10, 16], "texture": "#side"},
				"west": {"uv": [6, 0, 10, 16], "texture": "#side"},
				"down": {"uv": [4, 4, 12, 12], "texture": "#bottom"}
			}
		},
		{
			"from": [5, 15, 5],
			"to": [11, 17, 11],
			"rotation": {"angle": 0, "axis": "y", "origin": [14, 37, 8]},
			"faces": {
				"north": {"uv": [0, 6, 6, 8], "texture": "#cap"},
				"east": {"uv": [0, 6, 6, 8], "texture": "#cap"},
				"south": {"uv": [0, 6, 6, 8], "texture": "#cap"},
				"west": {"uv": [0, 6, 6, 8], "texture": "#cap"},
				"up": {"uv": [0, 0, 6, 6], "texture": "#cap"},
				"down": {"uv": [6, 0, 12, 6], "texture": "#cap"}
			}
		},
		{
			"from": [3, 11, 7],
			"to": [9, 13, 13],
			"rotation": {"angle": 0, "axis": "y", "origin": [12, 33, 10]},
			"faces": {
				"north": {"uv": [0, 6, 6, 8], "texture": "#cap"},
				"east": {"uv": [0, 6, 6, 8], "texture": "#cap"},
				"south": {"uv": [0, 6, 6, 8], "texture": "#cap"},
				"west": {"uv": [0, 6, 6, 8], "texture": "#cap"},
				"up": {"uv": [0, 0, 6, 6], "texture": "#cap"},
				"down": {"uv": [6, 0, 12, 6], "texture": "#cap"}
			}
		},
		{
			"from": [7, 8, 3],
			"to": [13, 10, 9],
			"rotation": {"angle": 0, "axis": "y", "origin": [16, 30, 6]},
			"faces": {
				"north": {"uv": [0, 6, 6, 8], "texture": "#cap"},
				"east": {"uv": [0, 6, 6, 8], "texture": "#cap"},
				"south": {"uv": [0, 6, 6, 8], "texture": "#cap"},
				"west": {"uv": [0, 6, 6, 8], "texture": "#cap"},
				"up": {"uv": [0, 0, 6, 6], "texture": "#cap"},
				"down": {"uv": [6, 0, 12, 6], "texture": "#cap"}
			}
		},
		{
			"from": [0, 1, 8],
			"to": [16, 17, 8],
			"rotation": {"angle": 0, "axis": "y", "origin": [8, 9, 8]},
			"faces": {
				"north": {"uv": [0, 0, 16, 16], "texture": "#spikes"},
				"east": {"uv": [0, 0, 0, 16], "texture": "#missing"},
				"south": {"uv": [0, 0, 16, 16], "texture": "#spikes"},
				"west": {"uv": [0, 0, 0, 16], "texture": "#missing"},
				"up": {"uv": [0, 0, 16, 0], "texture": "#missing"},
				"down": {"uv": [0, 0, 16, 0], "texture": "#missing"}
			}
		},
		{
			"from": [8, 1, 0],
			"to": [8, 17, 16],
			"rotation": {"angle": 0, "axis": "y", "origin": [8, 9, 8]},
			"faces": {
				"north": {"uv": [0, 0, 0, 16], "texture": "#missing"},
				"east": {"uv": [0, 0, 16, 16], "texture": "#spikes"},
				"south": {"uv": [0, 0, 0, 16], "texture": "#missing"},
				"west": {"uv": [0, 0, 16, 16], "texture": "#spikes"},
				"up": {"uv": [0, 0, 16, 0], "rotation": 90, "texture": "#missing"},
				"down": {"uv": [0, 0, 16, 0], "rotation": 270, "texture": "#missing"}
			}
		},
		{
			"from": [8, 1, 0],
			"to": [8, 17, 16],
			"rotation": {"angle": 45, "axis": "y", "origin": [8, 9, 8]},
			"faces": {
				"north": {"uv": [0, 0, 0, 16], "texture": "#missing"},
				"east": {"uv": [0, 0, 16, 16], "texture": "#spikes"},
				"south": {"uv": [0, 0, 0, 16], "texture": "#missing"},
				"west": {"uv": [0, 0, 16, 16], "texture": "#spikes"},
				"up": {"uv": [0, 0, 16, 0], "rotation": 90, "texture": "#missing"},
				"down": {"uv": [0, 0, 16, 0], "rotation": 270, "texture": "#missing"}
			}
		},
		{
			"from": [0, 1, 8],
			"to": [16, 17, 8],
			"rotation": {"angle": 45, "axis": "y", "origin": [8, 9, 8]},
			"faces": {
				"north": {"uv": [0, 0, 16, 16], "texture": "#spikes"},
				"east": {"uv": [0, 0, 0, 16], "texture": "#missing"},
				"south": {"uv": [0, 0, 16, 16], "texture": "#spikes"},
				"west": {"uv": [0, 0, 0, 16], "texture": "#missing"},
				"up": {"uv": [0, 0, 16, 0], "texture": "#missing"},
				"down": {"uv": [0, 0, 16, 0], "texture": "#missing"}
			}
		}
	],
	"display": {
		"thirdperson_righthand": {
			"rotation": [75, 45, 0],
			"translation": [0, 2.5, 0],
			"scale": [0.375, 0.375, 0.375]
		},
		"thirdperson_lefthand": {
			"rotation": [75, 45, 0],
			"translation": [0, 2.5, 0],
			"scale": [0.375, 0.375, 0.375]
		},
		"firstperson_righthand": {
			"rotation": [0, 45, 0],
			"scale": [0.4, 0.4, 0.4]
		},
		"firstperson_lefthand": {
			"rotation": [0, 225, 0],
			"scale": [0.4, 0.4, 0.4]
		},
		"ground": {
			"translation": [0, 3, 0],
			"scale": [0.25, 0.25, 0.25]
		},
		"gui": {
			"rotation": [30, -45, 0],
			"scale": [0.625, 0.625, 0.625]
		},
		"head": {
			"translation": [0, 13.5, 0]
		},
		"fixed": {
			"scale": [0.5, 0.5, 0.5]
		}
	},
	"groups": [
		{
			"name": "flower_pot",
			"origin": [8, 8, 8],
			"children": [0, 1, 2, 3, 4]
		},
		{
			"name": "cactus",
			"origin": [8, 8, 8],
			"children": [5,
				{
					"name": "cap",
					"origin": [8, 8, 8],
					"children": [6, 7, 8]
				},
				{
					"name": "thorn",
					"origin": [8, 8, 8],
					"children": [9, 10, 11, 12]
				}
			]
		}
	]
}