{
	"credit": "Made with Blockbench, Modeler: DMTHGM",
	"ambientocclusion": false,
	"textures": {
		"particle": "#stem"
	},
	"elements": [
		{
			"name": "Leaves",
			"from": [0, -1, 8],
			"to": [16, 7, 8],
			"rotation": {"angle": 45, "axis": "y", "origin": [8, 8, 8], "rescale": true},
			"faces": {
				"north": {"uv": [0, 8, 16, 16], "texture": "#leaves"},
				"east": {"uv": [0, 0, 0, 0], "texture": "#leaves"},
				"south": {"uv": [16, 8, 0, 16], "texture": "#leaves"},
				"west": {"uv": [0, 0, 0, 0], "texture": "#leaves"},
				"up": {"uv": [0, 0, 0, 0], "texture": "#leaves"},
				"down": {"uv": [0, 0, 0, 0], "texture": "#leaves"}
			}
		},
		{
			"name": "Leaves",
			"from": [8, -1, 0],
			"to": [8, 7, 16],
			"rotation": {"angle": 45, "axis": "y", "origin": [8, 8, 8], "rescale": true},
			"faces": {
				"north": {"uv": [0, 0, 0, 0], "texture": "#leaves"},
				"east": {"uv": [16, 8, 0, 16], "texture": "#leaves"},
				"south": {"uv": [0, 0, 0, 0], "texture": "#leaves"},
				"west": {"uv": [0, 8, 16, 16], "texture": "#leaves"},
				"up": {"uv": [0, 0, 0, 0], "texture": "#leaves"},
				"down": {"uv": [0, 0, 0, 0], "texture": "#leaves"}
			}
		},
		{
			"name": "Stem",
			"from": [0, -1, 8],
			"to": [16, 15, 8],
			"faces": {
				"north": {"uv": [0, 0, 16, 16], "texture": "#stem"},
				"east": {"uv": [0, 0, 0, 0], "texture": "#stem"},
				"south": {"uv": [16, 0, 0, 16], "texture": "#stem"},
				"west": {"uv": [0, 0, 0, 0], "texture": "#stem"},
				"up": {"uv": [0, 0, 0, 0], "texture": "#stem"},
				"down": {"uv": [0, 0, 0, 0], "texture": "#stem"}
			}
		}
	]
}