{
	"credit": "Made with Blockbench",
	"textures": {
		"0": "block/seamoss_layer1",
		"1": "block/seamoss_layer0",
		"2": "block/seamoss_layer2",
		"particle": "block/seamoss_layer1",
		"1_2": "block/tall_seamoss_bottom"
	},
	"elements": [
		{
			"from": [0, 1, 0],
			"to": [16, 1, 16],
			"faces": {
				"up": {"uv": [0, 0, 16, 16], "texture": "#1"},
				"down": {"uv": [16, 0, 0, 16], "rotation": 180, "texture": "#1"}
			}
		},
		{
			"from": [0, 2, 0],
			"to": [16, 2, 16],
			"faces": {
				"up": {"uv": [0, 0, 16, 16], "texture": "#0"},
				"down": {"uv": [16, 0, 0, 16], "rotation": 180, "texture": "#0"}
			}
		},
		{
			"from": [1, 0, 2],
			"to": [9, 7, 10],
			"rotation": {"angle": 0, "axis": "y", "origin": [8, 8, 4]},
			"faces": {
				"north": {"uv": [0, 8, 8, 16], "texture": "#2"},
				"east": {"uv": [0, 8, 8, 16], "texture": "#2"},
				"south": {"uv": [0, 8, 8, 16], "texture": "#2"},
				"west": {"uv": [0, 8, 8, 16], "texture": "#2"},
				"up": {"uv": [0, 8, 8, 16], "texture": "#2"}
			}
		},
		{
			"from": [8, 0, 8],
			"to": [14, 6, 14],
			"rotation": {"angle": 0, "axis": "y", "origin": [8, 8, 9]},
			"faces": {
				"north": {"uv": [0, 0, 6, 6], "texture": "#2"},
				"east": {"uv": [0, 0, 6, 6], "texture": "#2"},
				"south": {"uv": [0, 0, 6, 6], "texture": "#2"},
				"west": {"uv": [0, 0, 6, 6], "texture": "#2"},
				"up": {"uv": [0, 0, 6, 6], "texture": "#2"}
			}
		},
		{
			"from": [11, 0, 4],
			"to": [15, 4, 8],
			"rotation": {"angle": 0, "axis": "y", "origin": [8, 8, 9]},
			"faces": {
				"north": {"uv": [6, 0, 10, 4], "texture": "#2"},
				"east": {"uv": [6, 0, 10, 4], "texture": "#2"},
				"south": {"uv": [6, 0, 10, 4], "texture": "#2"},
				"west": {"uv": [6, 0, 10, 4], "texture": "#2"},
				"up": {"uv": [6, 0, 10, 4], "texture": "#2"}
			}
		},
		{
			"from": [0, 0, 8],
			"to": [16, 16, 8],
			"rotation": {"angle": 45, "axis": "y", "origin": [8, 8, 8], "rescale": true},
			"faces": {
				"north": {"uv": [0, 0, 16, 16], "texture": "#1_2"},
				"south": {"uv": [0, 0, 16, 16], "texture": "#1_2"}
			}
		},
		{
			"from": [0, 0, 8],
			"to": [16, 16, 8],
			"rotation": {"angle": -45, "axis": "y", "origin": [8, 8, 8], "rescale": true},
			"faces": {
				"north": {"uv": [0, 0, 16, 16], "texture": "#1_2"},
				"south": {"uv": [0, 0, 16, 16], "texture": "#1_2"}
			}
		}
	],
	"groups": [0, 1, 2, 3, 4,
		{
			"name": "tall_seamoss_bottom",
			"origin": [8, 8, 8],
			"children": [5, 6]
		}
	]
}