{
    "type": "minecraft:decorated",
    "config": {
      "decorator": {
        "type": "minecraft:count_multilayer",
        "config": {
          "count": 16
        }
      },
      "feature": {
        "type": "minecraft:random_patch",
        "config": {
          "can_replace": false,
          "project": false,
          "need_water": true,
          "xspread": 4,
          "yspread": 0,
          "zspread": 4,
          "tries": 20,
          "state_provider": {
            "type": "minecraft:simple_state_provider",
            "state": {
              "Name": "minecraft:sugar_cane",
              "Properties": {
                "age": "0"
              }
            }
          },
          "block_placer": {
            "type": "minecraft:column_placer",
            "size": {
              "type": "minecraft:biased_to_bottom",
              "value": {
                "min_inclusive": 2,
                "max_inclusive": 4
              }
            }
          },
          "whitelist": [],
          "blacklist": []
        }
      }
    }
  }