{
    "__comment": "Made with TheDestruc7i0n's advancements generator: https://advancements.thedestruc7i0n.ca",
    "display": {
        "title": {
            "text": "Fly me to the Moon"
        },
        "description": {
            "text": "Description"
        },
        "icon": {
            "item": "minecraft:anvil"
        },
        "frame": "task",
        "show_toast": true,
        "announce_to_chat": true,
        "hidden": false
    },
    "criteria": {},
    "parent": "adventure:adv6"
}