{
    "__comment": "Made with TheDestruc7i0n's advancements generator: https://advancements.thedestruc7i0n.ca",
    "display": {
        "title": {
            "text": "Shot to the Heart"
        },
        "description": {
            "text": "Description"
        },
        "icon": {
            "item": "minecraft:heart_of_the_sea"
        },
        "frame": "challenge",
        "show_toast": true,
        "announce_to_chat": true,
        "hidden": false
    },
    "criteria": {},
    "parent": "adventure:adv5"
}