{
    "__comment": "Made with TheDestruc7i0n's advancements generator: https://advancements.thedestruc7i0n.ca",
    "display": {
        "title": {
            "text": "Enter the Inferno",
            "color": "dark_red",
            "bold": true
        },
        "description": {
            "text": "Abandon all hope, ye who enter here.",
            "color": "dark_red"
        },
        "icon": {
            "item": "minecraft:golden_helmet"
        },
        "frame": "task",
        "show_toast": true,
        "announce_to_chat": true,
        "hidden": false,
        "background": "minecraft:textures/gui/advancements/backgrounds/stone.png"
    },
    "criteria": {}
}